2025-04-04 00:11:30: 
2025-04-04 00:11:30: > service_provider@1.0.0 dev
2025-04-04 00:11:30: > cross-env NODE_ENV=development nodemon --watch 'src/**/*.ts' --exec 'ts-node' src/index.ts
2025-04-04 00:11:30: 
2025-04-04 00:11:30: [33m[nodemon] 3.1.9[39m
2025-04-04 00:11:30: [33m[nodemon] to restart at any time, enter `rs`[39m
2025-04-04 00:11:30: [33m[nodemon] watching path(s): src/**/*.ts[39m
2025-04-04 00:11:30: [33m[nodemon] watching extensions: ts[39m
2025-04-04 00:11:30: [32m[nodemon] starting `ts-node src/index.ts`[39m
2025-04-04 00:11:31: Certificate lengths: { config: 1044, meta: 1044 }
2025-04-04 00:11:31: ✅ Certificates match perfectly
2025-04-04 00:11:31: Full IDP Certificate Length: 1115
2025-04-04 00:11:31: Full SP Certificate Length: 1115
2025-04-04 00:11:31: SP Private Key Length: 1700
2025-04-04 00:11:31: Service Provider is up and running on 8000
2025-04-04 00:11:32: 
2025-04-04 00:11:32: > service_provider@1.0.0 dev
2025-04-04 00:11:32: > cross-env NODE_ENV=development nodemon --watch 'src/**/*.ts' --exec 'ts-node' src/index.ts
2025-04-04 00:11:32: 
2025-04-04 00:11:32: [33m[nodemon] 3.1.9[39m
2025-04-04 00:11:32: [33m[nodemon] to restart at any time, enter `rs`[39m
2025-04-04 00:11:32: [33m[nodemon] watching path(s): src/**/*.ts[39m
2025-04-04 00:11:32: [33m[nodemon] watching extensions: ts[39m
2025-04-04 00:11:32: [32m[nodemon] starting `ts-node src/index.ts`[39m
2025-04-04 00:11:33: Certificate lengths: { config: 1044, meta: 1044 }
2025-04-04 00:11:33: ✅ Certificates match perfectly
2025-04-04 00:11:33: Full IDP Certificate Length: 1115
2025-04-04 00:11:33: Full SP Certificate Length: 1115
2025-04-04 00:11:33: SP Private Key Length: 1700
2025-04-04 00:11:33: Service Provider is up and running on 8000
2025-04-04 00:11:41: ::ffff:127.0.0.1 - - [03/Apr/2025:23:11:41 +0000] "GET /saml/sp/metada HTTP/1.1" 404 153 "-" "insomnia/11.0.2"
2025-04-04 00:11:43: ::ffff:127.0.0.1 - - [03/Apr/2025:23:11:43 +0000] "GET /saml/sp/metada HTTP/1.1" 404 153 "-" "insomnia/11.0.2"
2025-04-04 00:11:52: ::ffff:127.0.0.1 - - [03/Apr/2025:23:11:52 +0000] "GET /saml/sp/metadata HTTP/1.1" 200 3033 "-" "insomnia/11.0.2"
2025-04-04 00:12:58: [32m[nodemon] restarting due to changes...[39m
2025-04-04 00:12:58: [32m[nodemon] starting `ts-node src/index.ts`[39m
2025-04-04 00:12:59: 
2025-04-04 00:12:59: > service_provider@1.0.0 dev
2025-04-04 00:12:59: > cross-env NODE_ENV=development nodemon --watch 'src/**/*.ts' --exec 'ts-node' src/index.ts
2025-04-04 00:12:59: 
2025-04-04 00:12:59: [33m[nodemon] 3.1.9[39m
2025-04-04 00:12:59: [33m[nodemon] to restart at any time, enter `rs`[39m
2025-04-04 00:12:59: [33m[nodemon] watching path(s): src/**/*.ts[39m
2025-04-04 00:12:59: [33m[nodemon] watching extensions: ts[39m
2025-04-04 00:12:59: [32m[nodemon] starting `ts-node src/index.ts`[39m
2025-04-04 00:13:00: Certificate lengths: { config: 1044, meta: 1044 }
2025-04-04 00:13:00: ✅ Certificates match perfectly
2025-04-04 00:13:00: Full IDP Certificate Length: 1115
2025-04-04 00:13:00: Full SP Certificate Length: 1115
2025-04-04 00:13:00: SP Private Key Length: 1700
2025-04-04 00:13:03: [31m[nodemon] app crashed - waiting for file changes before starting...[39m
2025-04-04 00:13:03: 
2025-04-04 00:13:03: > service_provider@1.0.0 dev
2025-04-04 00:13:03: > cross-env NODE_ENV=development nodemon --watch 'src/**/*.ts' --exec 'ts-node' src/index.ts
2025-04-04 00:13:03: 
2025-04-04 00:13:04: [33m[nodemon] 3.1.9[39m
2025-04-04 00:13:04: [33m[nodemon] to restart at any time, enter `rs`[39m
2025-04-04 00:13:04: [33m[nodemon] watching path(s): src/**/*.ts[39m
2025-04-04 00:13:04: [33m[nodemon] watching extensions: ts[39m
2025-04-04 00:13:04: [32m[nodemon] starting `ts-node src/index.ts`[39m
2025-04-04 00:13:05: Certificate lengths: { config: 1044, meta: 1044 }
2025-04-04 00:13:05: ✅ Certificates match perfectly
2025-04-04 00:13:05: Full IDP Certificate Length: 1115
2025-04-04 00:13:05: Full SP Certificate Length: 1115
2025-04-04 00:13:05: SP Private Key Length: 1700
2025-04-04 00:13:08: [31m[nodemon] app crashed - waiting for file changes before starting...[39m
2025-04-04 00:13:08: [32m[nodemon] restarting due to changes...[39m
2025-04-04 00:13:08: [32m[nodemon] starting `ts-node src/index.ts`[39m
2025-04-04 00:13:08: 
2025-04-04 00:13:08: > service_provider@1.0.0 dev
2025-04-04 00:13:08: > cross-env NODE_ENV=development nodemon --watch 'src/**/*.ts' --exec 'ts-node' src/index.ts
2025-04-04 00:13:08: 
2025-04-04 00:13:08: [33m[nodemon] 3.1.9[39m
2025-04-04 00:13:08: [33m[nodemon] to restart at any time, enter `rs`[39m
2025-04-04 00:13:08: [33m[nodemon] watching path(s): src/**/*.ts[39m
2025-04-04 00:13:08: [33m[nodemon] watching extensions: ts[39m
2025-04-04 00:13:08: [32m[nodemon] starting `ts-node src/index.ts`[39m
2025-04-04 00:13:12: [31m[nodemon] app crashed - waiting for file changes before starting...[39m
2025-04-04 00:13:13: 
2025-04-04 00:13:13: > service_provider@1.0.0 dev
2025-04-04 00:13:13: > cross-env NODE_ENV=development nodemon --watch 'src/**/*.ts' --exec 'ts-node' src/index.ts
2025-04-04 00:13:13: 
2025-04-04 00:13:13: [33m[nodemon] 3.1.9[39m
2025-04-04 00:13:13: [33m[nodemon] to restart at any time, enter `rs`[39m
2025-04-04 00:13:13: [33m[nodemon] watching path(s): src/**/*.ts[39m
2025-04-04 00:13:13: [33m[nodemon] watching extensions: ts[39m
2025-04-04 00:13:13: [32m[nodemon] starting `ts-node src/index.ts`[39m
2025-04-04 00:13:13: [32m[nodemon] restarting due to changes...[39m
2025-04-04 00:13:13: [32m[nodemon] starting `ts-node src/index.ts`[39m
2025-04-04 00:13:14: 
2025-04-04 00:13:14: > service_provider@1.0.0 dev
2025-04-04 00:13:14: > cross-env NODE_ENV=development nodemon --watch 'src/**/*.ts' --exec 'ts-node' src/index.ts
2025-04-04 00:13:14: 
2025-04-04 00:13:14: [33m[nodemon] 3.1.9[39m
2025-04-04 00:13:14: [33m[nodemon] to restart at any time, enter `rs`[39m
2025-04-04 00:13:14: [33m[nodemon] watching path(s): src/**/*.ts[39m
2025-04-04 00:13:14: [33m[nodemon] watching extensions: ts[39m
2025-04-04 00:13:14: [32m[nodemon] starting `ts-node src/index.ts`[39m
2025-04-04 00:13:18: [31m[nodemon] app crashed - waiting for file changes before starting...[39m
2025-04-04 00:13:18: 
2025-04-04 00:13:18: > service_provider@1.0.0 dev
2025-04-04 00:13:18: > cross-env NODE_ENV=development nodemon --watch 'src/**/*.ts' --exec 'ts-node' src/index.ts
2025-04-04 00:13:18: 
2025-04-04 00:13:18: [33m[nodemon] 3.1.9[39m
2025-04-04 00:13:18: [33m[nodemon] to restart at any time, enter `rs`[39m
2025-04-04 00:13:18: [33m[nodemon] watching path(s): src/**/*.ts[39m
2025-04-04 00:13:18: [33m[nodemon] watching extensions: ts[39m
2025-04-04 00:13:18: [32m[nodemon] starting `ts-node src/index.ts`[39m
2025-04-04 00:13:22: [31m[nodemon] app crashed - waiting for file changes before starting...[39m
2025-04-04 00:13:23: 
2025-04-04 00:13:23: > service_provider@1.0.0 dev
2025-04-04 00:13:23: > cross-env NODE_ENV=development nodemon --watch 'src/**/*.ts' --exec 'ts-node' src/index.ts
2025-04-04 00:13:23: 
2025-04-04 00:13:23: [33m[nodemon] 3.1.9[39m
2025-04-04 00:13:23: [33m[nodemon] to restart at any time, enter `rs`[39m
2025-04-04 00:13:23: [33m[nodemon] watching path(s): src/**/*.ts[39m
2025-04-04 00:13:23: [33m[nodemon] watching extensions: ts[39m
2025-04-04 00:13:23: [32m[nodemon] starting `ts-node src/index.ts`[39m
2025-04-04 00:13:27: [31m[nodemon] app crashed - waiting for file changes before starting...[39m
2025-04-04 00:13:27: 
2025-04-04 00:13:27: > service_provider@1.0.0 dev
2025-04-04 00:13:27: > cross-env NODE_ENV=development nodemon --watch 'src/**/*.ts' --exec 'ts-node' src/index.ts
2025-04-04 00:13:27: 
2025-04-04 00:13:27: [33m[nodemon] 3.1.9[39m
2025-04-04 00:13:27: [33m[nodemon] to restart at any time, enter `rs`[39m
2025-04-04 00:13:27: [33m[nodemon] watching path(s): src/**/*.ts[39m
2025-04-04 00:13:27: [33m[nodemon] watching extensions: ts[39m
2025-04-04 00:13:27: [32m[nodemon] starting `ts-node src/index.ts`[39m
2025-04-04 00:13:28: 
2025-04-04 00:13:28: > service_provider@1.0.0 dev
2025-04-04 00:13:28: > cross-env NODE_ENV=development nodemon --watch 'src/**/*.ts' --exec 'ts-node' src/index.ts
2025-04-04 00:13:28: 
2025-04-04 00:13:28: [33m[nodemon] 3.1.9[39m
2025-04-04 00:13:28: [33m[nodemon] to restart at any time, enter `rs`[39m
2025-04-04 00:13:28: [33m[nodemon] watching path(s): src/**/*.ts[39m
2025-04-04 00:13:28: [33m[nodemon] watching extensions: ts[39m
2025-04-04 00:13:28: [32m[nodemon] starting `ts-node src/index.ts`[39m
2025-04-04 00:13:29: Certificate lengths: { config: 1044, meta: 1044 }
2025-04-04 00:13:29: ✅ Certificates match perfectly
2025-04-04 00:13:29: Full IDP Certificate Length: 1115
2025-04-04 00:13:29: Full SP Certificate Length: 1115
2025-04-04 00:13:29: SP Private Key Length: 1700
2025-04-04 00:13:32: [31m[nodemon] app crashed - waiting for file changes before starting...[39m
2025-04-04 00:13:33: 
2025-04-04 00:13:33: > service_provider@1.0.0 dev
2025-04-04 00:13:33: > cross-env NODE_ENV=development nodemon --watch 'src/**/*.ts' --exec 'ts-node' src/index.ts
2025-04-04 00:13:33: 
2025-04-04 00:13:33: [33m[nodemon] 3.1.9[39m
2025-04-04 00:13:33: [33m[nodemon] to restart at any time, enter `rs`[39m
2025-04-04 00:13:33: [33m[nodemon] watching path(s): src/**/*.ts[39m
2025-04-04 00:13:33: [33m[nodemon] watching extensions: ts[39m
2025-04-04 00:13:33: [32m[nodemon] starting `ts-node src/index.ts`[39m
2025-04-04 00:13:34: Certificate lengths: { config: 1044, meta: 1044 }
2025-04-04 00:13:34: ✅ Certificates match perfectly
2025-04-04 00:13:34: Full IDP Certificate Length: 1115
2025-04-04 00:13:34: Full SP Certificate Length: 1115
2025-04-04 00:13:34: SP Private Key Length: 1700
2025-04-04 00:13:37: [31m[nodemon] app crashed - waiting for file changes before starting...[39m
2025-04-04 00:13:37: 
2025-04-04 00:13:37: > service_provider@1.0.0 dev
2025-04-04 00:13:37: > cross-env NODE_ENV=development nodemon --watch 'src/**/*.ts' --exec 'ts-node' src/index.ts
2025-04-04 00:13:37: 
2025-04-04 00:13:37: [33m[nodemon] 3.1.9[39m
2025-04-04 00:13:37: [33m[nodemon] to restart at any time, enter `rs`[39m
2025-04-04 00:13:37: [33m[nodemon] watching path(s): src/**/*.ts[39m
2025-04-04 00:13:37: [33m[nodemon] watching extensions: ts[39m
2025-04-04 00:13:37: [32m[nodemon] starting `ts-node src/index.ts`[39m
2025-04-04 00:13:38: Certificate lengths: { config: 1044, meta: 1044 }
2025-04-04 00:13:38: ✅ Certificates match perfectly
2025-04-04 00:13:38: Full IDP Certificate Length: 1115
2025-04-04 00:13:38: Full SP Certificate Length: 1115
2025-04-04 00:13:38: SP Private Key Length: 1700
2025-04-04 00:13:41: [31m[nodemon] app crashed - waiting for file changes before starting...[39m
2025-04-04 00:13:42: 
2025-04-04 00:13:42: > service_provider@1.0.0 dev
2025-04-04 00:13:42: > cross-env NODE_ENV=development nodemon --watch 'src/**/*.ts' --exec 'ts-node' src/index.ts
2025-04-04 00:13:42: 
2025-04-04 00:13:42: [33m[nodemon] 3.1.9[39m
2025-04-04 00:13:42: [33m[nodemon] to restart at any time, enter `rs`[39m
2025-04-04 00:13:42: [33m[nodemon] watching path(s): src/**/*.ts[39m
2025-04-04 00:13:42: [33m[nodemon] watching extensions: ts[39m
2025-04-04 00:13:42: [32m[nodemon] starting `ts-node src/index.ts`[39m
2025-04-04 00:13:43: Certificate lengths: { config: 1044, meta: 1044 }
2025-04-04 00:13:43: ✅ Certificates match perfectly
2025-04-04 00:13:43: Full IDP Certificate Length: 1115
2025-04-04 00:13:43: Full SP Certificate Length: 1115
2025-04-04 00:13:43: SP Private Key Length: 1700
2025-04-04 00:13:46: [31m[nodemon] app crashed - waiting for file changes before starting...[39m
2025-04-04 00:13:46: 
2025-04-04 00:13:46: > service_provider@1.0.0 dev
2025-04-04 00:13:46: > cross-env NODE_ENV=development nodemon --watch 'src/**/*.ts' --exec 'ts-node' src/index.ts
2025-04-04 00:13:46: 
2025-04-04 00:13:46: [33m[nodemon] 3.1.9[39m
2025-04-04 00:13:46: [33m[nodemon] to restart at any time, enter `rs`[39m
2025-04-04 00:13:46: [33m[nodemon] watching path(s): src/**/*.ts[39m
2025-04-04 00:13:46: [33m[nodemon] watching extensions: ts[39m
2025-04-04 00:13:46: [32m[nodemon] starting `ts-node src/index.ts`[39m
2025-04-04 00:13:47: Certificate lengths: { config: 1044, meta: 1044 }
2025-04-04 00:13:47: ✅ Certificates match perfectly
2025-04-04 00:13:47: Full IDP Certificate Length: 1115
2025-04-04 00:13:47: Full SP Certificate Length: 1115
2025-04-04 00:13:47: SP Private Key Length: 1700
2025-04-04 00:13:50: [31m[nodemon] app crashed - waiting for file changes before starting...[39m
2025-04-04 00:13:51: 
2025-04-04 00:13:51: > service_provider@1.0.0 dev
2025-04-04 00:13:51: > cross-env NODE_ENV=development nodemon --watch 'src/**/*.ts' --exec 'ts-node' src/index.ts
2025-04-04 00:13:51: 
2025-04-04 00:13:51: [33m[nodemon] 3.1.9[39m
2025-04-04 00:13:51: [33m[nodemon] to restart at any time, enter `rs`[39m
2025-04-04 00:13:51: [33m[nodemon] watching path(s): src/**/*.ts[39m
2025-04-04 00:13:51: [33m[nodemon] watching extensions: ts[39m
2025-04-04 00:13:51: [32m[nodemon] starting `ts-node src/index.ts`[39m
2025-04-04 00:13:52: Certificate lengths: { config: 1044, meta: 1044 }
2025-04-04 00:13:52: ✅ Certificates match perfectly
2025-04-04 00:13:52: Full IDP Certificate Length: 1115
2025-04-04 00:13:52: Full SP Certificate Length: 1115
2025-04-04 00:13:52: SP Private Key Length: 1700
2025-04-04 00:13:55: [31m[nodemon] app crashed - waiting for file changes before starting...[39m
2025-04-04 00:13:56: 
2025-04-04 00:13:56: > service_provider@1.0.0 dev
2025-04-04 00:13:56: > cross-env NODE_ENV=development nodemon --watch 'src/**/*.ts' --exec 'ts-node' src/index.ts
2025-04-04 00:13:56: 
2025-04-04 00:13:56: [33m[nodemon] 3.1.9[39m
2025-04-04 00:13:56: [33m[nodemon] to restart at any time, enter `rs`[39m
2025-04-04 00:13:56: [33m[nodemon] watching path(s): src/**/*.ts[39m
2025-04-04 00:13:56: [33m[nodemon] watching extensions: ts[39m
2025-04-04 00:13:56: [32m[nodemon] starting `ts-node src/index.ts`[39m
2025-04-04 00:13:57: Certificate lengths: { config: 1044, meta: 1044 }
2025-04-04 00:13:57: ✅ Certificates match perfectly
2025-04-04 00:13:57: Full IDP Certificate Length: 1115
2025-04-04 00:13:57: Full SP Certificate Length: 1115
2025-04-04 00:13:57: SP Private Key Length: 1700
2025-04-04 00:14:00: [31m[nodemon] app crashed - waiting for file changes before starting...[39m
2025-04-04 00:14:00: 
2025-04-04 00:14:00: > service_provider@1.0.0 dev
2025-04-04 00:14:00: > cross-env NODE_ENV=development nodemon --watch 'src/**/*.ts' --exec 'ts-node' src/index.ts
2025-04-04 00:14:00: 
2025-04-04 00:14:00: [33m[nodemon] 3.1.9[39m
2025-04-04 00:14:00: [33m[nodemon] to restart at any time, enter `rs`[39m
2025-04-04 00:14:00: [33m[nodemon] watching path(s): src/**/*.ts[39m
2025-04-04 00:14:00: [33m[nodemon] watching extensions: ts[39m
2025-04-04 00:14:00: [32m[nodemon] starting `ts-node src/index.ts`[39m
2025-04-04 00:14:01: Certificate lengths: { config: 1044, meta: 1044 }
2025-04-04 00:14:01: ✅ Certificates match perfectly
2025-04-04 00:14:01: Full IDP Certificate Length: 1115
2025-04-04 00:14:01: Full SP Certificate Length: 1115
2025-04-04 00:14:01: SP Private Key Length: 1700
2025-04-04 00:14:04: [31m[nodemon] app crashed - waiting for file changes before starting...[39m
2025-04-04 00:14:04: 
2025-04-04 00:14:04: > service_provider@1.0.0 dev
2025-04-04 00:14:04: > cross-env NODE_ENV=development nodemon --watch 'src/**/*.ts' --exec 'ts-node' src/index.ts
2025-04-04 00:14:04: 
2025-04-04 00:14:05: [33m[nodemon] 3.1.9[39m
2025-04-04 00:14:05: [33m[nodemon] to restart at any time, enter `rs`[39m
2025-04-04 00:14:05: [33m[nodemon] watching path(s): src/**/*.ts[39m
2025-04-04 00:14:05: [33m[nodemon] watching extensions: ts[39m
2025-04-04 00:14:05: [32m[nodemon] starting `ts-node src/index.ts`[39m
2025-04-04 00:14:06: Certificate lengths: { config: 1044, meta: 1044 }
2025-04-04 00:14:06: ✅ Certificates match perfectly
2025-04-04 00:14:06: Full IDP Certificate Length: 1115
2025-04-04 00:14:06: Full SP Certificate Length: 1115
2025-04-04 00:14:06: SP Private Key Length: 1700
2025-04-04 00:14:08: [32m[nodemon] restarting due to changes...[39m
2025-04-04 00:14:08: [32m[nodemon] starting `ts-node src/index.ts`[39m
2025-04-04 00:14:09: 
2025-04-04 00:14:09: > service_provider@1.0.0 dev
2025-04-04 00:14:09: > cross-env NODE_ENV=development nodemon --watch 'src/**/*.ts' --exec 'ts-node' src/index.ts
2025-04-04 00:14:09: 
2025-04-04 00:14:09: [33m[nodemon] 3.1.9[39m
2025-04-04 00:14:09: [33m[nodemon] to restart at any time, enter `rs`[39m
2025-04-04 00:14:09: [33m[nodemon] watching path(s): src/**/*.ts[39m
2025-04-04 00:14:09: [33m[nodemon] watching extensions: ts[39m
2025-04-04 00:14:09: [32m[nodemon] starting `ts-node src/index.ts`[39m
2025-04-04 00:14:10: Certificate lengths: { config: 1044, meta: 1044 }
2025-04-04 00:14:10: ✅ Certificates match perfectly
2025-04-04 00:14:10: Full IDP Certificate Length: 1115
2025-04-04 00:14:10: Full SP Certificate Length: 1115
2025-04-04 00:14:10: SP Private Key Length: 1700
2025-04-04 00:14:13: [31m[nodemon] app crashed - waiting for file changes before starting...[39m
2025-04-04 00:14:13: 
2025-04-04 00:14:13: > service_provider@1.0.0 dev
2025-04-04 00:14:13: > cross-env NODE_ENV=development nodemon --watch 'src/**/*.ts' --exec 'ts-node' src/index.ts
2025-04-04 00:14:13: 
2025-04-04 00:14:14: [33m[nodemon] 3.1.9[39m
2025-04-04 00:14:14: [33m[nodemon] to restart at any time, enter `rs`[39m
2025-04-04 00:14:14: [33m[nodemon] watching path(s): src/**/*.ts[39m
2025-04-04 00:14:14: [33m[nodemon] watching extensions: ts[39m
2025-04-04 00:14:14: [32m[nodemon] starting `ts-node src/index.ts`[39m
2025-04-04 00:14:15: Certificate lengths: { config: 1044, meta: 1044 }
2025-04-04 00:14:15: ✅ Certificates match perfectly
2025-04-04 00:14:15: Full IDP Certificate Length: 1115
2025-04-04 00:14:15: Full SP Certificate Length: 1115
2025-04-04 00:14:15: SP Private Key Length: 1700
2025-04-04 00:14:17: [32m[nodemon] restarting due to changes...[39m
2025-04-04 00:14:17: [32m[nodemon] starting `ts-node src/index.ts`[39m
2025-04-04 00:14:17: 
2025-04-04 00:14:17: > service_provider@1.0.0 dev
2025-04-04 00:14:17: > cross-env NODE_ENV=development nodemon --watch 'src/**/*.ts' --exec 'ts-node' src/index.ts
2025-04-04 00:14:17: 
2025-04-04 00:14:17: [33m[nodemon] 3.1.9[39m
2025-04-04 00:14:17: [33m[nodemon] to restart at any time, enter `rs`[39m
2025-04-04 00:14:17: [33m[nodemon] watching path(s): src/**/*.ts[39m
2025-04-04 00:14:17: [33m[nodemon] watching extensions: ts[39m
2025-04-04 00:14:17: [32m[nodemon] starting `ts-node src/index.ts`[39m
2025-04-04 00:14:19: Certificate lengths: { config: 1044, meta: 1044 }
2025-04-04 00:14:19: ✅ Certificates match perfectly
2025-04-04 00:14:19: Full IDP Certificate Length: 1115
2025-04-04 00:14:19: Full SP Certificate Length: 1115
2025-04-04 00:14:19: SP Private Key Length: 1700
2025-04-04 00:14:22: [31m[nodemon] app crashed - waiting for file changes before starting...[39m
2025-04-04 00:14:22: 
2025-04-04 00:14:22: > service_provider@1.0.0 dev
2025-04-04 00:14:22: > cross-env NODE_ENV=development nodemon --watch 'src/**/*.ts' --exec 'ts-node' src/index.ts
2025-04-04 00:14:22: 
2025-04-04 00:14:22: [33m[nodemon] 3.1.9[39m
2025-04-04 00:14:22: [33m[nodemon] to restart at any time, enter `rs`[39m
2025-04-04 00:14:22: [33m[nodemon] watching path(s): src/**/*.ts[39m
2025-04-04 00:14:22: [33m[nodemon] watching extensions: ts[39m
2025-04-04 00:14:22: [32m[nodemon] starting `ts-node src/index.ts`[39m
2025-04-04 00:14:23: Certificate lengths: { config: 1044, meta: 1044 }
2025-04-04 00:14:23: ✅ Certificates match perfectly
2025-04-04 00:14:23: Full IDP Certificate Length: 1115
2025-04-04 00:14:23: Full SP Certificate Length: 1115
2025-04-04 00:14:23: SP Private Key Length: 1700
2025-04-04 00:14:26: [31m[nodemon] app crashed - waiting for file changes before starting...[39m
2025-04-04 00:14:27: 
2025-04-04 00:14:27: > service_provider@1.0.0 dev
2025-04-04 00:14:27: > cross-env NODE_ENV=development nodemon --watch 'src/**/*.ts' --exec 'ts-node' src/index.ts
2025-04-04 00:14:27: 
2025-04-04 00:14:27: [33m[nodemon] 3.1.9[39m
2025-04-04 00:14:27: [33m[nodemon] to restart at any time, enter `rs`[39m
2025-04-04 00:14:27: [33m[nodemon] watching path(s): src/**/*.ts[39m
2025-04-04 00:14:27: [33m[nodemon] watching extensions: ts[39m
2025-04-04 00:14:27: [32m[nodemon] starting `ts-node src/index.ts`[39m
2025-04-04 00:14:28: Certificate lengths: { config: 1044, meta: 1044 }
2025-04-04 00:14:28: ✅ Certificates match perfectly
2025-04-04 00:14:28: Full IDP Certificate Length: 1115
2025-04-04 00:14:28: Full SP Certificate Length: 1115
2025-04-04 00:14:28: SP Private Key Length: 1700
2025-04-04 00:14:31: [31m[nodemon] app crashed - waiting for file changes before starting...[39m
2025-04-04 00:14:31: 
2025-04-04 00:14:31: > service_provider@1.0.0 dev
2025-04-04 00:14:31: > cross-env NODE_ENV=development nodemon --watch 'src/**/*.ts' --exec 'ts-node' src/index.ts
2025-04-04 00:14:31: 
2025-04-04 00:14:31: [33m[nodemon] 3.1.9[39m
2025-04-04 00:14:31: [33m[nodemon] to restart at any time, enter `rs`[39m
2025-04-04 00:14:31: [33m[nodemon] watching path(s): src/**/*.ts[39m
2025-04-04 00:14:31: [33m[nodemon] watching extensions: ts[39m
2025-04-04 00:14:31: [32m[nodemon] starting `ts-node src/index.ts`[39m
2025-04-04 00:14:32: Certificate lengths: { config: 1044, meta: 1044 }
2025-04-04 00:14:32: ✅ Certificates match perfectly
2025-04-04 00:14:32: Full IDP Certificate Length: 1115
2025-04-04 00:14:32: Full SP Certificate Length: 1115
2025-04-04 00:14:32: SP Private Key Length: 1700
2025-04-04 00:14:36: [31m[nodemon] app crashed - waiting for file changes before starting...[39m
2025-04-04 00:14:36: 
2025-04-04 00:14:36: > service_provider@1.0.0 dev
2025-04-04 00:14:36: > cross-env NODE_ENV=development nodemon --watch 'src/**/*.ts' --exec 'ts-node' src/index.ts
2025-04-04 00:14:36: 
2025-04-04 00:14:36: [33m[nodemon] 3.1.9[39m
2025-04-04 00:14:36: [33m[nodemon] to restart at any time, enter `rs`[39m
2025-04-04 00:14:36: [33m[nodemon] watching path(s): src/**/*.ts[39m
2025-04-04 00:14:36: [33m[nodemon] watching extensions: ts[39m
2025-04-04 00:14:36: [32m[nodemon] starting `ts-node src/index.ts`[39m
2025-04-04 00:14:37: Certificate lengths: { config: 1044, meta: 1044 }
2025-04-04 00:14:37: ✅ Certificates match perfectly
2025-04-04 00:14:37: Full IDP Certificate Length: 1115
2025-04-04 00:14:37: Full SP Certificate Length: 1115
2025-04-04 00:14:37: SP Private Key Length: 1700
2025-04-04 00:14:40: [31m[nodemon] app crashed - waiting for file changes before starting...[39m
2025-04-04 00:14:40: 
2025-04-04 00:14:40: > service_provider@1.0.0 dev
2025-04-04 00:14:40: > cross-env NODE_ENV=development nodemon --watch 'src/**/*.ts' --exec 'ts-node' src/index.ts
2025-04-04 00:14:40: 
2025-04-04 00:14:41: [33m[nodemon] 3.1.9[39m
2025-04-04 00:14:41: [33m[nodemon] to restart at any time, enter `rs`[39m
2025-04-04 00:14:41: [33m[nodemon] watching path(s): src/**/*.ts[39m
2025-04-04 00:14:41: [33m[nodemon] watching extensions: ts[39m
2025-04-04 00:14:41: [32m[nodemon] starting `ts-node src/index.ts`[39m
2025-04-04 00:14:41: Certificate lengths: { config: 1044, meta: 1044 }
2025-04-04 00:14:41: ✅ Certificates match perfectly
2025-04-04 00:14:41: Full IDP Certificate Length: 1115
2025-04-04 00:14:41: Full SP Certificate Length: 1115
2025-04-04 00:14:41: SP Private Key Length: 1700
2025-04-04 00:14:43: [32m[nodemon] restarting due to changes...[39m
2025-04-04 00:14:43: [32m[nodemon] starting `ts-node src/index.ts`[39m
2025-04-04 00:14:43: 
2025-04-04 00:14:43: > service_provider@1.0.0 dev
2025-04-04 00:14:43: > cross-env NODE_ENV=development nodemon --watch 'src/**/*.ts' --exec 'ts-node' src/index.ts
2025-04-04 00:14:43: 
2025-04-04 00:14:43: [33m[nodemon] 3.1.9[39m
2025-04-04 00:14:43: [33m[nodemon] to restart at any time, enter `rs`[39m
2025-04-04 00:14:43: [33m[nodemon] watching path(s): src/**/*.ts[39m
2025-04-04 00:14:43: [33m[nodemon] watching extensions: ts[39m
2025-04-04 00:14:43: [32m[nodemon] starting `ts-node src/index.ts`[39m
2025-04-04 00:14:47: [31m[nodemon] app crashed - waiting for file changes before starting...[39m
2025-04-04 00:14:48: 
2025-04-04 00:14:48: > service_provider@1.0.0 dev
2025-04-04 00:14:48: > cross-env NODE_ENV=development nodemon --watch 'src/**/*.ts' --exec 'ts-node' src/index.ts
2025-04-04 00:14:48: 
2025-04-04 00:14:48: [33m[nodemon] 3.1.9[39m
2025-04-04 00:14:48: [33m[nodemon] to restart at any time, enter `rs`[39m
2025-04-04 00:14:48: [33m[nodemon] watching path(s): src/**/*.ts[39m
2025-04-04 00:14:48: [33m[nodemon] watching extensions: ts[39m
2025-04-04 00:14:48: [32m[nodemon] starting `ts-node src/index.ts`[39m
2025-04-04 00:14:52: [31m[nodemon] app crashed - waiting for file changes before starting...[39m
2025-04-04 00:14:52: 
2025-04-04 00:14:52: > service_provider@1.0.0 dev
2025-04-04 00:14:52: > cross-env NODE_ENV=development nodemon --watch 'src/**/*.ts' --exec 'ts-node' src/index.ts
2025-04-04 00:14:52: 
2025-04-04 00:14:52: [33m[nodemon] 3.1.9[39m
2025-04-04 00:14:52: [33m[nodemon] to restart at any time, enter `rs`[39m
2025-04-04 00:14:52: [33m[nodemon] watching path(s): src/**/*.ts[39m
2025-04-04 00:14:52: [33m[nodemon] watching extensions: ts[39m
2025-04-04 00:14:52: [32m[nodemon] starting `ts-node src/index.ts`[39m
2025-04-04 00:14:56: [31m[nodemon] app crashed - waiting for file changes before starting...[39m
2025-04-04 00:14:57: 
2025-04-04 00:14:57: > service_provider@1.0.0 dev
2025-04-04 00:14:57: > cross-env NODE_ENV=development nodemon --watch 'src/**/*.ts' --exec 'ts-node' src/index.ts
2025-04-04 00:14:57: 
2025-04-04 00:14:57: [33m[nodemon] 3.1.9[39m
2025-04-04 00:14:57: [33m[nodemon] to restart at any time, enter `rs`[39m
2025-04-04 00:14:57: [33m[nodemon] watching path(s): src/**/*.ts[39m
2025-04-04 00:14:57: [33m[nodemon] watching extensions: ts[39m
2025-04-04 00:14:57: [32m[nodemon] starting `ts-node src/index.ts`[39m
2025-04-04 00:15:01: [31m[nodemon] app crashed - waiting for file changes before starting...[39m
2025-04-04 00:15:01: 
2025-04-04 00:15:01: > service_provider@1.0.0 dev
2025-04-04 00:15:01: > cross-env NODE_ENV=development nodemon --watch 'src/**/*.ts' --exec 'ts-node' src/index.ts
2025-04-04 00:15:01: 
2025-04-04 00:15:01: [33m[nodemon] 3.1.9[39m
2025-04-04 00:15:01: [33m[nodemon] to restart at any time, enter `rs`[39m
2025-04-04 00:15:01: [33m[nodemon] watching path(s): src/**/*.ts[39m
2025-04-04 00:15:01: [33m[nodemon] watching extensions: ts[39m
2025-04-04 00:15:01: [32m[nodemon] starting `ts-node src/index.ts`[39m
2025-04-04 00:15:05: [31m[nodemon] app crashed - waiting for file changes before starting...[39m
2025-04-04 00:15:05: 
2025-04-04 00:15:05: > service_provider@1.0.0 dev
2025-04-04 00:15:05: > cross-env NODE_ENV=development nodemon --watch 'src/**/*.ts' --exec 'ts-node' src/index.ts
2025-04-04 00:15:05: 
2025-04-04 00:15:05: [33m[nodemon] 3.1.9[39m
2025-04-04 00:15:05: [33m[nodemon] to restart at any time, enter `rs`[39m
2025-04-04 00:15:05: [33m[nodemon] watching path(s): src/**/*.ts[39m
2025-04-04 00:15:05: [33m[nodemon] watching extensions: ts[39m
2025-04-04 00:15:05: [32m[nodemon] starting `ts-node src/index.ts`[39m
2025-04-04 00:15:09: [31m[nodemon] app crashed - waiting for file changes before starting...[39m
2025-04-04 00:15:09: 
2025-04-04 00:15:09: > service_provider@1.0.0 dev
2025-04-04 00:15:09: > cross-env NODE_ENV=development nodemon --watch 'src/**/*.ts' --exec 'ts-node' src/index.ts
2025-04-04 00:15:09: 
2025-04-04 00:15:10: [33m[nodemon] 3.1.9[39m
2025-04-04 00:15:10: [33m[nodemon] to restart at any time, enter `rs`[39m
2025-04-04 00:15:10: [33m[nodemon] watching path(s): src/**/*.ts[39m
2025-04-04 00:15:10: [33m[nodemon] watching extensions: ts[39m
2025-04-04 00:15:10: [32m[nodemon] starting `ts-node src/index.ts`[39m
2025-04-04 00:15:12: [32m[nodemon] restarting due to changes...[39m
2025-04-04 00:15:12: [32m[nodemon] starting `ts-node src/index.ts`[39m
2025-04-04 00:15:13: 
2025-04-04 00:15:13: > service_provider@1.0.0 dev
2025-04-04 00:15:13: > cross-env NODE_ENV=development nodemon --watch 'src/**/*.ts' --exec 'ts-node' src/index.ts
2025-04-04 00:15:13: 
2025-04-04 00:15:13: [33m[nodemon] 3.1.9[39m
2025-04-04 00:15:13: [33m[nodemon] to restart at any time, enter `rs`[39m
2025-04-04 00:15:13: [33m[nodemon] watching path(s): src/**/*.ts[39m
2025-04-04 00:15:13: [33m[nodemon] watching extensions: ts[39m
2025-04-04 00:15:13: [32m[nodemon] starting `ts-node src/index.ts`[39m
2025-04-04 00:15:17: 
2025-04-04 00:15:17: > service_provider@1.0.0 dev
2025-04-04 00:15:17: > cross-env NODE_ENV=development nodemon --watch 'src/**/*.ts' --exec 'ts-node' src/index.ts
2025-04-04 00:15:17: 
2025-04-04 00:15:17: [33m[nodemon] 3.1.9[39m
2025-04-04 00:15:17: [33m[nodemon] to restart at any time, enter `rs`[39m
2025-04-04 00:15:17: [33m[nodemon] watching path(s): src/**/*.ts[39m
2025-04-04 00:15:17: [33m[nodemon] watching extensions: ts[39m
2025-04-04 00:15:17: [32m[nodemon] starting `ts-node src/index.ts`[39m
2025-04-04 00:15:21: [31m[nodemon] app crashed - waiting for file changes before starting...[39m
2025-04-04 00:15:21: 
2025-04-04 00:15:21: > service_provider@1.0.0 dev
2025-04-04 00:15:21: > cross-env NODE_ENV=development nodemon --watch 'src/**/*.ts' --exec 'ts-node' src/index.ts
2025-04-04 00:15:21: 
2025-04-04 00:15:21: [33m[nodemon] 3.1.9[39m
2025-04-04 00:15:21: [33m[nodemon] to restart at any time, enter `rs`[39m
2025-04-04 00:15:21: [33m[nodemon] watching path(s): src/**/*.ts[39m
2025-04-04 00:15:21: [33m[nodemon] watching extensions: ts[39m
2025-04-04 00:15:21: [32m[nodemon] starting `ts-node src/index.ts`[39m
2025-04-04 00:15:25: [31m[nodemon] app crashed - waiting for file changes before starting...[39m
2025-04-04 00:15:26: 
2025-04-04 00:15:26: > service_provider@1.0.0 dev
2025-04-04 00:15:26: > cross-env NODE_ENV=development nodemon --watch 'src/**/*.ts' --exec 'ts-node' src/index.ts
2025-04-04 00:15:26: 
2025-04-04 00:15:26: [33m[nodemon] 3.1.9[39m
2025-04-04 00:15:26: [33m[nodemon] to restart at any time, enter `rs`[39m
2025-04-04 00:15:26: [33m[nodemon] watching path(s): src/**/*.ts[39m
2025-04-04 00:15:26: [33m[nodemon] watching extensions: ts[39m
2025-04-04 00:15:26: [32m[nodemon] starting `ts-node src/index.ts`[39m
2025-04-04 00:15:30: [31m[nodemon] app crashed - waiting for file changes before starting...[39m
2025-04-04 00:15:30: 
2025-04-04 00:15:30: > service_provider@1.0.0 dev
2025-04-04 00:15:30: > cross-env NODE_ENV=development nodemon --watch 'src/**/*.ts' --exec 'ts-node' src/index.ts
2025-04-04 00:15:30: 
2025-04-04 00:15:30: [33m[nodemon] 3.1.9[39m
2025-04-04 00:15:30: [33m[nodemon] to restart at any time, enter `rs`[39m
2025-04-04 00:15:30: [33m[nodemon] watching path(s): src/**/*.ts[39m
2025-04-04 00:15:30: [33m[nodemon] watching extensions: ts[39m
2025-04-04 00:15:30: [32m[nodemon] starting `ts-node src/index.ts`[39m
2025-04-04 00:15:34: [31m[nodemon] app crashed - waiting for file changes before starting...[39m
2025-04-04 00:15:34: 
2025-04-04 00:15:34: > service_provider@1.0.0 dev
2025-04-04 00:15:34: > cross-env NODE_ENV=development nodemon --watch 'src/**/*.ts' --exec 'ts-node' src/index.ts
2025-04-04 00:15:34: 
2025-04-04 00:15:34: [33m[nodemon] 3.1.9[39m
2025-04-04 00:15:34: [33m[nodemon] to restart at any time, enter `rs`[39m
2025-04-04 00:15:34: [33m[nodemon] watching path(s): src/**/*.ts[39m
2025-04-04 00:15:34: [33m[nodemon] watching extensions: ts[39m
2025-04-04 00:15:34: [32m[nodemon] starting `ts-node src/index.ts`[39m
2025-04-04 00:15:38: [31m[nodemon] app crashed - waiting for file changes before starting...[39m
2025-04-04 00:15:39: 
2025-04-04 00:15:39: > service_provider@1.0.0 dev
2025-04-04 00:15:39: > cross-env NODE_ENV=development nodemon --watch 'src/**/*.ts' --exec 'ts-node' src/index.ts
2025-04-04 00:15:39: 
2025-04-04 00:15:39: [33m[nodemon] 3.1.9[39m
2025-04-04 00:15:39: [33m[nodemon] to restart at any time, enter `rs`[39m
2025-04-04 00:15:39: [33m[nodemon] watching path(s): src/**/*.ts[39m
2025-04-04 00:15:39: [33m[nodemon] watching extensions: ts[39m
2025-04-04 00:15:39: [32m[nodemon] starting `ts-node src/index.ts`[39m
2025-04-04 00:15:43: [31m[nodemon] app crashed - waiting for file changes before starting...[39m
2025-04-04 00:15:43: 
2025-04-04 00:15:43: > service_provider@1.0.0 dev
2025-04-04 00:15:43: > cross-env NODE_ENV=development nodemon --watch 'src/**/*.ts' --exec 'ts-node' src/index.ts
2025-04-04 00:15:43: 
2025-04-04 00:15:43: [33m[nodemon] 3.1.9[39m
2025-04-04 00:15:43: [33m[nodemon] to restart at any time, enter `rs`[39m
2025-04-04 00:15:43: [33m[nodemon] watching path(s): src/**/*.ts[39m
2025-04-04 00:15:43: [33m[nodemon] watching extensions: ts[39m
2025-04-04 00:15:43: [32m[nodemon] starting `ts-node src/index.ts`[39m
2025-04-04 00:15:47: [31m[nodemon] app crashed - waiting for file changes before starting...[39m
2025-04-04 00:15:48: 
2025-04-04 00:15:48: > service_provider@1.0.0 dev
2025-04-04 00:15:48: > cross-env NODE_ENV=development nodemon --watch 'src/**/*.ts' --exec 'ts-node' src/index.ts
2025-04-04 00:15:48: 
2025-04-04 00:15:48: 
2025-04-04 00:15:48: > service_provider@1.0.0 dev
2025-04-04 00:15:48: > cross-env NODE_ENV=development nodemon --watch 'src/**/*.ts' --exec 'ts-node' src/index.ts
2025-04-04 00:15:48: 
2025-04-04 00:15:48: [33m[nodemon] 3.1.9[39m
2025-04-04 00:15:48: [33m[nodemon] to restart at any time, enter `rs`[39m
2025-04-04 00:15:48: [33m[nodemon] watching path(s): src/**/*.ts[39m
2025-04-04 00:15:48: [33m[nodemon] watching extensions: ts[39m
2025-04-04 00:15:48: [32m[nodemon] starting `ts-node src/index.ts`[39m
2025-04-04 00:15:52: [31m[nodemon] app crashed - waiting for file changes before starting...[39m
2025-04-04 00:15:53: 
2025-04-04 00:15:53: > service_provider@1.0.0 dev
2025-04-04 00:15:53: > cross-env NODE_ENV=development nodemon --watch 'src/**/*.ts' --exec 'ts-node' src/index.ts
2025-04-04 00:15:53: 
2025-04-04 00:15:53: [33m[nodemon] 3.1.9[39m
2025-04-04 00:15:53: [33m[nodemon] to restart at any time, enter `rs`[39m
2025-04-04 00:15:53: [33m[nodemon] watching path(s): src/**/*.ts[39m
2025-04-04 00:15:53: [33m[nodemon] watching extensions: ts[39m
2025-04-04 00:15:53: [32m[nodemon] starting `ts-node src/index.ts`[39m
2025-04-04 00:15:56: [31m[nodemon] app crashed - waiting for file changes before starting...[39m
2025-04-04 00:15:57: 
2025-04-04 00:15:57: > service_provider@1.0.0 dev
2025-04-04 00:15:57: > cross-env NODE_ENV=development nodemon --watch 'src/**/*.ts' --exec 'ts-node' src/index.ts
2025-04-04 00:15:57: 
2025-04-04 00:15:57: [33m[nodemon] 3.1.9[39m
2025-04-04 00:15:57: [33m[nodemon] to restart at any time, enter `rs`[39m
2025-04-04 00:15:57: [33m[nodemon] watching path(s): src/**/*.ts[39m
2025-04-04 00:15:57: [33m[nodemon] watching extensions: ts[39m
2025-04-04 00:15:57: [32m[nodemon] starting `ts-node src/index.ts`[39m
2025-04-04 00:16:01: [31m[nodemon] app crashed - waiting for file changes before starting...[39m
2025-04-04 00:16:01: 
2025-04-04 00:16:01: > service_provider@1.0.0 dev
2025-04-04 00:16:01: > cross-env NODE_ENV=development nodemon --watch 'src/**/*.ts' --exec 'ts-node' src/index.ts
2025-04-04 00:16:01: 
2025-04-04 00:16:01: [33m[nodemon] 3.1.9[39m
2025-04-04 00:16:01: [33m[nodemon] to restart at any time, enter `rs`[39m
2025-04-04 00:16:01: [33m[nodemon] watching path(s): src/**/*.ts[39m
2025-04-04 00:16:01: [33m[nodemon] watching extensions: ts[39m
2025-04-04 00:16:01: [32m[nodemon] starting `ts-node src/index.ts`[39m
2025-04-04 00:16:05: [31m[nodemon] app crashed - waiting for file changes before starting...[39m
2025-04-04 00:16:06: 
2025-04-04 00:16:06: > service_provider@1.0.0 dev
2025-04-04 00:16:06: > cross-env NODE_ENV=development nodemon --watch 'src/**/*.ts' --exec 'ts-node' src/index.ts
2025-04-04 00:16:06: 
2025-04-04 00:16:06: [33m[nodemon] 3.1.9[39m
2025-04-04 00:16:06: [33m[nodemon] to restart at any time, enter `rs`[39m
2025-04-04 00:16:06: [33m[nodemon] watching path(s): src/**/*.ts[39m
2025-04-04 00:16:06: [33m[nodemon] watching extensions: ts[39m
2025-04-04 00:16:06: [32m[nodemon] starting `ts-node src/index.ts`[39m
2025-04-04 00:16:10: [31m[nodemon] app crashed - waiting for file changes before starting...[39m
2025-04-04 00:16:10: 
2025-04-04 00:16:10: > service_provider@1.0.0 dev
2025-04-04 00:16:10: > cross-env NODE_ENV=development nodemon --watch 'src/**/*.ts' --exec 'ts-node' src/index.ts
2025-04-04 00:16:10: 
2025-04-04 00:16:10: [33m[nodemon] 3.1.9[39m
2025-04-04 00:16:10: [33m[nodemon] to restart at any time, enter `rs`[39m
2025-04-04 00:16:10: [33m[nodemon] watching path(s): src/**/*.ts[39m
2025-04-04 00:16:10: [33m[nodemon] watching extensions: ts[39m
2025-04-04 00:16:10: [32m[nodemon] starting `ts-node src/index.ts`[39m
2025-04-04 00:16:14: [31m[nodemon] app crashed - waiting for file changes before starting...[39m
2025-04-04 00:16:14: 
2025-04-04 00:16:14: > service_provider@1.0.0 dev
2025-04-04 00:16:14: > cross-env NODE_ENV=development nodemon --watch 'src/**/*.ts' --exec 'ts-node' src/index.ts
2025-04-04 00:16:14: 
2025-04-04 00:16:14: [33m[nodemon] 3.1.9[39m
2025-04-04 00:16:14: [33m[nodemon] to restart at any time, enter `rs`[39m
2025-04-04 00:16:14: [33m[nodemon] watching path(s): src/**/*.ts[39m
2025-04-04 00:16:14: [33m[nodemon] watching extensions: ts[39m
2025-04-04 00:16:14: [32m[nodemon] starting `ts-node src/index.ts`[39m
2025-04-04 00:16:18: [31m[nodemon] app crashed - waiting for file changes before starting...[39m
2025-04-04 00:16:19: 
2025-04-04 00:16:19: > service_provider@1.0.0 dev
2025-04-04 00:16:19: > cross-env NODE_ENV=development nodemon --watch 'src/**/*.ts' --exec 'ts-node' src/index.ts
2025-04-04 00:16:19: 
2025-04-04 00:16:19: [33m[nodemon] 3.1.9[39m
2025-04-04 00:16:19: [33m[nodemon] to restart at any time, enter `rs`[39m
2025-04-04 00:16:19: [33m[nodemon] watching path(s): src/**/*.ts[39m
2025-04-04 00:16:19: [33m[nodemon] watching extensions: ts[39m
2025-04-04 00:16:19: [32m[nodemon] starting `ts-node src/index.ts`[39m
2025-04-04 00:16:23: [31m[nodemon] app crashed - waiting for file changes before starting...[39m
2025-04-04 00:16:23: 
2025-04-04 00:16:23: > service_provider@1.0.0 dev
2025-04-04 00:16:23: > cross-env NODE_ENV=development nodemon --watch 'src/**/*.ts' --exec 'ts-node' src/index.ts
2025-04-04 00:16:23: 
2025-04-04 00:16:23: [33m[nodemon] 3.1.9[39m
2025-04-04 00:16:23: [33m[nodemon] to restart at any time, enter `rs`[39m
2025-04-04 00:16:23: [33m[nodemon] watching path(s): src/**/*.ts[39m
2025-04-04 00:16:23: [33m[nodemon] watching extensions: ts[39m
2025-04-04 00:16:23: [32m[nodemon] starting `ts-node src/index.ts`[39m
2025-04-04 00:16:27: [31m[nodemon] app crashed - waiting for file changes before starting...[39m
2025-04-04 00:16:28: 
2025-04-04 00:16:28: > service_provider@1.0.0 dev
2025-04-04 00:16:28: > cross-env NODE_ENV=development nodemon --watch 'src/**/*.ts' --exec 'ts-node' src/index.ts
2025-04-04 00:16:28: 
2025-04-04 00:16:28: [33m[nodemon] 3.1.9[39m
2025-04-04 00:16:28: [33m[nodemon] to restart at any time, enter `rs`[39m
2025-04-04 00:16:28: [33m[nodemon] watching path(s): src/**/*.ts[39m
2025-04-04 00:16:28: [33m[nodemon] watching extensions: ts[39m
2025-04-04 00:16:28: [32m[nodemon] starting `ts-node src/index.ts`[39m
2025-04-04 00:16:32: [31m[nodemon] app crashed - waiting for file changes before starting...[39m
2025-04-04 00:16:32: 
2025-04-04 00:16:32: > service_provider@1.0.0 dev
2025-04-04 00:16:32: > cross-env NODE_ENV=development nodemon --watch 'src/**/*.ts' --exec 'ts-node' src/index.ts
2025-04-04 00:16:32: 
2025-04-04 00:16:32: [33m[nodemon] 3.1.9[39m
2025-04-04 00:16:32: [33m[nodemon] to restart at any time, enter `rs`[39m
2025-04-04 00:16:32: [33m[nodemon] watching path(s): src/**/*.ts[39m
2025-04-04 00:16:32: [33m[nodemon] watching extensions: ts[39m
2025-04-04 00:16:32: [32m[nodemon] starting `ts-node src/index.ts`[39m
2025-04-04 00:16:36: [31m[nodemon] app crashed - waiting for file changes before starting...[39m
2025-04-04 00:16:36: 
2025-04-04 00:16:36: > service_provider@1.0.0 dev
2025-04-04 00:16:36: > cross-env NODE_ENV=development nodemon --watch 'src/**/*.ts' --exec 'ts-node' src/index.ts
2025-04-04 00:16:36: 
2025-04-04 00:16:37: [33m[nodemon] 3.1.9[39m
2025-04-04 00:16:37: [33m[nodemon] to restart at any time, enter `rs`[39m
2025-04-04 00:16:37: [33m[nodemon] watching path(s): src/**/*.ts[39m
2025-04-04 00:16:37: [33m[nodemon] watching extensions: ts[39m
2025-04-04 00:16:37: [32m[nodemon] starting `ts-node src/index.ts`[39m
2025-04-04 00:16:40: [31m[nodemon] app crashed - waiting for file changes before starting...[39m
2025-04-04 00:16:41: 
2025-04-04 00:16:41: > service_provider@1.0.0 dev
2025-04-04 00:16:41: > cross-env NODE_ENV=development nodemon --watch 'src/**/*.ts' --exec 'ts-node' src/index.ts
2025-04-04 00:16:41: 
2025-04-04 00:16:41: [33m[nodemon] 3.1.9[39m
2025-04-04 00:16:41: [33m[nodemon] to restart at any time, enter `rs`[39m
2025-04-04 00:16:41: [33m[nodemon] watching path(s): src/**/*.ts[39m
2025-04-04 00:16:41: [33m[nodemon] watching extensions: ts[39m
2025-04-04 00:16:41: [32m[nodemon] starting `ts-node src/index.ts`[39m
2025-04-04 00:16:42: [32m[nodemon] restarting due to changes...[39m
2025-04-04 00:16:42: [32m[nodemon] starting `ts-node src/index.ts`[39m
2025-04-04 00:16:42: 
2025-04-04 00:16:42: > service_provider@1.0.0 dev
2025-04-04 00:16:42: > cross-env NODE_ENV=development nodemon --watch 'src/**/*.ts' --exec 'ts-node' src/index.ts
2025-04-04 00:16:42: 
2025-04-04 00:16:42: [33m[nodemon] 3.1.9[39m
2025-04-04 00:16:42: [33m[nodemon] to restart at any time, enter `rs`[39m
2025-04-04 00:16:42: [33m[nodemon] watching path(s): src/**/*.ts[39m
2025-04-04 00:16:42: [33m[nodemon] watching extensions: ts[39m
2025-04-04 00:16:42: [32m[nodemon] starting `ts-node src/index.ts`[39m
2025-04-04 00:16:46: [31m[nodemon] app crashed - waiting for file changes before starting...[39m
2025-04-04 00:16:46: 
2025-04-04 00:16:46: > service_provider@1.0.0 dev
2025-04-04 00:16:46: > cross-env NODE_ENV=development nodemon --watch 'src/**/*.ts' --exec 'ts-node' src/index.ts
2025-04-04 00:16:46: 
2025-04-04 00:16:46: [33m[nodemon] 3.1.9[39m
2025-04-04 00:16:46: [33m[nodemon] to restart at any time, enter `rs`[39m
2025-04-04 00:16:46: [33m[nodemon] watching path(s): src/**/*.ts[39m
2025-04-04 00:16:46: [33m[nodemon] watching extensions: ts[39m
2025-04-04 00:16:46: [32m[nodemon] starting `ts-node src/index.ts`[39m
2025-04-04 00:16:50: [31m[nodemon] app crashed - waiting for file changes before starting...[39m
2025-04-04 00:16:51: 
2025-04-04 00:16:51: > service_provider@1.0.0 dev
2025-04-04 00:16:51: > cross-env NODE_ENV=development nodemon --watch 'src/**/*.ts' --exec 'ts-node' src/index.ts
2025-04-04 00:16:51: 
2025-04-04 00:16:51: [33m[nodemon] 3.1.9[39m
2025-04-04 00:16:51: [33m[nodemon] to restart at any time, enter `rs`[39m
2025-04-04 00:16:51: [33m[nodemon] watching path(s): src/**/*.ts[39m
2025-04-04 00:16:51: [33m[nodemon] watching extensions: ts[39m
2025-04-04 00:16:51: [32m[nodemon] starting `ts-node src/index.ts`[39m
2025-04-04 00:16:55: [31m[nodemon] app crashed - waiting for file changes before starting...[39m
2025-04-04 00:16:55: 
2025-04-04 00:16:55: > service_provider@1.0.0 dev
2025-04-04 00:16:55: > cross-env NODE_ENV=development nodemon --watch 'src/**/*.ts' --exec 'ts-node' src/index.ts
2025-04-04 00:16:55: 
2025-04-04 00:16:55: [33m[nodemon] 3.1.9[39m
2025-04-04 00:16:55: [33m[nodemon] to restart at any time, enter `rs`[39m
2025-04-04 00:16:55: [33m[nodemon] watching path(s): src/**/*.ts[39m
2025-04-04 00:16:55: [33m[nodemon] watching extensions: ts[39m
2025-04-04 00:16:55: [32m[nodemon] starting `ts-node src/index.ts`[39m
2025-04-04 00:16:59: [31m[nodemon] app crashed - waiting for file changes before starting...[39m
2025-04-04 00:17:00: 
2025-04-04 00:17:00: > service_provider@1.0.0 dev
2025-04-04 00:17:00: > cross-env NODE_ENV=development nodemon --watch 'src/**/*.ts' --exec 'ts-node' src/index.ts
2025-04-04 00:17:00: 
2025-04-04 00:17:00: [33m[nodemon] 3.1.9[39m
2025-04-04 00:17:00: [33m[nodemon] to restart at any time, enter `rs`[39m
2025-04-04 00:17:00: [33m[nodemon] watching path(s): src/**/*.ts[39m
2025-04-04 00:17:00: [33m[nodemon] watching extensions: ts[39m
2025-04-04 00:17:00: [32m[nodemon] starting `ts-node src/index.ts`[39m
2025-04-04 00:17:04: [32m[nodemon] restarting due to changes...[39m
2025-04-04 00:17:04: [32m[nodemon] starting `ts-node src/index.ts`[39m
2025-04-04 00:17:04: 
2025-04-04 00:17:04: > service_provider@1.0.0 dev
2025-04-04 00:17:04: > cross-env NODE_ENV=development nodemon --watch 'src/**/*.ts' --exec 'ts-node' src/index.ts
2025-04-04 00:17:04: 
2025-04-04 00:17:04: [33m[nodemon] 3.1.9[39m
2025-04-04 00:17:04: [33m[nodemon] to restart at any time, enter `rs`[39m
2025-04-04 00:17:04: [33m[nodemon] watching path(s): src/**/*.ts[39m
2025-04-04 00:17:04: [33m[nodemon] watching extensions: ts[39m
2025-04-04 00:17:04: [32m[nodemon] starting `ts-node src/index.ts`[39m
2025-04-04 00:17:05: Certificate lengths: { config: 1044, meta: 1044 }
2025-04-04 00:17:05: ✅ Certificates match perfectly
2025-04-04 00:17:05: Full IDP Certificate Length: 1115
2025-04-04 00:17:05: Full SP Certificate Length: 1115
2025-04-04 00:17:05: SP Private Key Length: 1700
2025-04-04 00:17:08: [31m[nodemon] app crashed - waiting for file changes before starting...[39m
2025-04-04 00:17:09: 
2025-04-04 00:17:09: > service_provider@1.0.0 dev
2025-04-04 00:17:09: > cross-env NODE_ENV=development nodemon --watch 'src/**/*.ts' --exec 'ts-node' src/index.ts
2025-04-04 00:17:09: 
2025-04-04 00:17:09: [33m[nodemon] 3.1.9[39m
2025-04-04 00:17:09: [33m[nodemon] to restart at any time, enter `rs`[39m
2025-04-04 00:17:09: [33m[nodemon] watching path(s): src/**/*.ts[39m
2025-04-04 00:17:09: [33m[nodemon] watching extensions: ts[39m
2025-04-04 00:17:09: [32m[nodemon] starting `ts-node src/index.ts`[39m
2025-04-04 00:17:10: Certificate lengths: { config: 1044, meta: 1044 }
2025-04-04 00:17:10: ✅ Certificates match perfectly
2025-04-04 00:17:10: Full IDP Certificate Length: 1115
2025-04-04 00:17:10: Full SP Certificate Length: 1115
2025-04-04 00:17:10: SP Private Key Length: 1700
2025-04-04 00:17:13: [31m[nodemon] app crashed - waiting for file changes before starting...[39m
2025-04-04 00:17:13: 
2025-04-04 00:17:13: > service_provider@1.0.0 dev
2025-04-04 00:17:13: > cross-env NODE_ENV=development nodemon --watch 'src/**/*.ts' --exec 'ts-node' src/index.ts
2025-04-04 00:17:13: 
2025-04-04 00:17:13: [33m[nodemon] 3.1.9[39m
2025-04-04 00:17:13: [33m[nodemon] to restart at any time, enter `rs`[39m
2025-04-04 00:17:13: [33m[nodemon] watching path(s): src/**/*.ts[39m
2025-04-04 00:17:13: [33m[nodemon] watching extensions: ts[39m
2025-04-04 00:17:13: [32m[nodemon] starting `ts-node src/index.ts`[39m
2025-04-04 00:17:14: Certificate lengths: { config: 1044, meta: 1044 }
2025-04-04 00:17:14: ✅ Certificates match perfectly
2025-04-04 00:17:14: Full IDP Certificate Length: 1115
2025-04-04 00:17:14: Full SP Certificate Length: 1115
2025-04-04 00:17:14: SP Private Key Length: 1700
2025-04-04 00:17:15: [32m[nodemon] restarting due to changes...[39m
2025-04-04 00:17:15: [32m[nodemon] starting `ts-node src/index.ts`[39m
2025-04-04 00:17:16: 
2025-04-04 00:17:16: > service_provider@1.0.0 dev
2025-04-04 00:17:16: > cross-env NODE_ENV=development nodemon --watch 'src/**/*.ts' --exec 'ts-node' src/index.ts
2025-04-04 00:17:16: 
2025-04-04 00:17:16: [33m[nodemon] 3.1.9[39m
2025-04-04 00:17:16: [33m[nodemon] to restart at any time, enter `rs`[39m
2025-04-04 00:17:16: [33m[nodemon] watching path(s): src/**/*.ts[39m
2025-04-04 00:17:16: [33m[nodemon] watching extensions: ts[39m
2025-04-04 00:17:16: [32m[nodemon] starting `ts-node src/index.ts`[39m
2025-04-04 00:17:17: Certificate lengths: { config: 1044, meta: 1044 }
2025-04-04 00:17:17: ✅ Certificates match perfectly
2025-04-04 00:17:17: Full IDP Certificate Length: 1115
2025-04-04 00:17:17: Full SP Certificate Length: 1115
2025-04-04 00:17:17: SP Private Key Length: 1700
2025-04-04 00:17:20: [31m[nodemon] app crashed - waiting for file changes before starting...[39m
2025-04-04 00:17:20: 
2025-04-04 00:17:20: > service_provider@1.0.0 dev
2025-04-04 00:17:20: > cross-env NODE_ENV=development nodemon --watch 'src/**/*.ts' --exec 'ts-node' src/index.ts
2025-04-04 00:17:20: 
2025-04-04 00:17:21: [33m[nodemon] 3.1.9[39m
2025-04-04 00:17:21: [33m[nodemon] to restart at any time, enter `rs`[39m
2025-04-04 00:17:21: [33m[nodemon] watching path(s): src/**/*.ts[39m
2025-04-04 00:17:21: [33m[nodemon] watching extensions: ts[39m
2025-04-04 00:17:21: [32m[nodemon] starting `ts-node src/index.ts`[39m
2025-04-04 00:17:22: Certificate lengths: { config: 1044, meta: 1044 }
2025-04-04 00:17:22: ✅ Certificates match perfectly
2025-04-04 00:17:22: Full IDP Certificate Length: 1115
2025-04-04 00:17:22: Full SP Certificate Length: 1115
2025-04-04 00:17:22: SP Private Key Length: 1700
2025-04-04 00:17:25: [31m[nodemon] app crashed - waiting for file changes before starting...[39m
2025-04-04 00:17:25: 
2025-04-04 00:17:25: > service_provider@1.0.0 dev
2025-04-04 00:17:25: > cross-env NODE_ENV=development nodemon --watch 'src/**/*.ts' --exec 'ts-node' src/index.ts
2025-04-04 00:17:25: 
2025-04-04 00:17:25: [33m[nodemon] 3.1.9[39m
2025-04-04 00:17:25: [33m[nodemon] to restart at any time, enter `rs`[39m
2025-04-04 00:17:25: [33m[nodemon] watching path(s): src/**/*.ts[39m
2025-04-04 00:17:25: [33m[nodemon] watching extensions: ts[39m
2025-04-04 00:17:25: [32m[nodemon] starting `ts-node src/index.ts`[39m
2025-04-04 00:17:26: Certificate lengths: { config: 1044, meta: 1044 }
2025-04-04 00:17:26: ✅ Certificates match perfectly
2025-04-04 00:17:26: Full IDP Certificate Length: 1115
2025-04-04 00:17:26: Full SP Certificate Length: 1115
2025-04-04 00:17:26: SP Private Key Length: 1700
2025-04-04 00:17:29: [31m[nodemon] app crashed - waiting for file changes before starting...[39m
2025-04-04 00:17:29: 
2025-04-04 00:17:29: > service_provider@1.0.0 dev
2025-04-04 00:17:29: > cross-env NODE_ENV=development nodemon --watch 'src/**/*.ts' --exec 'ts-node' src/index.ts
2025-04-04 00:17:29: 
2025-04-04 00:17:30: [33m[nodemon] 3.1.9[39m
2025-04-04 00:17:30: [33m[nodemon] to restart at any time, enter `rs`[39m
2025-04-04 00:17:30: [33m[nodemon] watching path(s): src/**/*.ts[39m
2025-04-04 00:17:30: [33m[nodemon] watching extensions: ts[39m
2025-04-04 00:17:30: [32m[nodemon] starting `ts-node src/index.ts`[39m
2025-04-04 00:17:31: Certificate lengths: { config: 1044, meta: 1044 }
2025-04-04 00:17:31: ✅ Certificates match perfectly
2025-04-04 00:17:31: Full IDP Certificate Length: 1115
2025-04-04 00:17:31: Full SP Certificate Length: 1115
2025-04-04 00:17:31: SP Private Key Length: 1700
2025-04-04 00:17:34: [31m[nodemon] app crashed - waiting for file changes before starting...[39m
2025-04-04 00:17:34: 
2025-04-04 00:17:34: > service_provider@1.0.0 dev
2025-04-04 00:17:34: > cross-env NODE_ENV=development nodemon --watch 'src/**/*.ts' --exec 'ts-node' src/index.ts
2025-04-04 00:17:34: 
2025-04-04 00:17:34: [33m[nodemon] 3.1.9[39m
2025-04-04 00:17:34: [33m[nodemon] to restart at any time, enter `rs`[39m
2025-04-04 00:17:34: [33m[nodemon] watching path(s): src/**/*.ts[39m
2025-04-04 00:17:34: [33m[nodemon] watching extensions: ts[39m
2025-04-04 00:17:34: [32m[nodemon] starting `ts-node src/index.ts`[39m
2025-04-04 00:17:35: Certificate lengths: { config: 1044, meta: 1044 }
2025-04-04 00:17:35: ✅ Certificates match perfectly
2025-04-04 00:17:35: Full IDP Certificate Length: 1115
2025-04-04 00:17:35: Full SP Certificate Length: 1115
2025-04-04 00:17:35: SP Private Key Length: 1700
2025-04-04 00:17:38: [31m[nodemon] app crashed - waiting for file changes before starting...[39m
2025-04-04 00:17:39: 
2025-04-04 00:17:39: > service_provider@1.0.0 dev
2025-04-04 00:17:39: > cross-env NODE_ENV=development nodemon --watch 'src/**/*.ts' --exec 'ts-node' src/index.ts
2025-04-04 00:17:39: 
2025-04-04 00:17:39: [33m[nodemon] 3.1.9[39m
2025-04-04 00:17:39: [33m[nodemon] to restart at any time, enter `rs`[39m
2025-04-04 00:17:39: [33m[nodemon] watching path(s): src/**/*.ts[39m
2025-04-04 00:17:39: [33m[nodemon] watching extensions: ts[39m
2025-04-04 00:17:39: [32m[nodemon] starting `ts-node src/index.ts`[39m
2025-04-04 00:17:40: Certificate lengths: { config: 1044, meta: 1044 }
2025-04-04 00:17:40: ✅ Certificates match perfectly
2025-04-04 00:17:40: Full IDP Certificate Length: 1115
2025-04-04 00:17:40: Full SP Certificate Length: 1115
2025-04-04 00:17:40: SP Private Key Length: 1700
2025-04-04 00:17:43: [31m[nodemon] app crashed - waiting for file changes before starting...[39m
2025-04-04 00:17:43: 
2025-04-04 00:17:43: > service_provider@1.0.0 dev
2025-04-04 00:17:43: > cross-env NODE_ENV=development nodemon --watch 'src/**/*.ts' --exec 'ts-node' src/index.ts
2025-04-04 00:17:43: 
2025-04-04 00:17:43: [33m[nodemon] 3.1.9[39m
2025-04-04 00:17:43: [33m[nodemon] to restart at any time, enter `rs`[39m
2025-04-04 00:17:43: [33m[nodemon] watching path(s): src/**/*.ts[39m
2025-04-04 00:17:43: [33m[nodemon] watching extensions: ts[39m
2025-04-04 00:17:43: [32m[nodemon] starting `ts-node src/index.ts`[39m
2025-04-04 00:17:44: Certificate lengths: { config: 1044, meta: 1044 }
2025-04-04 00:17:44: ✅ Certificates match perfectly
2025-04-04 00:17:44: Full IDP Certificate Length: 1115
2025-04-04 00:17:44: Full SP Certificate Length: 1115
2025-04-04 00:17:44: SP Private Key Length: 1700
2025-04-04 00:17:47: [31m[nodemon] app crashed - waiting for file changes before starting...[39m
2025-04-04 00:17:47: 
2025-04-04 00:17:47: > service_provider@1.0.0 dev
2025-04-04 00:17:47: > cross-env NODE_ENV=development nodemon --watch 'src/**/*.ts' --exec 'ts-node' src/index.ts
2025-04-04 00:17:47: 
2025-04-04 00:17:48: [33m[nodemon] 3.1.9[39m
2025-04-04 00:17:48: [33m[nodemon] to restart at any time, enter `rs`[39m
2025-04-04 00:17:48: [33m[nodemon] watching path(s): src/**/*.ts[39m
2025-04-04 00:17:48: [33m[nodemon] watching extensions: ts[39m
2025-04-04 00:17:48: [32m[nodemon] starting `ts-node src/index.ts`[39m
2025-04-04 00:17:49: Certificate lengths: { config: 1044, meta: 1044 }
2025-04-04 00:17:49: ✅ Certificates match perfectly
2025-04-04 00:17:49: Full IDP Certificate Length: 1115
2025-04-04 00:17:49: Full SP Certificate Length: 1115
2025-04-04 00:17:49: SP Private Key Length: 1700
2025-04-04 00:17:51: [32m[nodemon] restarting due to changes...[39m
2025-04-04 00:17:51: [32m[nodemon] starting `ts-node src/index.ts`[39m
2025-04-04 00:17:52: 
2025-04-04 00:17:52: > service_provider@1.0.0 dev
2025-04-04 00:17:52: > cross-env NODE_ENV=development nodemon --watch 'src/**/*.ts' --exec 'ts-node' src/index.ts
2025-04-04 00:17:52: 
2025-04-04 00:17:52: [33m[nodemon] 3.1.9[39m
2025-04-04 00:17:52: [33m[nodemon] to restart at any time, enter `rs`[39m
2025-04-04 00:17:52: [33m[nodemon] watching path(s): src/**/*.ts[39m
2025-04-04 00:17:52: [33m[nodemon] watching extensions: ts[39m
2025-04-04 00:17:52: [32m[nodemon] starting `ts-node src/index.ts`[39m
2025-04-04 00:17:55: [32m[nodemon] restarting due to changes...[39m
2025-04-04 00:17:55: [32m[nodemon] starting `ts-node src/index.ts`[39m
2025-04-04 00:17:56: 
2025-04-04 00:17:56: > service_provider@1.0.0 dev
2025-04-04 00:17:56: > cross-env NODE_ENV=development nodemon --watch 'src/**/*.ts' --exec 'ts-node' src/index.ts
2025-04-04 00:17:56: 
2025-04-04 00:17:56: [33m[nodemon] 3.1.9[39m
2025-04-04 00:17:56: [33m[nodemon] to restart at any time, enter `rs`[39m
2025-04-04 00:17:56: [33m[nodemon] watching path(s): src/**/*.ts[39m
2025-04-04 00:17:56: [33m[nodemon] watching extensions: ts[39m
2025-04-04 00:17:56: [32m[nodemon] starting `ts-node src/index.ts`[39m
2025-04-04 00:17:57: Certificate lengths: { config: 1044, meta: 1044 }
2025-04-04 00:17:57: ✅ Certificates match perfectly
2025-04-04 00:17:57: Full IDP Certificate Length: 1115
2025-04-04 00:17:57: Full SP Certificate Length: 1115
2025-04-04 00:17:57: SP Private Key Length: 1700
2025-04-04 00:18:00: [31m[nodemon] app crashed - waiting for file changes before starting...[39m
2025-04-04 00:18:00: 
2025-04-04 00:18:00: > service_provider@1.0.0 dev
2025-04-04 00:18:00: > cross-env NODE_ENV=development nodemon --watch 'src/**/*.ts' --exec 'ts-node' src/index.ts
2025-04-04 00:18:00: 
2025-04-04 00:18:00: [33m[nodemon] 3.1.9[39m
2025-04-04 00:18:00: [33m[nodemon] to restart at any time, enter `rs`[39m
2025-04-04 00:18:00: [33m[nodemon] watching path(s): src/**/*.ts[39m
2025-04-04 00:18:00: [33m[nodemon] watching extensions: ts[39m
2025-04-04 00:18:00: [32m[nodemon] starting `ts-node src/index.ts`[39m
2025-04-04 00:18:01: Certificate lengths: { config: 1044, meta: 1044 }
2025-04-04 00:18:01: ✅ Certificates match perfectly
2025-04-04 00:18:01: Full IDP Certificate Length: 1115
2025-04-04 00:18:01: Full SP Certificate Length: 1115
2025-04-04 00:18:01: SP Private Key Length: 1700
2025-04-04 00:18:04: [31m[nodemon] app crashed - waiting for file changes before starting...[39m
2025-04-04 00:18:05: 
2025-04-04 00:18:05: > service_provider@1.0.0 dev
2025-04-04 00:18:05: > cross-env NODE_ENV=development nodemon --watch 'src/**/*.ts' --exec 'ts-node' src/index.ts
2025-04-04 00:18:05: 
2025-04-04 00:18:05: [33m[nodemon] 3.1.9[39m
2025-04-04 00:18:05: [33m[nodemon] to restart at any time, enter `rs`[39m
2025-04-04 00:18:05: [33m[nodemon] watching path(s): src/**/*.ts[39m
2025-04-04 00:18:05: [33m[nodemon] watching extensions: ts[39m
2025-04-04 00:18:05: [32m[nodemon] starting `ts-node src/index.ts`[39m
2025-04-04 00:18:06: Certificate lengths: { config: 1044, meta: 1044 }
2025-04-04 00:18:06: ✅ Certificates match perfectly
2025-04-04 00:18:06: Full IDP Certificate Length: 1115
2025-04-04 00:18:06: Full SP Certificate Length: 1115
2025-04-04 00:18:06: SP Private Key Length: 1700
2025-04-04 00:18:09: [31m[nodemon] app crashed - waiting for file changes before starting...[39m
2025-04-04 00:18:09: 
2025-04-04 00:18:09: > service_provider@1.0.0 dev
2025-04-04 00:18:09: > cross-env NODE_ENV=development nodemon --watch 'src/**/*.ts' --exec 'ts-node' src/index.ts
2025-04-04 00:18:09: 
2025-04-04 00:18:09: [33m[nodemon] 3.1.9[39m
2025-04-04 00:18:09: [33m[nodemon] to restart at any time, enter `rs`[39m
2025-04-04 00:18:09: [33m[nodemon] watching path(s): src/**/*.ts[39m
2025-04-04 00:18:09: [33m[nodemon] watching extensions: ts[39m
2025-04-04 00:18:09: [32m[nodemon] starting `ts-node src/index.ts`[39m
2025-04-04 00:18:11: Certificate lengths: { config: 1044, meta: 1044 }
2025-04-04 00:18:11: ✅ Certificates match perfectly
2025-04-04 00:18:11: Full IDP Certificate Length: 1115
2025-04-04 00:18:11: Full SP Certificate Length: 1115
2025-04-04 00:18:11: SP Private Key Length: 1700
2025-04-04 00:18:14: [31m[nodemon] app crashed - waiting for file changes before starting...[39m
2025-04-04 00:18:14: 
2025-04-04 00:18:14: > service_provider@1.0.0 dev
2025-04-04 00:18:14: > cross-env NODE_ENV=development nodemon --watch 'src/**/*.ts' --exec 'ts-node' src/index.ts
2025-04-04 00:18:14: 
2025-04-04 00:18:14: [33m[nodemon] 3.1.9[39m
2025-04-04 00:18:14: [33m[nodemon] to restart at any time, enter `rs`[39m
2025-04-04 00:18:14: [33m[nodemon] watching path(s): src/**/*.ts[39m
2025-04-04 00:18:14: [33m[nodemon] watching extensions: ts[39m
2025-04-04 00:18:14: [32m[nodemon] starting `ts-node src/index.ts`[39m
2025-04-04 00:18:15: Certificate lengths: { config: 1044, meta: 1044 }
2025-04-04 00:18:15: ✅ Certificates match perfectly
2025-04-04 00:18:15: Full IDP Certificate Length: 1115
2025-04-04 00:18:15: Full SP Certificate Length: 1115
2025-04-04 00:18:15: SP Private Key Length: 1700
2025-04-04 00:18:19: [31m[nodemon] app crashed - waiting for file changes before starting...[39m
2025-04-04 00:18:19: 
2025-04-04 00:18:19: > service_provider@1.0.0 dev
2025-04-04 00:18:19: > cross-env NODE_ENV=development nodemon --watch 'src/**/*.ts' --exec 'ts-node' src/index.ts
2025-04-04 00:18:19: 
2025-04-04 00:18:19: [33m[nodemon] 3.1.9[39m
2025-04-04 00:18:19: [33m[nodemon] to restart at any time, enter `rs`[39m
2025-04-04 00:18:19: [33m[nodemon] watching path(s): src/**/*.ts[39m
2025-04-04 00:18:19: [33m[nodemon] watching extensions: ts[39m
2025-04-04 00:18:19: [32m[nodemon] starting `ts-node src/index.ts`[39m
2025-04-04 00:18:20: Certificate lengths: { config: 1044, meta: 1044 }
2025-04-04 00:18:20: ✅ Certificates match perfectly
2025-04-04 00:18:20: Full IDP Certificate Length: 1115
2025-04-04 00:18:20: Full SP Certificate Length: 1115
2025-04-04 00:18:20: SP Private Key Length: 1700
2025-04-04 00:18:23: [31m[nodemon] app crashed - waiting for file changes before starting...[39m
2025-04-04 00:18:24: 
2025-04-04 00:18:24: > service_provider@1.0.0 dev
2025-04-04 00:18:24: > cross-env NODE_ENV=development nodemon --watch 'src/**/*.ts' --exec 'ts-node' src/index.ts
2025-04-04 00:18:24: 
2025-04-04 00:18:24: [33m[nodemon] 3.1.9[39m
2025-04-04 00:18:24: [33m[nodemon] to restart at any time, enter `rs`[39m
2025-04-04 00:18:24: [33m[nodemon] watching path(s): src/**/*.ts[39m
2025-04-04 00:18:24: [33m[nodemon] watching extensions: ts[39m
2025-04-04 00:18:24: [32m[nodemon] starting `ts-node src/index.ts`[39m
2025-04-04 00:18:25: Certificate lengths: { config: 1044, meta: 1044 }
2025-04-04 00:18:25: ✅ Certificates match perfectly
2025-04-04 00:18:25: Full IDP Certificate Length: 1115
2025-04-04 00:18:25: Full SP Certificate Length: 1115
2025-04-04 00:18:25: SP Private Key Length: 1700
2025-04-04 00:18:28: [31m[nodemon] app crashed - waiting for file changes before starting...[39m
2025-04-04 00:18:28: 
2025-04-04 00:18:28: > service_provider@1.0.0 dev
2025-04-04 00:18:28: > cross-env NODE_ENV=development nodemon --watch 'src/**/*.ts' --exec 'ts-node' src/index.ts
2025-04-04 00:18:28: 
2025-04-04 00:18:28: [33m[nodemon] 3.1.9[39m
2025-04-04 00:18:28: [33m[nodemon] to restart at any time, enter `rs`[39m
2025-04-04 00:18:28: [33m[nodemon] watching path(s): src/**/*.ts[39m
2025-04-04 00:18:28: [33m[nodemon] watching extensions: ts[39m
2025-04-04 00:18:28: [32m[nodemon] starting `ts-node src/index.ts`[39m
2025-04-04 00:18:29: Certificate lengths: { config: 1044, meta: 1044 }
2025-04-04 00:18:29: ✅ Certificates match perfectly
2025-04-04 00:18:29: Full IDP Certificate Length: 1115
2025-04-04 00:18:29: Full SP Certificate Length: 1115
2025-04-04 00:18:29: SP Private Key Length: 1700
2025-04-04 00:18:32: [31m[nodemon] app crashed - waiting for file changes before starting...[39m
2025-04-04 00:18:32: 
2025-04-04 00:18:32: > service_provider@1.0.0 dev
2025-04-04 00:18:32: > cross-env NODE_ENV=development nodemon --watch 'src/**/*.ts' --exec 'ts-node' src/index.ts
2025-04-04 00:18:32: 
2025-04-04 00:18:33: [33m[nodemon] 3.1.9[39m
2025-04-04 00:18:33: [33m[nodemon] to restart at any time, enter `rs`[39m
2025-04-04 00:18:33: [33m[nodemon] watching path(s): src/**/*.ts[39m
2025-04-04 00:18:33: [33m[nodemon] watching extensions: ts[39m
2025-04-04 00:18:33: [32m[nodemon] starting `ts-node src/index.ts`[39m
2025-04-04 00:18:33: Certificate lengths: { config: 1044, meta: 1044 }
2025-04-04 00:18:33: ✅ Certificates match perfectly
2025-04-04 00:18:33: Full IDP Certificate Length: 1115
2025-04-04 00:18:33: Full SP Certificate Length: 1115
2025-04-04 00:18:33: SP Private Key Length: 1700
2025-04-04 00:18:36: [31m[nodemon] app crashed - waiting for file changes before starting...[39m
2025-04-04 00:18:37: 
2025-04-04 00:18:37: > service_provider@1.0.0 dev
2025-04-04 00:18:37: > cross-env NODE_ENV=development nodemon --watch 'src/**/*.ts' --exec 'ts-node' src/index.ts
2025-04-04 00:18:37: 
2025-04-04 00:18:37: [33m[nodemon] 3.1.9[39m
2025-04-04 00:18:37: [33m[nodemon] to restart at any time, enter `rs`[39m
2025-04-04 00:18:37: [33m[nodemon] watching path(s): src/**/*.ts[39m
2025-04-04 00:18:37: [33m[nodemon] watching extensions: ts[39m
2025-04-04 00:18:37: [32m[nodemon] starting `ts-node src/index.ts`[39m
2025-04-04 00:18:38: Certificate lengths: { config: 1044, meta: 1044 }
2025-04-04 00:18:38: ✅ Certificates match perfectly
2025-04-04 00:18:38: Full IDP Certificate Length: 1115
2025-04-04 00:18:38: Full SP Certificate Length: 1115
2025-04-04 00:18:38: SP Private Key Length: 1700
2025-04-04 00:18:41: [31m[nodemon] app crashed - waiting for file changes before starting...[39m
2025-04-04 00:18:41: 
2025-04-04 00:18:41: > service_provider@1.0.0 dev
2025-04-04 00:18:41: > cross-env NODE_ENV=development nodemon --watch 'src/**/*.ts' --exec 'ts-node' src/index.ts
2025-04-04 00:18:41: 
2025-04-04 00:18:41: [33m[nodemon] 3.1.9[39m
2025-04-04 00:18:41: [33m[nodemon] to restart at any time, enter `rs`[39m
2025-04-04 00:18:41: [33m[nodemon] watching path(s): src/**/*.ts[39m
2025-04-04 00:18:41: [33m[nodemon] watching extensions: ts[39m
2025-04-04 00:18:41: [32m[nodemon] starting `ts-node src/index.ts`[39m
2025-04-04 00:18:42: Certificate lengths: { config: 1044, meta: 1044 }
2025-04-04 00:18:42: ✅ Certificates match perfectly
2025-04-04 00:18:42: Full IDP Certificate Length: 1115
2025-04-04 00:18:42: Full SP Certificate Length: 1115
2025-04-04 00:18:42: SP Private Key Length: 1700
2025-04-04 00:18:45: [31m[nodemon] app crashed - waiting for file changes before starting...[39m
2025-04-04 00:18:46: 
2025-04-04 00:18:46: > service_provider@1.0.0 dev
2025-04-04 00:18:46: > cross-env NODE_ENV=development nodemon --watch 'src/**/*.ts' --exec 'ts-node' src/index.ts
2025-04-04 00:18:46: 
2025-04-04 00:18:46: [33m[nodemon] 3.1.9[39m
2025-04-04 00:18:46: [33m[nodemon] to restart at any time, enter `rs`[39m
2025-04-04 00:18:46: [33m[nodemon] watching path(s): src/**/*.ts[39m
2025-04-04 00:18:46: [33m[nodemon] watching extensions: ts[39m
2025-04-04 00:18:46: [32m[nodemon] starting `ts-node src/index.ts`[39m
2025-04-04 00:18:47: Certificate lengths: { config: 1044, meta: 1044 }
2025-04-04 00:18:47: ✅ Certificates match perfectly
2025-04-04 00:18:47: Full IDP Certificate Length: 1115
2025-04-04 00:18:47: Full SP Certificate Length: 1115
2025-04-04 00:18:47: SP Private Key Length: 1700
2025-04-04 00:18:50: [31m[nodemon] app crashed - waiting for file changes before starting...[39m
2025-04-04 00:18:50: 
2025-04-04 00:18:50: > service_provider@1.0.0 dev
2025-04-04 00:18:50: > cross-env NODE_ENV=development nodemon --watch 'src/**/*.ts' --exec 'ts-node' src/index.ts
2025-04-04 00:18:50: 
2025-04-04 00:18:50: [33m[nodemon] 3.1.9[39m
2025-04-04 00:18:50: [33m[nodemon] to restart at any time, enter `rs`[39m
2025-04-04 00:18:50: [33m[nodemon] watching path(s): src/**/*.ts[39m
2025-04-04 00:18:50: [33m[nodemon] watching extensions: ts[39m
2025-04-04 00:18:50: [32m[nodemon] starting `ts-node src/index.ts`[39m
2025-04-04 00:18:51: Certificate lengths: { config: 1044, meta: 1044 }
2025-04-04 00:18:51: ✅ Certificates match perfectly
2025-04-04 00:18:51: Full IDP Certificate Length: 1115
2025-04-04 00:18:51: Full SP Certificate Length: 1115
2025-04-04 00:18:51: SP Private Key Length: 1700
2025-04-04 00:18:54: [31m[nodemon] app crashed - waiting for file changes before starting...[39m
2025-04-04 00:18:55: 
2025-04-04 00:18:55: > service_provider@1.0.0 dev
2025-04-04 00:18:55: > cross-env NODE_ENV=development nodemon --watch 'src/**/*.ts' --exec 'ts-node' src/index.ts
2025-04-04 00:18:55: 
2025-04-04 00:18:55: [33m[nodemon] 3.1.9[39m
2025-04-04 00:18:55: [33m[nodemon] to restart at any time, enter `rs`[39m
2025-04-04 00:18:55: [33m[nodemon] watching path(s): src/**/*.ts[39m
2025-04-04 00:18:55: [33m[nodemon] watching extensions: ts[39m
2025-04-04 00:18:55: [32m[nodemon] starting `ts-node src/index.ts`[39m
2025-04-04 00:18:56: Certificate lengths: { config: 1044, meta: 1044 }
2025-04-04 00:18:56: ✅ Certificates match perfectly
2025-04-04 00:18:56: Full IDP Certificate Length: 1115
2025-04-04 00:18:56: Full SP Certificate Length: 1115
2025-04-04 00:18:56: SP Private Key Length: 1700
2025-04-04 00:18:59: [31m[nodemon] app crashed - waiting for file changes before starting...[39m
2025-04-04 00:18:59: 
2025-04-04 00:18:59: > service_provider@1.0.0 dev
2025-04-04 00:18:59: > cross-env NODE_ENV=development nodemon --watch 'src/**/*.ts' --exec 'ts-node' src/index.ts
2025-04-04 00:18:59: 
2025-04-04 00:18:59: [33m[nodemon] 3.1.9[39m
2025-04-04 00:18:59: [33m[nodemon] to restart at any time, enter `rs`[39m
2025-04-04 00:18:59: [33m[nodemon] watching path(s): src/**/*.ts[39m
2025-04-04 00:18:59: [33m[nodemon] watching extensions: ts[39m
2025-04-04 00:18:59: [32m[nodemon] starting `ts-node src/index.ts`[39m
2025-04-04 00:19:00: Certificate lengths: { config: 1044, meta: 1044 }
2025-04-04 00:19:00: ✅ Certificates match perfectly
2025-04-04 00:19:00: Full IDP Certificate Length: 1115
2025-04-04 00:19:00: Full SP Certificate Length: 1115
2025-04-04 00:19:00: SP Private Key Length: 1700
2025-04-04 00:19:03: [31m[nodemon] app crashed - waiting for file changes before starting...[39m
2025-04-04 00:19:04: 
2025-04-04 00:19:04: > service_provider@1.0.0 dev
2025-04-04 00:19:04: > cross-env NODE_ENV=development nodemon --watch 'src/**/*.ts' --exec 'ts-node' src/index.ts
2025-04-04 00:19:04: 
2025-04-04 00:19:04: [33m[nodemon] 3.1.9[39m
2025-04-04 00:19:04: [33m[nodemon] to restart at any time, enter `rs`[39m
2025-04-04 00:19:04: [33m[nodemon] watching path(s): src/**/*.ts[39m
2025-04-04 00:19:04: [33m[nodemon] watching extensions: ts[39m
2025-04-04 00:19:04: [32m[nodemon] starting `ts-node src/index.ts`[39m
2025-04-04 00:19:05: Certificate lengths: { config: 1044, meta: 1044 }
2025-04-04 00:19:05: ✅ Certificates match perfectly
2025-04-04 00:19:05: Full IDP Certificate Length: 1115
2025-04-04 00:19:05: Full SP Certificate Length: 1115
2025-04-04 00:19:05: SP Private Key Length: 1700
2025-04-04 00:19:08: [31m[nodemon] app crashed - waiting for file changes before starting...[39m
2025-04-04 00:19:08: 
2025-04-04 00:19:08: > service_provider@1.0.0 dev
2025-04-04 00:19:08: > cross-env NODE_ENV=development nodemon --watch 'src/**/*.ts' --exec 'ts-node' src/index.ts
2025-04-04 00:19:08: 
2025-04-04 00:19:08: [33m[nodemon] 3.1.9[39m
2025-04-04 00:19:08: [33m[nodemon] to restart at any time, enter `rs`[39m
2025-04-04 00:19:08: [33m[nodemon] watching path(s): src/**/*.ts[39m
2025-04-04 00:19:08: [33m[nodemon] watching extensions: ts[39m
2025-04-04 00:19:08: [32m[nodemon] starting `ts-node src/index.ts`[39m
2025-04-04 00:19:09: Certificate lengths: { config: 1044, meta: 1044 }
2025-04-04 00:19:09: ✅ Certificates match perfectly
2025-04-04 00:19:09: Full IDP Certificate Length: 1115
2025-04-04 00:19:09: Full SP Certificate Length: 1115
2025-04-04 00:19:09: SP Private Key Length: 1700
2025-04-04 00:19:12: [31m[nodemon] app crashed - waiting for file changes before starting...[39m
2025-04-04 00:19:12: 
2025-04-04 00:19:12: > service_provider@1.0.0 dev
2025-04-04 00:19:12: > cross-env NODE_ENV=development nodemon --watch 'src/**/*.ts' --exec 'ts-node' src/index.ts
2025-04-04 00:19:12: 
2025-04-04 00:19:12: [33m[nodemon] 3.1.9[39m
2025-04-04 00:19:12: [33m[nodemon] to restart at any time, enter `rs`[39m
2025-04-04 00:19:12: [33m[nodemon] watching path(s): src/**/*.ts[39m
2025-04-04 00:19:12: [33m[nodemon] watching extensions: ts[39m
2025-04-04 00:19:12: [32m[nodemon] starting `ts-node src/index.ts`[39m
2025-04-04 00:19:13: Certificate lengths: { config: 1044, meta: 1044 }
2025-04-04 00:19:13: ✅ Certificates match perfectly
2025-04-04 00:19:13: Full IDP Certificate Length: 1115
2025-04-04 00:19:13: Full SP Certificate Length: 1115
2025-04-04 00:19:13: SP Private Key Length: 1700
2025-04-04 00:19:16: [31m[nodemon] app crashed - waiting for file changes before starting...[39m
2025-04-04 00:19:17: 
2025-04-04 00:19:17: > service_provider@1.0.0 dev
2025-04-04 00:19:17: > cross-env NODE_ENV=development nodemon --watch 'src/**/*.ts' --exec 'ts-node' src/index.ts
2025-04-04 00:19:17: 
2025-04-04 00:19:17: [33m[nodemon] 3.1.9[39m
2025-04-04 00:19:17: [33m[nodemon] to restart at any time, enter `rs`[39m
2025-04-04 00:19:17: [33m[nodemon] watching path(s): src/**/*.ts[39m
2025-04-04 00:19:17: [33m[nodemon] watching extensions: ts[39m
2025-04-04 00:19:17: [32m[nodemon] starting `ts-node src/index.ts`[39m
2025-04-04 00:19:18: Certificate lengths: { config: 1044, meta: 1044 }
2025-04-04 00:19:18: ✅ Certificates match perfectly
2025-04-04 00:19:18: Full IDP Certificate Length: 1115
2025-04-04 00:19:18: Full SP Certificate Length: 1115
2025-04-04 00:19:18: SP Private Key Length: 1700
2025-04-04 00:19:21: [31m[nodemon] app crashed - waiting for file changes before starting...[39m
2025-04-04 00:19:21: 
2025-04-04 00:19:21: > service_provider@1.0.0 dev
2025-04-04 00:19:21: > cross-env NODE_ENV=development nodemon --watch 'src/**/*.ts' --exec 'ts-node' src/index.ts
2025-04-04 00:19:21: 
2025-04-04 00:19:21: [33m[nodemon] 3.1.9[39m
2025-04-04 00:19:21: [33m[nodemon] to restart at any time, enter `rs`[39m
2025-04-04 00:19:21: [33m[nodemon] watching path(s): src/**/*.ts[39m
2025-04-04 00:19:21: [33m[nodemon] watching extensions: ts[39m
2025-04-04 00:19:21: [32m[nodemon] starting `ts-node src/index.ts`[39m
2025-04-04 00:19:22: Certificate lengths: { config: 1044, meta: 1044 }
2025-04-04 00:19:22: ✅ Certificates match perfectly
2025-04-04 00:19:22: Full IDP Certificate Length: 1115
2025-04-04 00:19:22: Full SP Certificate Length: 1115
2025-04-04 00:19:22: SP Private Key Length: 1700
2025-04-04 00:19:25: [31m[nodemon] app crashed - waiting for file changes before starting...[39m
2025-04-04 00:19:25: 
2025-04-04 00:19:25: > service_provider@1.0.0 dev
2025-04-04 00:19:25: > cross-env NODE_ENV=development nodemon --watch 'src/**/*.ts' --exec 'ts-node' src/index.ts
2025-04-04 00:19:25: 
2025-04-04 00:19:26: [33m[nodemon] 3.1.9[39m
2025-04-04 00:19:26: [33m[nodemon] to restart at any time, enter `rs`[39m
2025-04-04 00:19:26: [33m[nodemon] watching path(s): src/**/*.ts[39m
2025-04-04 00:19:26: [33m[nodemon] watching extensions: ts[39m
2025-04-04 00:19:26: [32m[nodemon] starting `ts-node src/index.ts`[39m
2025-04-04 00:19:26: Certificate lengths: { config: 1044, meta: 1044 }
2025-04-04 00:19:26: ✅ Certificates match perfectly
2025-04-04 00:19:26: Full IDP Certificate Length: 1115
2025-04-04 00:19:26: Full SP Certificate Length: 1115
2025-04-04 00:19:26: SP Private Key Length: 1700
2025-04-04 00:19:30: [31m[nodemon] app crashed - waiting for file changes before starting...[39m
2025-04-04 00:19:30: 
2025-04-04 00:19:30: > service_provider@1.0.0 dev
2025-04-04 00:19:30: > cross-env NODE_ENV=development nodemon --watch 'src/**/*.ts' --exec 'ts-node' src/index.ts
2025-04-04 00:19:30: 
2025-04-04 00:19:30: [33m[nodemon] 3.1.9[39m
2025-04-04 00:19:30: [33m[nodemon] to restart at any time, enter `rs`[39m
2025-04-04 00:19:30: [33m[nodemon] watching path(s): src/**/*.ts[39m
2025-04-04 00:19:30: [33m[nodemon] watching extensions: ts[39m
2025-04-04 00:19:30: [32m[nodemon] starting `ts-node src/index.ts`[39m
2025-04-04 00:19:31: Certificate lengths: { config: 1044, meta: 1044 }
2025-04-04 00:19:31: ✅ Certificates match perfectly
2025-04-04 00:19:31: Full IDP Certificate Length: 1115
2025-04-04 00:19:31: Full SP Certificate Length: 1115
2025-04-04 00:19:31: SP Private Key Length: 1700
2025-04-04 00:19:34: [31m[nodemon] app crashed - waiting for file changes before starting...[39m
2025-04-04 00:19:35: 
2025-04-04 00:19:35: > service_provider@1.0.0 dev
2025-04-04 00:19:35: > cross-env NODE_ENV=development nodemon --watch 'src/**/*.ts' --exec 'ts-node' src/index.ts
2025-04-04 00:19:35: 
2025-04-04 00:19:35: [33m[nodemon] 3.1.9[39m
2025-04-04 00:19:35: [33m[nodemon] to restart at any time, enter `rs`[39m
2025-04-04 00:19:35: [33m[nodemon] watching path(s): src/**/*.ts[39m
2025-04-04 00:19:35: [33m[nodemon] watching extensions: ts[39m
2025-04-04 00:19:35: [32m[nodemon] starting `ts-node src/index.ts`[39m
2025-04-04 00:19:36: Certificate lengths: { config: 1044, meta: 1044 }
2025-04-04 00:19:36: ✅ Certificates match perfectly
2025-04-04 00:19:36: Full IDP Certificate Length: 1115
2025-04-04 00:19:36: Full SP Certificate Length: 1115
2025-04-04 00:19:36: SP Private Key Length: 1700
2025-04-04 00:19:39: [31m[nodemon] app crashed - waiting for file changes before starting...[39m
2025-04-04 00:19:39: 
2025-04-04 00:19:39: > service_provider@1.0.0 dev
2025-04-04 00:19:39: > cross-env NODE_ENV=development nodemon --watch 'src/**/*.ts' --exec 'ts-node' src/index.ts
2025-04-04 00:19:39: 
2025-04-04 00:19:40: [33m[nodemon] 3.1.9[39m
2025-04-04 00:19:40: [33m[nodemon] to restart at any time, enter `rs`[39m
2025-04-04 00:19:40: [33m[nodemon] watching path(s): src/**/*.ts[39m
2025-04-04 00:19:40: [33m[nodemon] watching extensions: ts[39m
2025-04-04 00:19:40: [32m[nodemon] starting `ts-node src/index.ts`[39m
2025-04-04 00:19:41: Certificate lengths: { config: 1044, meta: 1044 }
2025-04-04 00:19:41: ✅ Certificates match perfectly
2025-04-04 00:19:41: Full IDP Certificate Length: 1115
2025-04-04 00:19:41: Full SP Certificate Length: 1115
2025-04-04 00:19:41: SP Private Key Length: 1700
2025-04-04 00:19:44: [31m[nodemon] app crashed - waiting for file changes before starting...[39m
2025-04-04 00:19:44: 
2025-04-04 00:19:44: > service_provider@1.0.0 dev
2025-04-04 00:19:44: > cross-env NODE_ENV=development nodemon --watch 'src/**/*.ts' --exec 'ts-node' src/index.ts
2025-04-04 00:19:44: 
2025-04-04 00:19:44: [33m[nodemon] 3.1.9[39m
2025-04-04 00:19:44: [33m[nodemon] to restart at any time, enter `rs`[39m
2025-04-04 00:19:44: [33m[nodemon] watching path(s): src/**/*.ts[39m
2025-04-04 00:19:44: [33m[nodemon] watching extensions: ts[39m
2025-04-04 00:19:44: [32m[nodemon] starting `ts-node src/index.ts`[39m
2025-04-04 00:19:45: Certificate lengths: { config: 1044, meta: 1044 }
2025-04-04 00:19:45: ✅ Certificates match perfectly
2025-04-04 00:19:45: Full IDP Certificate Length: 1115
2025-04-04 00:19:45: Full SP Certificate Length: 1115
2025-04-04 00:19:45: SP Private Key Length: 1700
2025-04-04 00:19:48: [31m[nodemon] app crashed - waiting for file changes before starting...[39m
2025-04-04 00:19:49: 
2025-04-04 00:19:49: > service_provider@1.0.0 dev
2025-04-04 00:19:49: > cross-env NODE_ENV=development nodemon --watch 'src/**/*.ts' --exec 'ts-node' src/index.ts
2025-04-04 00:19:49: 
2025-04-04 00:19:49: [33m[nodemon] 3.1.9[39m
2025-04-04 00:19:49: [33m[nodemon] to restart at any time, enter `rs`[39m
2025-04-04 00:19:49: [33m[nodemon] watching path(s): src/**/*.ts[39m
2025-04-04 00:19:49: [33m[nodemon] watching extensions: ts[39m
2025-04-04 00:19:49: [32m[nodemon] starting `ts-node src/index.ts`[39m
2025-04-04 00:19:50: Certificate lengths: { config: 1044, meta: 1044 }
2025-04-04 00:19:50: ✅ Certificates match perfectly
2025-04-04 00:19:50: Full IDP Certificate Length: 1115
2025-04-04 00:19:50: Full SP Certificate Length: 1115
2025-04-04 00:19:50: SP Private Key Length: 1700
2025-04-04 00:19:53: [31m[nodemon] app crashed - waiting for file changes before starting...[39m
2025-04-04 00:19:53: 
2025-04-04 00:19:53: > service_provider@1.0.0 dev
2025-04-04 00:19:53: > cross-env NODE_ENV=development nodemon --watch 'src/**/*.ts' --exec 'ts-node' src/index.ts
2025-04-04 00:19:53: 
2025-04-04 00:19:53: [33m[nodemon] 3.1.9[39m
2025-04-04 00:19:53: [33m[nodemon] to restart at any time, enter `rs`[39m
2025-04-04 00:19:53: [33m[nodemon] watching path(s): src/**/*.ts[39m
2025-04-04 00:19:53: [33m[nodemon] watching extensions: ts[39m
2025-04-04 00:19:53: [32m[nodemon] starting `ts-node src/index.ts`[39m
2025-04-04 00:19:54: Certificate lengths: { config: 1044, meta: 1044 }
2025-04-04 00:19:54: ✅ Certificates match perfectly
2025-04-04 00:19:54: Full IDP Certificate Length: 1115
2025-04-04 00:19:54: Full SP Certificate Length: 1115
2025-04-04 00:19:54: SP Private Key Length: 1700
2025-04-04 00:19:57: [31m[nodemon] app crashed - waiting for file changes before starting...[39m
2025-04-04 00:19:58: 
2025-04-04 00:19:58: > service_provider@1.0.0 dev
2025-04-04 00:19:58: > cross-env NODE_ENV=development nodemon --watch 'src/**/*.ts' --exec 'ts-node' src/index.ts
2025-04-04 00:19:58: 
2025-04-04 00:19:58: [33m[nodemon] 3.1.9[39m
2025-04-04 00:19:58: [33m[nodemon] to restart at any time, enter `rs`[39m
2025-04-04 00:19:58: [33m[nodemon] watching path(s): src/**/*.ts[39m
2025-04-04 00:19:58: [33m[nodemon] watching extensions: ts[39m
2025-04-04 00:19:58: [32m[nodemon] starting `ts-node src/index.ts`[39m
2025-04-04 00:19:59: Certificate lengths: { config: 1044, meta: 1044 }
2025-04-04 00:19:59: ✅ Certificates match perfectly
2025-04-04 00:19:59: Full IDP Certificate Length: 1115
2025-04-04 00:19:59: Full SP Certificate Length: 1115
2025-04-04 00:19:59: SP Private Key Length: 1700
2025-04-04 00:20:02: [31m[nodemon] app crashed - waiting for file changes before starting...[39m
2025-04-04 00:20:02: 
2025-04-04 00:20:02: > service_provider@1.0.0 dev
2025-04-04 00:20:02: > cross-env NODE_ENV=development nodemon --watch 'src/**/*.ts' --exec 'ts-node' src/index.ts
2025-04-04 00:20:02: 
2025-04-04 00:20:02: [33m[nodemon] 3.1.9[39m
2025-04-04 00:20:02: [33m[nodemon] to restart at any time, enter `rs`[39m
2025-04-04 00:20:02: [33m[nodemon] watching path(s): src/**/*.ts[39m
2025-04-04 00:20:02: [33m[nodemon] watching extensions: ts[39m
2025-04-04 00:20:02: [32m[nodemon] starting `ts-node src/index.ts`[39m
2025-04-04 00:20:03: Certificate lengths: { config: 1044, meta: 1044 }
2025-04-04 00:20:03: ✅ Certificates match perfectly
2025-04-04 00:20:03: Full IDP Certificate Length: 1115
2025-04-04 00:20:03: Full SP Certificate Length: 1115
2025-04-04 00:20:03: SP Private Key Length: 1700
2025-04-04 00:20:06: [31m[nodemon] app crashed - waiting for file changes before starting...[39m
2025-04-04 00:20:07: 
2025-04-04 00:20:07: > service_provider@1.0.0 dev
2025-04-04 00:20:07: > cross-env NODE_ENV=development nodemon --watch 'src/**/*.ts' --exec 'ts-node' src/index.ts
2025-04-04 00:20:07: 
2025-04-04 00:20:07: [33m[nodemon] 3.1.9[39m
2025-04-04 00:20:07: [33m[nodemon] to restart at any time, enter `rs`[39m
2025-04-04 00:20:07: [33m[nodemon] watching path(s): src/**/*.ts[39m
2025-04-04 00:20:07: [33m[nodemon] watching extensions: ts[39m
2025-04-04 00:20:07: [32m[nodemon] starting `ts-node src/index.ts`[39m
2025-04-04 00:20:08: Certificate lengths: { config: 1044, meta: 1044 }
2025-04-04 00:20:08: ✅ Certificates match perfectly
2025-04-04 00:20:08: Full IDP Certificate Length: 1115
2025-04-04 00:20:08: Full SP Certificate Length: 1115
2025-04-04 00:20:08: SP Private Key Length: 1700
2025-04-04 00:20:11: [31m[nodemon] app crashed - waiting for file changes before starting...[39m
2025-04-04 00:20:11: 
2025-04-04 00:20:11: > service_provider@1.0.0 dev
2025-04-04 00:20:11: > cross-env NODE_ENV=development nodemon --watch 'src/**/*.ts' --exec 'ts-node' src/index.ts
2025-04-04 00:20:11: 
2025-04-04 00:20:11: [33m[nodemon] 3.1.9[39m
2025-04-04 00:20:11: [33m[nodemon] to restart at any time, enter `rs`[39m
2025-04-04 00:20:11: [33m[nodemon] watching path(s): src/**/*.ts[39m
2025-04-04 00:20:11: [33m[nodemon] watching extensions: ts[39m
2025-04-04 00:20:11: [32m[nodemon] starting `ts-node src/index.ts`[39m
2025-04-04 00:20:12: Certificate lengths: { config: 1044, meta: 1044 }
2025-04-04 00:20:12: ✅ Certificates match perfectly
2025-04-04 00:20:12: Full IDP Certificate Length: 1115
2025-04-04 00:20:12: Full SP Certificate Length: 1115
2025-04-04 00:20:12: SP Private Key Length: 1700
2025-04-04 00:20:15: [31m[nodemon] app crashed - waiting for file changes before starting...[39m
2025-04-04 00:20:15: 
2025-04-04 00:20:15: > service_provider@1.0.0 dev
2025-04-04 00:20:15: > cross-env NODE_ENV=development nodemon --watch 'src/**/*.ts' --exec 'ts-node' src/index.ts
2025-04-04 00:20:15: 
2025-04-04 00:20:15: [33m[nodemon] 3.1.9[39m
2025-04-04 00:20:15: [33m[nodemon] to restart at any time, enter `rs`[39m
2025-04-04 00:20:15: [33m[nodemon] watching path(s): src/**/*.ts[39m
2025-04-04 00:20:15: [33m[nodemon] watching extensions: ts[39m
2025-04-04 00:20:15: [32m[nodemon] starting `ts-node src/index.ts`[39m
2025-04-04 00:20:16: Certificate lengths: { config: 1044, meta: 1044 }
2025-04-04 00:20:16: ✅ Certificates match perfectly
2025-04-04 00:20:16: Full IDP Certificate Length: 1115
2025-04-04 00:20:16: Full SP Certificate Length: 1115
2025-04-04 00:20:16: SP Private Key Length: 1700
2025-04-04 00:20:19: [31m[nodemon] app crashed - waiting for file changes before starting...[39m
2025-04-04 00:20:20: 
2025-04-04 00:20:20: > service_provider@1.0.0 dev
2025-04-04 00:20:20: > cross-env NODE_ENV=development nodemon --watch 'src/**/*.ts' --exec 'ts-node' src/index.ts
2025-04-04 00:20:20: 
2025-04-04 00:20:20: [33m[nodemon] 3.1.9[39m
2025-04-04 00:20:20: [33m[nodemon] to restart at any time, enter `rs`[39m
2025-04-04 00:20:20: [33m[nodemon] watching path(s): src/**/*.ts[39m
2025-04-04 00:20:20: [33m[nodemon] watching extensions: ts[39m
2025-04-04 00:20:20: [32m[nodemon] starting `ts-node src/index.ts`[39m
2025-04-04 00:20:21: Certificate lengths: { config: 1044, meta: 1044 }
2025-04-04 00:20:21: ✅ Certificates match perfectly
2025-04-04 00:20:21: Full IDP Certificate Length: 1115
2025-04-04 00:20:21: Full SP Certificate Length: 1115
2025-04-04 00:20:21: SP Private Key Length: 1700
2025-04-04 00:20:24: [31m[nodemon] app crashed - waiting for file changes before starting...[39m
2025-04-04 00:20:24: 
2025-04-04 00:20:24: > service_provider@1.0.0 dev
2025-04-04 00:20:24: > cross-env NODE_ENV=development nodemon --watch 'src/**/*.ts' --exec 'ts-node' src/index.ts
2025-04-04 00:20:24: 
2025-04-04 00:20:25: [33m[nodemon] 3.1.9[39m
2025-04-04 00:20:25: [33m[nodemon] to restart at any time, enter `rs`[39m
2025-04-04 00:20:25: [33m[nodemon] watching path(s): src/**/*.ts[39m
2025-04-04 00:20:25: [33m[nodemon] watching extensions: ts[39m
2025-04-04 00:20:25: [32m[nodemon] starting `ts-node src/index.ts`[39m
2025-04-04 00:20:26: Certificate lengths: { config: 1044, meta: 1044 }
2025-04-04 00:20:26: ✅ Certificates match perfectly
2025-04-04 00:20:26: Full IDP Certificate Length: 1115
2025-04-04 00:20:26: Full SP Certificate Length: 1115
2025-04-04 00:20:26: SP Private Key Length: 1700
2025-04-04 00:20:29: [31m[nodemon] app crashed - waiting for file changes before starting...[39m
2025-04-04 00:20:29: 
2025-04-04 00:20:29: > service_provider@1.0.0 dev
2025-04-04 00:20:29: > cross-env NODE_ENV=development nodemon --watch 'src/**/*.ts' --exec 'ts-node' src/index.ts
2025-04-04 00:20:29: 
2025-04-04 00:20:30: [33m[nodemon] 3.1.9[39m
2025-04-04 00:20:30: [33m[nodemon] to restart at any time, enter `rs`[39m
2025-04-04 00:20:30: [33m[nodemon] watching path(s): src/**/*.ts[39m
2025-04-04 00:20:30: [33m[nodemon] watching extensions: ts[39m
2025-04-04 00:20:30: [32m[nodemon] starting `ts-node src/index.ts`[39m
2025-04-04 00:20:31: Certificate lengths: { config: 1044, meta: 1044 }
2025-04-04 00:20:31: ✅ Certificates match perfectly
2025-04-04 00:20:31: Full IDP Certificate Length: 1115
2025-04-04 00:20:31: Full SP Certificate Length: 1115
2025-04-04 00:20:31: SP Private Key Length: 1700
2025-04-04 00:20:34: [31m[nodemon] app crashed - waiting for file changes before starting...[39m
2025-04-04 00:20:34: 
2025-04-04 00:20:34: > service_provider@1.0.0 dev
2025-04-04 00:20:34: > cross-env NODE_ENV=development nodemon --watch 'src/**/*.ts' --exec 'ts-node' src/index.ts
2025-04-04 00:20:34: 
2025-04-04 00:20:34: [33m[nodemon] 3.1.9[39m
2025-04-04 00:20:34: [33m[nodemon] to restart at any time, enter `rs`[39m
2025-04-04 00:20:34: [33m[nodemon] watching path(s): src/**/*.ts[39m
2025-04-04 00:20:34: [33m[nodemon] watching extensions: ts[39m
2025-04-04 00:20:34: [32m[nodemon] starting `ts-node src/index.ts`[39m
2025-04-04 00:20:35: Certificate lengths: { config: 1044, meta: 1044 }
2025-04-04 00:20:35: ✅ Certificates match perfectly
2025-04-04 00:20:35: Full IDP Certificate Length: 1115
2025-04-04 00:20:35: Full SP Certificate Length: 1115
2025-04-04 00:20:35: SP Private Key Length: 1700
2025-04-04 00:20:38: [31m[nodemon] app crashed - waiting for file changes before starting...[39m
2025-04-04 00:20:39: 
2025-04-04 00:20:39: > service_provider@1.0.0 dev
2025-04-04 00:20:39: > cross-env NODE_ENV=development nodemon --watch 'src/**/*.ts' --exec 'ts-node' src/index.ts
2025-04-04 00:20:39: 
2025-04-04 00:20:39: [33m[nodemon] 3.1.9[39m
2025-04-04 00:20:39: [33m[nodemon] to restart at any time, enter `rs`[39m
2025-04-04 00:20:39: [33m[nodemon] watching path(s): src/**/*.ts[39m
2025-04-04 00:20:39: [33m[nodemon] watching extensions: ts[39m
2025-04-04 00:20:39: [32m[nodemon] starting `ts-node src/index.ts`[39m
2025-04-04 00:20:40: Certificate lengths: { config: 1044, meta: 1044 }
2025-04-04 00:20:40: ✅ Certificates match perfectly
2025-04-04 00:20:40: Full IDP Certificate Length: 1115
2025-04-04 00:20:40: Full SP Certificate Length: 1115
2025-04-04 00:20:40: SP Private Key Length: 1700
2025-04-04 00:20:43: [31m[nodemon] app crashed - waiting for file changes before starting...[39m
2025-04-04 00:20:43: 
2025-04-04 00:20:43: > service_provider@1.0.0 dev
2025-04-04 00:20:43: > cross-env NODE_ENV=development nodemon --watch 'src/**/*.ts' --exec 'ts-node' src/index.ts
2025-04-04 00:20:43: 
2025-04-04 00:20:43: [33m[nodemon] 3.1.9[39m
2025-04-04 00:20:43: [33m[nodemon] to restart at any time, enter `rs`[39m
2025-04-04 00:20:43: [33m[nodemon] watching path(s): src/**/*.ts[39m
2025-04-04 00:20:43: [33m[nodemon] watching extensions: ts[39m
2025-04-04 00:20:43: [32m[nodemon] starting `ts-node src/index.ts`[39m
2025-04-04 00:20:44: Certificate lengths: { config: 1044, meta: 1044 }
2025-04-04 00:20:44: ✅ Certificates match perfectly
2025-04-04 00:20:44: Full IDP Certificate Length: 1115
2025-04-04 00:20:44: Full SP Certificate Length: 1115
2025-04-04 00:20:44: SP Private Key Length: 1700
2025-04-04 00:20:47: [31m[nodemon] app crashed - waiting for file changes before starting...[39m
2025-04-04 00:20:48: 
2025-04-04 00:20:48: > service_provider@1.0.0 dev
2025-04-04 00:20:48: > cross-env NODE_ENV=development nodemon --watch 'src/**/*.ts' --exec 'ts-node' src/index.ts
2025-04-04 00:20:48: 
2025-04-04 00:20:48: [33m[nodemon] 3.1.9[39m
2025-04-04 00:20:48: [33m[nodemon] to restart at any time, enter `rs`[39m
2025-04-04 00:20:48: [33m[nodemon] watching path(s): src/**/*.ts[39m
2025-04-04 00:20:48: [33m[nodemon] watching extensions: ts[39m
2025-04-04 00:20:48: [32m[nodemon] starting `ts-node src/index.ts`[39m
2025-04-04 00:20:49: Certificate lengths: { config: 1044, meta: 1044 }
2025-04-04 00:20:49: ✅ Certificates match perfectly
2025-04-04 00:20:49: Full IDP Certificate Length: 1115
2025-04-04 00:20:49: Full SP Certificate Length: 1115
2025-04-04 00:20:49: SP Private Key Length: 1700
2025-04-04 00:20:52: [31m[nodemon] app crashed - waiting for file changes before starting...[39m
2025-04-04 00:20:52: 
2025-04-04 00:20:52: > service_provider@1.0.0 dev
2025-04-04 00:20:52: > cross-env NODE_ENV=development nodemon --watch 'src/**/*.ts' --exec 'ts-node' src/index.ts
2025-04-04 00:20:52: 
2025-04-04 00:20:52: [33m[nodemon] 3.1.9[39m
2025-04-04 00:20:52: [33m[nodemon] to restart at any time, enter `rs`[39m
2025-04-04 00:20:52: [33m[nodemon] watching path(s): src/**/*.ts[39m
2025-04-04 00:20:52: [33m[nodemon] watching extensions: ts[39m
2025-04-04 00:20:52: [32m[nodemon] starting `ts-node src/index.ts`[39m
2025-04-04 00:20:53: Certificate lengths: { config: 1044, meta: 1044 }
2025-04-04 00:20:53: ✅ Certificates match perfectly
2025-04-04 00:20:53: Full IDP Certificate Length: 1115
2025-04-04 00:20:53: Full SP Certificate Length: 1115
2025-04-04 00:20:53: SP Private Key Length: 1700
2025-04-04 00:20:56: [31m[nodemon] app crashed - waiting for file changes before starting...[39m
2025-04-04 00:20:57: 
2025-04-04 00:20:57: > service_provider@1.0.0 dev
2025-04-04 00:20:57: > cross-env NODE_ENV=development nodemon --watch 'src/**/*.ts' --exec 'ts-node' src/index.ts
2025-04-04 00:20:57: 
2025-04-04 00:20:57: [33m[nodemon] 3.1.9[39m
2025-04-04 00:20:57: [33m[nodemon] to restart at any time, enter `rs`[39m
2025-04-04 00:20:57: [33m[nodemon] watching path(s): src/**/*.ts[39m
2025-04-04 00:20:57: [33m[nodemon] watching extensions: ts[39m
2025-04-04 00:20:57: [32m[nodemon] starting `ts-node src/index.ts`[39m
2025-04-04 00:20:57: [32m[nodemon] restarting due to changes...[39m
2025-04-04 00:20:57: 
2025-04-04 00:20:57: > service_provider@1.0.0 dev
2025-04-04 00:20:57: > cross-env NODE_ENV=development nodemon --watch 'src/**/*.ts' --exec 'ts-node' src/index.ts
2025-04-04 00:20:57: 
2025-04-04 00:20:57: [33m[nodemon] 3.1.9[39m
2025-04-04 00:20:57: [33m[nodemon] to restart at any time, enter `rs`[39m
2025-04-04 00:20:57: [33m[nodemon] watching path(s): src/**/*.ts[39m
2025-04-04 00:20:57: [33m[nodemon] watching extensions: ts[39m
2025-04-04 00:20:57: [32m[nodemon] starting `ts-node src/index.ts`[39m
2025-04-04 00:20:58: Certificate lengths: { config: 1044, meta: 1044 }
2025-04-04 00:20:58: ✅ Certificates match perfectly
2025-04-04 00:20:58: Full IDP Certificate Length: 1115
2025-04-04 00:20:58: Full SP Certificate Length: 1115
2025-04-04 00:20:58: SP Private Key Length: 1700
2025-04-04 00:21:01: [31m[nodemon] app crashed - waiting for file changes before starting...[39m
2025-04-04 00:21:02: 
2025-04-04 00:21:02: > service_provider@1.0.0 dev
2025-04-04 00:21:02: > cross-env NODE_ENV=development nodemon --watch 'src/**/*.ts' --exec 'ts-node' src/index.ts
2025-04-04 00:21:02: 
2025-04-04 00:21:02: [33m[nodemon] 3.1.9[39m
2025-04-04 00:21:02: [33m[nodemon] to restart at any time, enter `rs`[39m
2025-04-04 00:21:02: [33m[nodemon] watching path(s): src/**/*.ts[39m
2025-04-04 00:21:02: [33m[nodemon] watching extensions: ts[39m
2025-04-04 00:21:02: [32m[nodemon] starting `ts-node src/index.ts`[39m
2025-04-04 00:21:03: Certificate lengths: { config: 1044, meta: 1044 }
2025-04-04 00:21:03: ✅ Certificates match perfectly
2025-04-04 00:21:03: Full IDP Certificate Length: 1115
2025-04-04 00:21:03: Full SP Certificate Length: 1115
2025-04-04 00:21:03: SP Private Key Length: 1700
2025-04-04 00:21:06: [31m[nodemon] app crashed - waiting for file changes before starting...[39m
2025-04-04 00:21:06: 
2025-04-04 00:21:06: > service_provider@1.0.0 dev
2025-04-04 00:21:06: > cross-env NODE_ENV=development nodemon --watch 'src/**/*.ts' --exec 'ts-node' src/index.ts
2025-04-04 00:21:06: 
2025-04-04 00:21:07: [33m[nodemon] 3.1.9[39m
2025-04-04 00:21:07: [33m[nodemon] to restart at any time, enter `rs`[39m
2025-04-04 00:21:07: [33m[nodemon] watching path(s): src/**/*.ts[39m
2025-04-04 00:21:07: [33m[nodemon] watching extensions: ts[39m
2025-04-04 00:21:07: [32m[nodemon] starting `ts-node src/index.ts`[39m
2025-04-04 00:21:07: Certificate lengths: { config: 1044, meta: 1044 }
2025-04-04 00:21:07: ✅ Certificates match perfectly
2025-04-04 00:21:07: Full IDP Certificate Length: 1115
2025-04-04 00:21:07: Full SP Certificate Length: 1115
2025-04-04 00:21:07: SP Private Key Length: 1700
2025-04-04 00:21:10: [31m[nodemon] app crashed - waiting for file changes before starting...[39m
2025-04-04 00:21:11: 
2025-04-04 00:21:11: > service_provider@1.0.0 dev
2025-04-04 00:21:11: > cross-env NODE_ENV=development nodemon --watch 'src/**/*.ts' --exec 'ts-node' src/index.ts
2025-04-04 00:21:11: 
2025-04-04 00:21:11: [33m[nodemon] 3.1.9[39m
2025-04-04 00:21:11: [33m[nodemon] to restart at any time, enter `rs`[39m
2025-04-04 00:21:11: [33m[nodemon] watching path(s): src/**/*.ts[39m
2025-04-04 00:21:11: [33m[nodemon] watching extensions: ts[39m
2025-04-04 00:21:11: [32m[nodemon] starting `ts-node src/index.ts`[39m
2025-04-04 00:21:12: Certificate lengths: { config: 1044, meta: 1044 }
2025-04-04 00:21:12: ✅ Certificates match perfectly
2025-04-04 00:21:12: Full IDP Certificate Length: 1115
2025-04-04 00:21:12: Full SP Certificate Length: 1115
2025-04-04 00:21:12: SP Private Key Length: 1700
2025-04-04 00:21:15: [31m[nodemon] app crashed - waiting for file changes before starting...[39m
2025-04-04 00:21:15: 
2025-04-04 00:21:15: > service_provider@1.0.0 dev
2025-04-04 00:21:15: > cross-env NODE_ENV=development nodemon --watch 'src/**/*.ts' --exec 'ts-node' src/index.ts
2025-04-04 00:21:15: 
2025-04-04 00:21:15: [33m[nodemon] 3.1.9[39m
2025-04-04 00:21:15: [33m[nodemon] to restart at any time, enter `rs`[39m
2025-04-04 00:21:15: [33m[nodemon] watching path(s): src/**/*.ts[39m
2025-04-04 00:21:15: [33m[nodemon] watching extensions: ts[39m
2025-04-04 00:21:15: [32m[nodemon] starting `ts-node src/index.ts`[39m
2025-04-04 00:21:16: Certificate lengths: { config: 1044, meta: 1044 }
2025-04-04 00:21:16: ✅ Certificates match perfectly
2025-04-04 00:21:16: Full IDP Certificate Length: 1115
2025-04-04 00:21:16: Full SP Certificate Length: 1115
2025-04-04 00:21:16: SP Private Key Length: 1700
2025-04-04 00:21:19: [32m[nodemon] restarting due to changes...[39m
2025-04-04 00:21:19: [32m[nodemon] starting `ts-node src/index.ts`[39m
2025-04-04 00:21:19: 
2025-04-04 00:21:19: > service_provider@1.0.0 dev
2025-04-04 00:21:19: > cross-env NODE_ENV=development nodemon --watch 'src/**/*.ts' --exec 'ts-node' src/index.ts
2025-04-04 00:21:19: 
2025-04-04 00:21:19: [33m[nodemon] 3.1.9[39m
2025-04-04 00:21:19: [33m[nodemon] to restart at any time, enter `rs`[39m
2025-04-04 00:21:19: [33m[nodemon] watching path(s): src/**/*.ts[39m
2025-04-04 00:21:19: [33m[nodemon] watching extensions: ts[39m
2025-04-04 00:21:19: [32m[nodemon] starting `ts-node src/index.ts`[39m
2025-04-04 00:21:20: Certificate lengths: { config: 1044, meta: 1044 }
2025-04-04 00:21:20: ✅ Certificates match perfectly
2025-04-04 00:21:20: Full IDP Certificate Length: 1115
2025-04-04 00:21:20: Full SP Certificate Length: 1115
2025-04-04 00:21:20: SP Private Key Length: 1700
2025-04-04 00:21:23: [31m[nodemon] app crashed - waiting for file changes before starting...[39m
2025-04-04 00:21:24: 
2025-04-04 00:21:24: > service_provider@1.0.0 dev
2025-04-04 00:21:24: > cross-env NODE_ENV=development nodemon --watch 'src/**/*.ts' --exec 'ts-node' src/index.ts
2025-04-04 00:21:24: 
2025-04-04 00:21:24: [33m[nodemon] 3.1.9[39m
2025-04-04 00:21:24: [33m[nodemon] to restart at any time, enter `rs`[39m
2025-04-04 00:21:24: [33m[nodemon] watching path(s): src/**/*.ts[39m
2025-04-04 00:21:24: [33m[nodemon] watching extensions: ts[39m
2025-04-04 00:21:24: [32m[nodemon] starting `ts-node src/index.ts`[39m
2025-04-04 00:21:25: Certificate lengths: { config: 1044, meta: 1044 }
2025-04-04 00:21:25: ✅ Certificates match perfectly
2025-04-04 00:21:25: Full IDP Certificate Length: 1115
2025-04-04 00:21:25: Full SP Certificate Length: 1115
2025-04-04 00:21:25: SP Private Key Length: 1700
2025-04-04 00:21:28: [31m[nodemon] app crashed - waiting for file changes before starting...[39m
2025-04-04 00:21:28: 
2025-04-04 00:21:28: > service_provider@1.0.0 dev
2025-04-04 00:21:28: > cross-env NODE_ENV=development nodemon --watch 'src/**/*.ts' --exec 'ts-node' src/index.ts
2025-04-04 00:21:28: 
2025-04-04 00:21:28: [33m[nodemon] 3.1.9[39m
2025-04-04 00:21:28: [33m[nodemon] to restart at any time, enter `rs`[39m
2025-04-04 00:21:28: [33m[nodemon] watching path(s): src/**/*.ts[39m
2025-04-04 00:21:28: [33m[nodemon] watching extensions: ts[39m
2025-04-04 00:21:28: [32m[nodemon] starting `ts-node src/index.ts`[39m
2025-04-04 00:21:29: Certificate lengths: { config: 1044, meta: 1044 }
2025-04-04 00:21:29: ✅ Certificates match perfectly
2025-04-04 00:21:29: Full IDP Certificate Length: 1115
2025-04-04 00:21:29: Full SP Certificate Length: 1115
2025-04-04 00:21:29: SP Private Key Length: 1700
2025-04-04 00:21:32: [31m[nodemon] app crashed - waiting for file changes before starting...[39m
2025-04-04 00:21:33: 
2025-04-04 00:21:33: > service_provider@1.0.0 dev
2025-04-04 00:21:33: > cross-env NODE_ENV=development nodemon --watch 'src/**/*.ts' --exec 'ts-node' src/index.ts
2025-04-04 00:21:33: 
2025-04-04 00:21:33: [33m[nodemon] 3.1.9[39m
2025-04-04 00:21:33: [33m[nodemon] to restart at any time, enter `rs`[39m
2025-04-04 00:21:33: [33m[nodemon] watching path(s): src/**/*.ts[39m
2025-04-04 00:21:33: [33m[nodemon] watching extensions: ts[39m
2025-04-04 00:21:33: [32m[nodemon] starting `ts-node src/index.ts`[39m
2025-04-04 00:21:34: Certificate lengths: { config: 1044, meta: 1044 }
2025-04-04 00:21:34: ✅ Certificates match perfectly
2025-04-04 00:21:34: Full IDP Certificate Length: 1115
2025-04-04 00:21:34: Full SP Certificate Length: 1115
2025-04-04 00:21:34: SP Private Key Length: 1700
2025-04-04 00:21:37: [31m[nodemon] app crashed - waiting for file changes before starting...[39m
2025-04-04 00:21:37: 
2025-04-04 00:21:37: > service_provider@1.0.0 dev
2025-04-04 00:21:37: > cross-env NODE_ENV=development nodemon --watch 'src/**/*.ts' --exec 'ts-node' src/index.ts
2025-04-04 00:21:37: 
2025-04-04 00:21:37: [33m[nodemon] 3.1.9[39m
2025-04-04 00:21:37: [33m[nodemon] to restart at any time, enter `rs`[39m
2025-04-04 00:21:37: [33m[nodemon] watching path(s): src/**/*.ts[39m
2025-04-04 00:21:37: [33m[nodemon] watching extensions: ts[39m
2025-04-04 00:21:37: [32m[nodemon] starting `ts-node src/index.ts`[39m
2025-04-04 00:21:38: Certificate lengths: { config: 1044, meta: 1044 }
2025-04-04 00:21:38: ✅ Certificates match perfectly
2025-04-04 00:21:38: Full IDP Certificate Length: 1115
2025-04-04 00:21:38: Full SP Certificate Length: 1115
2025-04-04 00:21:38: SP Private Key Length: 1700
2025-04-04 00:21:41: [31m[nodemon] app crashed - waiting for file changes before starting...[39m
2025-04-04 00:21:41: 
2025-04-04 00:21:41: > service_provider@1.0.0 dev
2025-04-04 00:21:41: > cross-env NODE_ENV=development nodemon --watch 'src/**/*.ts' --exec 'ts-node' src/index.ts
2025-04-04 00:21:41: 
2025-04-04 00:21:41: [33m[nodemon] 3.1.9[39m
2025-04-04 00:21:41: [33m[nodemon] to restart at any time, enter `rs`[39m
2025-04-04 00:21:41: [33m[nodemon] watching path(s): src/**/*.ts[39m
2025-04-04 00:21:41: [33m[nodemon] watching extensions: ts[39m
2025-04-04 00:21:41: [32m[nodemon] starting `ts-node src/index.ts`[39m
2025-04-04 00:21:42: Certificate lengths: { config: 1044, meta: 1044 }
2025-04-04 00:21:42: ✅ Certificates match perfectly
2025-04-04 00:21:42: Full IDP Certificate Length: 1115
2025-04-04 00:21:42: Full SP Certificate Length: 1115
2025-04-04 00:21:42: SP Private Key Length: 1700
2025-04-04 00:21:45: [31m[nodemon] app crashed - waiting for file changes before starting...[39m
2025-04-04 00:21:46: 
2025-04-04 00:21:46: > service_provider@1.0.0 dev
2025-04-04 00:21:46: > cross-env NODE_ENV=development nodemon --watch 'src/**/*.ts' --exec 'ts-node' src/index.ts
2025-04-04 00:21:46: 
2025-04-04 00:21:46: [33m[nodemon] 3.1.9[39m
2025-04-04 00:21:46: [33m[nodemon] to restart at any time, enter `rs`[39m
2025-04-04 00:21:46: [33m[nodemon] watching path(s): src/**/*.ts[39m
2025-04-04 00:21:46: [33m[nodemon] watching extensions: ts[39m
2025-04-04 00:21:46: [32m[nodemon] starting `ts-node src/index.ts`[39m
2025-04-04 00:21:47: Certificate lengths: { config: 1044, meta: 1044 }
2025-04-04 00:21:47: ✅ Certificates match perfectly
2025-04-04 00:21:47: Full IDP Certificate Length: 1115
2025-04-04 00:21:47: Full SP Certificate Length: 1115
2025-04-04 00:21:47: SP Private Key Length: 1700
2025-04-04 00:21:50: [31m[nodemon] app crashed - waiting for file changes before starting...[39m
2025-04-04 00:21:50: 
2025-04-04 00:21:50: > service_provider@1.0.0 dev
2025-04-04 00:21:50: > cross-env NODE_ENV=development nodemon --watch 'src/**/*.ts' --exec 'ts-node' src/index.ts
2025-04-04 00:21:50: 
2025-04-04 00:21:50: [33m[nodemon] 3.1.9[39m
2025-04-04 00:21:50: [33m[nodemon] to restart at any time, enter `rs`[39m
2025-04-04 00:21:50: [33m[nodemon] watching path(s): src/**/*.ts[39m
2025-04-04 00:21:50: [33m[nodemon] watching extensions: ts[39m
2025-04-04 00:21:50: [32m[nodemon] starting `ts-node src/index.ts`[39m
2025-04-04 00:21:51: Certificate lengths: { config: 1044, meta: 1044 }
2025-04-04 00:21:51: ✅ Certificates match perfectly
2025-04-04 00:21:51: Full IDP Certificate Length: 1115
2025-04-04 00:21:51: Full SP Certificate Length: 1115
2025-04-04 00:21:51: SP Private Key Length: 1700
2025-04-04 00:21:54: [31m[nodemon] app crashed - waiting for file changes before starting...[39m
2025-04-04 00:21:54: 
2025-04-04 00:21:54: > service_provider@1.0.0 dev
2025-04-04 00:21:54: > cross-env NODE_ENV=development nodemon --watch 'src/**/*.ts' --exec 'ts-node' src/index.ts
2025-04-04 00:21:54: 
2025-04-04 00:21:55: [33m[nodemon] 3.1.9[39m
2025-04-04 00:21:55: [33m[nodemon] to restart at any time, enter `rs`[39m
2025-04-04 00:21:55: [33m[nodemon] watching path(s): src/**/*.ts[39m
2025-04-04 00:21:55: [33m[nodemon] watching extensions: ts[39m
2025-04-04 00:21:55: [32m[nodemon] starting `ts-node src/index.ts`[39m
2025-04-04 00:21:55: Certificate lengths: { config: 1044, meta: 1044 }
2025-04-04 00:21:55: ✅ Certificates match perfectly
2025-04-04 00:21:55: Full IDP Certificate Length: 1115
2025-04-04 00:21:55: Full SP Certificate Length: 1115
2025-04-04 00:21:55: SP Private Key Length: 1700
2025-04-04 00:21:58: [31m[nodemon] app crashed - waiting for file changes before starting...[39m
2025-04-04 00:21:59: 
2025-04-04 00:21:59: > service_provider@1.0.0 dev
2025-04-04 00:21:59: > cross-env NODE_ENV=development nodemon --watch 'src/**/*.ts' --exec 'ts-node' src/index.ts
2025-04-04 00:21:59: 
2025-04-04 00:21:59: [33m[nodemon] 3.1.9[39m
2025-04-04 00:21:59: [33m[nodemon] to restart at any time, enter `rs`[39m
2025-04-04 00:21:59: [33m[nodemon] watching path(s): src/**/*.ts[39m
2025-04-04 00:21:59: [33m[nodemon] watching extensions: ts[39m
2025-04-04 00:21:59: [32m[nodemon] starting `ts-node src/index.ts`[39m
2025-04-04 00:22:00: Certificate lengths: { config: 1044, meta: 1044 }
2025-04-04 00:22:00: ✅ Certificates match perfectly
2025-04-04 00:22:00: Full IDP Certificate Length: 1115
2025-04-04 00:22:00: Full SP Certificate Length: 1115
2025-04-04 00:22:00: SP Private Key Length: 1700
2025-04-04 00:22:03: [31m[nodemon] app crashed - waiting for file changes before starting...[39m
2025-04-04 00:22:03: 
2025-04-04 00:22:03: > service_provider@1.0.0 dev
2025-04-04 00:22:03: > cross-env NODE_ENV=development nodemon --watch 'src/**/*.ts' --exec 'ts-node' src/index.ts
2025-04-04 00:22:03: 
2025-04-04 00:22:03: [33m[nodemon] 3.1.9[39m
2025-04-04 00:22:03: [33m[nodemon] to restart at any time, enter `rs`[39m
2025-04-04 00:22:03: [33m[nodemon] watching path(s): src/**/*.ts[39m
2025-04-04 00:22:03: [33m[nodemon] watching extensions: ts[39m
2025-04-04 00:22:03: [32m[nodemon] starting `ts-node src/index.ts`[39m
2025-04-04 00:22:04: Certificate lengths: { config: 1044, meta: 1044 }
2025-04-04 00:22:04: ✅ Certificates match perfectly
2025-04-04 00:22:04: Full IDP Certificate Length: 1115
2025-04-04 00:22:04: Full SP Certificate Length: 1115
2025-04-04 00:22:04: SP Private Key Length: 1700
2025-04-04 00:22:07: [31m[nodemon] app crashed - waiting for file changes before starting...[39m
2025-04-04 00:22:08: 
2025-04-04 00:22:08: > service_provider@1.0.0 dev
2025-04-04 00:22:08: > cross-env NODE_ENV=development nodemon --watch 'src/**/*.ts' --exec 'ts-node' src/index.ts
2025-04-04 00:22:08: 
2025-04-04 00:22:08: [33m[nodemon] 3.1.9[39m
2025-04-04 00:22:08: [33m[nodemon] to restart at any time, enter `rs`[39m
2025-04-04 00:22:08: [33m[nodemon] watching path(s): src/**/*.ts[39m
2025-04-04 00:22:08: [33m[nodemon] watching extensions: ts[39m
2025-04-04 00:22:08: [32m[nodemon] starting `ts-node src/index.ts`[39m
2025-04-04 00:22:09: Certificate lengths: { config: 1044, meta: 1044 }
2025-04-04 00:22:09: ✅ Certificates match perfectly
2025-04-04 00:22:09: Full IDP Certificate Length: 1115
2025-04-04 00:22:09: Full SP Certificate Length: 1115
2025-04-04 00:22:09: SP Private Key Length: 1700
2025-04-04 00:22:12: [31m[nodemon] app crashed - waiting for file changes before starting...[39m
2025-04-04 00:22:12: 
2025-04-04 00:22:12: > service_provider@1.0.0 dev
2025-04-04 00:22:12: > cross-env NODE_ENV=development nodemon --watch 'src/**/*.ts' --exec 'ts-node' src/index.ts
2025-04-04 00:22:12: 
2025-04-04 00:22:12: [33m[nodemon] 3.1.9[39m
2025-04-04 00:22:12: [33m[nodemon] to restart at any time, enter `rs`[39m
2025-04-04 00:22:12: [33m[nodemon] watching path(s): src/**/*.ts[39m
2025-04-04 00:22:12: [33m[nodemon] watching extensions: ts[39m
2025-04-04 00:22:12: [32m[nodemon] starting `ts-node src/index.ts`[39m
2025-04-04 00:22:13: Certificate lengths: { config: 1044, meta: 1044 }
2025-04-04 00:22:13: ✅ Certificates match perfectly
2025-04-04 00:22:13: Full IDP Certificate Length: 1115
2025-04-04 00:22:13: Full SP Certificate Length: 1115
2025-04-04 00:22:13: SP Private Key Length: 1700
2025-04-04 00:22:16: [31m[nodemon] app crashed - waiting for file changes before starting...[39m
2025-04-04 00:22:16: 
2025-04-04 00:22:16: > service_provider@1.0.0 dev
2025-04-04 00:22:16: > cross-env NODE_ENV=development nodemon --watch 'src/**/*.ts' --exec 'ts-node' src/index.ts
2025-04-04 00:22:16: 
2025-04-04 00:22:17: [33m[nodemon] 3.1.9[39m
2025-04-04 00:22:17: [33m[nodemon] to restart at any time, enter `rs`[39m
2025-04-04 00:22:17: [33m[nodemon] watching path(s): src/**/*.ts[39m
2025-04-04 00:22:17: [33m[nodemon] watching extensions: ts[39m
2025-04-04 00:22:17: [32m[nodemon] starting `ts-node src/index.ts`[39m
2025-04-04 00:22:17: Certificate lengths: { config: 1044, meta: 1044 }
2025-04-04 00:22:17: ✅ Certificates match perfectly
2025-04-04 00:22:17: Full IDP Certificate Length: 1115
2025-04-04 00:22:17: Full SP Certificate Length: 1115
2025-04-04 00:22:17: SP Private Key Length: 1700
2025-04-04 00:22:20: [31m[nodemon] app crashed - waiting for file changes before starting...[39m
2025-04-04 00:22:21: 
2025-04-04 00:22:21: > service_provider@1.0.0 dev
2025-04-04 00:22:21: > cross-env NODE_ENV=development nodemon --watch 'src/**/*.ts' --exec 'ts-node' src/index.ts
2025-04-04 00:22:21: 
2025-04-04 00:22:21: [33m[nodemon] 3.1.9[39m
2025-04-04 00:22:21: [33m[nodemon] to restart at any time, enter `rs`[39m
2025-04-04 00:22:21: [33m[nodemon] watching path(s): src/**/*.ts[39m
2025-04-04 00:22:21: [33m[nodemon] watching extensions: ts[39m
2025-04-04 00:22:21: [32m[nodemon] starting `ts-node src/index.ts`[39m
2025-04-04 00:22:22: Certificate lengths: { config: 1044, meta: 1044 }
2025-04-04 00:22:22: ✅ Certificates match perfectly
2025-04-04 00:22:22: Full IDP Certificate Length: 1115
2025-04-04 00:22:22: Full SP Certificate Length: 1115
2025-04-04 00:22:22: SP Private Key Length: 1700
2025-04-04 00:22:25: [31m[nodemon] app crashed - waiting for file changes before starting...[39m
2025-04-04 00:22:25: 
2025-04-04 00:22:25: > service_provider@1.0.0 dev
2025-04-04 00:22:25: > cross-env NODE_ENV=development nodemon --watch 'src/**/*.ts' --exec 'ts-node' src/index.ts
2025-04-04 00:22:25: 
2025-04-04 00:22:25: [33m[nodemon] 3.1.9[39m
2025-04-04 00:22:25: [33m[nodemon] to restart at any time, enter `rs`[39m
2025-04-04 00:22:25: [33m[nodemon] watching path(s): src/**/*.ts[39m
2025-04-04 00:22:25: [33m[nodemon] watching extensions: ts[39m
2025-04-04 00:22:25: [32m[nodemon] starting `ts-node src/index.ts`[39m
2025-04-04 00:22:26: Certificate lengths: { config: 1044, meta: 1044 }
2025-04-04 00:22:26: ✅ Certificates match perfectly
2025-04-04 00:22:26: Full IDP Certificate Length: 1115
2025-04-04 00:22:26: Full SP Certificate Length: 1115
2025-04-04 00:22:26: SP Private Key Length: 1700
2025-04-04 00:22:29: [31m[nodemon] app crashed - waiting for file changes before starting...[39m
2025-04-04 00:22:30: 
2025-04-04 00:22:30: > service_provider@1.0.0 dev
2025-04-04 00:22:30: > cross-env NODE_ENV=development nodemon --watch 'src/**/*.ts' --exec 'ts-node' src/index.ts
2025-04-04 00:22:30: 
2025-04-04 00:22:30: [33m[nodemon] 3.1.9[39m
2025-04-04 00:22:30: [33m[nodemon] to restart at any time, enter `rs`[39m
2025-04-04 00:22:30: [33m[nodemon] watching path(s): src/**/*.ts[39m
2025-04-04 00:22:30: [33m[nodemon] watching extensions: ts[39m
2025-04-04 00:22:30: [32m[nodemon] starting `ts-node src/index.ts`[39m
2025-04-04 00:22:31: Certificate lengths: { config: 1044, meta: 1044 }
2025-04-04 00:22:31: ✅ Certificates match perfectly
2025-04-04 00:22:31: Full IDP Certificate Length: 1115
2025-04-04 00:22:31: Full SP Certificate Length: 1115
2025-04-04 00:22:31: SP Private Key Length: 1700
2025-04-04 00:22:34: [31m[nodemon] app crashed - waiting for file changes before starting...[39m
2025-04-04 00:22:34: 
2025-04-04 00:22:34: > service_provider@1.0.0 dev
2025-04-04 00:22:34: > cross-env NODE_ENV=development nodemon --watch 'src/**/*.ts' --exec 'ts-node' src/index.ts
2025-04-04 00:22:34: 
2025-04-04 00:22:34: [33m[nodemon] 3.1.9[39m
2025-04-04 00:22:34: [33m[nodemon] to restart at any time, enter `rs`[39m
2025-04-04 00:22:34: [33m[nodemon] watching path(s): src/**/*.ts[39m
2025-04-04 00:22:34: [33m[nodemon] watching extensions: ts[39m
2025-04-04 00:22:34: [32m[nodemon] starting `ts-node src/index.ts`[39m
2025-04-04 00:22:35: Certificate lengths: { config: 1044, meta: 1044 }
2025-04-04 00:22:35: ✅ Certificates match perfectly
2025-04-04 00:22:35: Full IDP Certificate Length: 1115
2025-04-04 00:22:35: Full SP Certificate Length: 1115
2025-04-04 00:22:35: SP Private Key Length: 1700
2025-04-04 00:22:38: [31m[nodemon] app crashed - waiting for file changes before starting...[39m
2025-04-04 00:22:38: 
2025-04-04 00:22:38: > service_provider@1.0.0 dev
2025-04-04 00:22:38: > cross-env NODE_ENV=development nodemon --watch 'src/**/*.ts' --exec 'ts-node' src/index.ts
2025-04-04 00:22:38: 
2025-04-04 00:22:39: [33m[nodemon] 3.1.9[39m
2025-04-04 00:22:39: [33m[nodemon] to restart at any time, enter `rs`[39m
2025-04-04 00:22:39: [33m[nodemon] watching path(s): src/**/*.ts[39m
2025-04-04 00:22:39: [33m[nodemon] watching extensions: ts[39m
2025-04-04 00:22:39: [32m[nodemon] starting `ts-node src/index.ts`[39m
2025-04-04 00:22:39: Certificate lengths: { config: 1044, meta: 1044 }
2025-04-04 00:22:39: ✅ Certificates match perfectly
2025-04-04 00:22:39: Full IDP Certificate Length: 1115
2025-04-04 00:22:39: Full SP Certificate Length: 1115
2025-04-04 00:22:39: SP Private Key Length: 1700
2025-04-04 00:22:42: [31m[nodemon] app crashed - waiting for file changes before starting...[39m
2025-04-04 00:22:43: 
2025-04-04 00:22:43: > service_provider@1.0.0 dev
2025-04-04 00:22:43: > cross-env NODE_ENV=development nodemon --watch 'src/**/*.ts' --exec 'ts-node' src/index.ts
2025-04-04 00:22:43: 
2025-04-04 00:22:43: [33m[nodemon] 3.1.9[39m
2025-04-04 00:22:43: [33m[nodemon] to restart at any time, enter `rs`[39m
2025-04-04 00:22:43: [33m[nodemon] watching path(s): src/**/*.ts[39m
2025-04-04 00:22:43: [33m[nodemon] watching extensions: ts[39m
2025-04-04 00:22:43: [32m[nodemon] starting `ts-node src/index.ts`[39m
2025-04-04 00:22:44: Certificate lengths: { config: 1044, meta: 1044 }
2025-04-04 00:22:44: ✅ Certificates match perfectly
2025-04-04 00:22:44: Full IDP Certificate Length: 1115
2025-04-04 00:22:44: Full SP Certificate Length: 1115
2025-04-04 00:22:44: SP Private Key Length: 1700
2025-04-04 00:22:47: [31m[nodemon] app crashed - waiting for file changes before starting...[39m
2025-04-04 00:22:47: 
2025-04-04 00:22:47: > service_provider@1.0.0 dev
2025-04-04 00:22:47: > cross-env NODE_ENV=development nodemon --watch 'src/**/*.ts' --exec 'ts-node' src/index.ts
2025-04-04 00:22:47: 
2025-04-04 00:22:47: [33m[nodemon] 3.1.9[39m
2025-04-04 00:22:47: [33m[nodemon] to restart at any time, enter `rs`[39m
2025-04-04 00:22:47: [33m[nodemon] watching path(s): src/**/*.ts[39m
2025-04-04 00:22:47: [33m[nodemon] watching extensions: ts[39m
2025-04-04 00:22:47: [32m[nodemon] starting `ts-node src/index.ts`[39m
2025-04-04 00:22:48: Certificate lengths: { config: 1044, meta: 1044 }
2025-04-04 00:22:48: ✅ Certificates match perfectly
2025-04-04 00:22:48: Full IDP Certificate Length: 1115
2025-04-04 00:22:48: Full SP Certificate Length: 1115
2025-04-04 00:22:48: SP Private Key Length: 1700
2025-04-04 00:22:51: [31m[nodemon] app crashed - waiting for file changes before starting...[39m
2025-04-04 00:22:52: 
2025-04-04 00:22:52: > service_provider@1.0.0 dev
2025-04-04 00:22:52: > cross-env NODE_ENV=development nodemon --watch 'src/**/*.ts' --exec 'ts-node' src/index.ts
2025-04-04 00:22:52: 
2025-04-04 00:22:52: [33m[nodemon] 3.1.9[39m
2025-04-04 00:22:52: [33m[nodemon] to restart at any time, enter `rs`[39m
2025-04-04 00:22:52: [33m[nodemon] watching path(s): src/**/*.ts[39m
2025-04-04 00:22:52: [33m[nodemon] watching extensions: ts[39m
2025-04-04 00:22:52: [32m[nodemon] starting `ts-node src/index.ts`[39m
2025-04-04 00:22:53: Certificate lengths: { config: 1044, meta: 1044 }
2025-04-04 00:22:53: ✅ Certificates match perfectly
2025-04-04 00:22:53: Full IDP Certificate Length: 1115
2025-04-04 00:22:53: Full SP Certificate Length: 1115
2025-04-04 00:22:53: SP Private Key Length: 1700
2025-04-04 00:24:48: 
2025-04-04 00:24:48: > service_provider@1.0.0 dev
2025-04-04 00:24:48: > cross-env NODE_ENV=development nodemon --watch 'src/**/*.ts' --exec 'ts-node' src/index.ts
2025-04-04 00:24:48: 
2025-04-04 00:24:48: [33m[nodemon] 3.1.9[39m
2025-04-04 00:24:48: [33m[nodemon] to restart at any time, enter `rs`[39m
2025-04-04 00:24:48: [33m[nodemon] watching path(s): src/**/*.ts[39m
2025-04-04 00:24:48: [33m[nodemon] watching extensions: ts[39m
2025-04-04 00:24:48: [32m[nodemon] starting `ts-node src/index.ts`[39m
2025-04-04 00:24:49: Certificate lengths: { config: 1044, meta: 1044 }
2025-04-04 00:24:49: ✅ Certificates match perfectly
2025-04-04 00:24:49: Full IDP Certificate Length: 1115
2025-04-04 00:24:49: Full SP Certificate Length: 1115
2025-04-04 00:24:49: SP Private Key Length: 1700
2025-04-04 00:24:52: [31m[nodemon] app crashed - waiting for file changes before starting...[39m
2025-04-04 00:24:52: 
2025-04-04 00:24:52: > service_provider@1.0.0 dev
2025-04-04 00:24:52: > cross-env NODE_ENV=development nodemon --watch 'src/**/*.ts' --exec 'ts-node' src/index.ts
2025-04-04 00:24:52: 
2025-04-04 00:24:52: [33m[nodemon] 3.1.9[39m
2025-04-04 00:24:52: [33m[nodemon] to restart at any time, enter `rs`[39m
2025-04-04 00:24:52: [33m[nodemon] watching path(s): src/**/*.ts[39m
2025-04-04 00:24:52: [33m[nodemon] watching extensions: ts[39m
2025-04-04 00:24:52: [32m[nodemon] starting `ts-node src/index.ts`[39m
2025-04-04 00:24:53: Certificate lengths: { config: 1044, meta: 1044 }
2025-04-04 00:24:53: ✅ Certificates match perfectly
2025-04-04 00:24:53: Full IDP Certificate Length: 1115
2025-04-04 00:24:53: Full SP Certificate Length: 1115
2025-04-04 00:24:53: SP Private Key Length: 1700
2025-04-04 00:24:56: [31m[nodemon] app crashed - waiting for file changes before starting...[39m
2025-04-04 00:24:57: 
2025-04-04 00:24:57: > service_provider@1.0.0 dev
2025-04-04 00:24:57: > cross-env NODE_ENV=development nodemon --watch 'src/**/*.ts' --exec 'ts-node' src/index.ts
2025-04-04 00:24:57: 
2025-04-04 00:24:57: [33m[nodemon] 3.1.9[39m
2025-04-04 00:24:57: [33m[nodemon] to restart at any time, enter `rs`[39m
2025-04-04 00:24:57: [33m[nodemon] watching path(s): src/**/*.ts[39m
2025-04-04 00:24:57: [33m[nodemon] watching extensions: ts[39m
2025-04-04 00:24:57: [32m[nodemon] starting `ts-node src/index.ts`[39m
2025-04-04 00:24:58: Certificate lengths: { config: 1044, meta: 1044 }
2025-04-04 00:24:58: ✅ Certificates match perfectly
2025-04-04 00:24:58: Full IDP Certificate Length: 1115
2025-04-04 00:24:58: Full SP Certificate Length: 1115
2025-04-04 00:24:58: SP Private Key Length: 1700
2025-04-04 00:25:01: [31m[nodemon] app crashed - waiting for file changes before starting...[39m
2025-04-04 00:25:01: 
2025-04-04 00:25:01: > service_provider@1.0.0 dev
2025-04-04 00:25:01: > cross-env NODE_ENV=development nodemon --watch 'src/**/*.ts' --exec 'ts-node' src/index.ts
2025-04-04 00:25:01: 
2025-04-04 00:25:01: [33m[nodemon] 3.1.9[39m
2025-04-04 00:25:01: [33m[nodemon] to restart at any time, enter `rs`[39m
2025-04-04 00:25:01: [33m[nodemon] watching path(s): src/**/*.ts[39m
2025-04-04 00:25:01: [33m[nodemon] watching extensions: ts[39m
2025-04-04 00:25:01: [32m[nodemon] starting `ts-node src/index.ts`[39m
2025-04-04 00:25:02: Certificate lengths: { config: 1044, meta: 1044 }
2025-04-04 00:25:02: ✅ Certificates match perfectly
2025-04-04 00:25:02: Full IDP Certificate Length: 1115
2025-04-04 00:25:02: Full SP Certificate Length: 1115
2025-04-04 00:25:02: SP Private Key Length: 1700
2025-04-04 00:25:05: [31m[nodemon] app crashed - waiting for file changes before starting...[39m
2025-04-04 00:25:06: 
2025-04-04 00:25:06: > service_provider@1.0.0 dev
2025-04-04 00:25:06: > cross-env NODE_ENV=development nodemon --watch 'src/**/*.ts' --exec 'ts-node' src/index.ts
2025-04-04 00:25:06: 
2025-04-04 00:25:06: [33m[nodemon] 3.1.9[39m
2025-04-04 00:25:06: [33m[nodemon] to restart at any time, enter `rs`[39m
2025-04-04 00:25:06: [33m[nodemon] watching path(s): src/**/*.ts[39m
2025-04-04 00:25:06: [33m[nodemon] watching extensions: ts[39m
2025-04-04 00:25:06: [32m[nodemon] starting `ts-node src/index.ts`[39m
2025-04-04 00:25:07: Certificate lengths: { config: 1044, meta: 1044 }
2025-04-04 00:25:07: ✅ Certificates match perfectly
2025-04-04 00:25:07: Full IDP Certificate Length: 1115
2025-04-04 00:25:07: Full SP Certificate Length: 1115
2025-04-04 00:25:07: SP Private Key Length: 1700
2025-04-04 00:25:10: [31m[nodemon] app crashed - waiting for file changes before starting...[39m
2025-04-04 00:25:10: 
2025-04-04 00:25:10: > service_provider@1.0.0 dev
2025-04-04 00:25:10: > cross-env NODE_ENV=development nodemon --watch 'src/**/*.ts' --exec 'ts-node' src/index.ts
2025-04-04 00:25:10: 
2025-04-04 00:25:10: [33m[nodemon] 3.1.9[39m
2025-04-04 00:25:10: [33m[nodemon] to restart at any time, enter `rs`[39m
2025-04-04 00:25:10: [33m[nodemon] watching path(s): src/**/*.ts[39m
2025-04-04 00:25:10: [33m[nodemon] watching extensions: ts[39m
2025-04-04 00:25:10: [32m[nodemon] starting `ts-node src/index.ts`[39m
2025-04-04 00:25:11: Certificate lengths: { config: 1044, meta: 1044 }
2025-04-04 00:25:11: ✅ Certificates match perfectly
2025-04-04 00:25:11: Full IDP Certificate Length: 1115
2025-04-04 00:25:11: Full SP Certificate Length: 1115
2025-04-04 00:25:11: SP Private Key Length: 1700
2025-04-04 00:25:14: [31m[nodemon] app crashed - waiting for file changes before starting...[39m
2025-04-04 00:25:15: 
2025-04-04 00:25:15: > service_provider@1.0.0 dev
2025-04-04 00:25:15: > cross-env NODE_ENV=development nodemon --watch 'src/**/*.ts' --exec 'ts-node' src/index.ts
2025-04-04 00:25:15: 
2025-04-04 00:25:15: [33m[nodemon] 3.1.9[39m
2025-04-04 00:25:15: [33m[nodemon] to restart at any time, enter `rs`[39m
2025-04-04 00:25:15: [33m[nodemon] watching path(s): src/**/*.ts[39m
2025-04-04 00:25:15: [33m[nodemon] watching extensions: ts[39m
2025-04-04 00:25:15: [32m[nodemon] starting `ts-node src/index.ts`[39m
2025-04-04 00:25:16: Certificate lengths: { config: 1044, meta: 1044 }
2025-04-04 00:25:16: ✅ Certificates match perfectly
2025-04-04 00:25:16: Full IDP Certificate Length: 1115
2025-04-04 00:25:16: Full SP Certificate Length: 1115
2025-04-04 00:25:16: SP Private Key Length: 1700
2025-04-04 00:25:19: [31m[nodemon] app crashed - waiting for file changes before starting...[39m
2025-04-04 00:25:19: 
2025-04-04 00:25:19: > service_provider@1.0.0 dev
2025-04-04 00:25:19: > cross-env NODE_ENV=development nodemon --watch 'src/**/*.ts' --exec 'ts-node' src/index.ts
2025-04-04 00:25:19: 
2025-04-04 00:25:19: [33m[nodemon] 3.1.9[39m
2025-04-04 00:25:19: [33m[nodemon] to restart at any time, enter `rs`[39m
2025-04-04 00:25:19: [33m[nodemon] watching path(s): src/**/*.ts[39m
2025-04-04 00:25:19: [33m[nodemon] watching extensions: ts[39m
2025-04-04 00:25:19: [32m[nodemon] starting `ts-node src/index.ts`[39m
2025-04-04 00:25:20: Certificate lengths: { config: 1044, meta: 1044 }
2025-04-04 00:25:20: ✅ Certificates match perfectly
2025-04-04 00:25:20: Full IDP Certificate Length: 1115
2025-04-04 00:25:20: Full SP Certificate Length: 1115
2025-04-04 00:25:20: SP Private Key Length: 1700
2025-04-04 00:25:23: [31m[nodemon] app crashed - waiting for file changes before starting...[39m
2025-04-04 00:25:23: 
2025-04-04 00:25:23: > service_provider@1.0.0 dev
2025-04-04 00:25:23: > cross-env NODE_ENV=development nodemon --watch 'src/**/*.ts' --exec 'ts-node' src/index.ts
2025-04-04 00:25:23: 
2025-04-04 00:25:23: [33m[nodemon] 3.1.9[39m
2025-04-04 00:25:23: [33m[nodemon] to restart at any time, enter `rs`[39m
2025-04-04 00:25:23: [33m[nodemon] watching path(s): src/**/*.ts[39m
2025-04-04 00:25:23: [33m[nodemon] watching extensions: ts[39m
2025-04-04 00:25:23: [32m[nodemon] starting `ts-node src/index.ts`[39m
2025-04-04 00:25:24: Certificate lengths: { config: 1044, meta: 1044 }
2025-04-04 00:25:24: ✅ Certificates match perfectly
2025-04-04 00:25:24: Full IDP Certificate Length: 1115
2025-04-04 00:25:24: Full SP Certificate Length: 1115
2025-04-04 00:25:24: SP Private Key Length: 1700
2025-04-04 00:25:27: [31m[nodemon] app crashed - waiting for file changes before starting...[39m
2025-04-04 00:25:28: 
2025-04-04 00:25:28: > service_provider@1.0.0 dev
2025-04-04 00:25:28: > cross-env NODE_ENV=development nodemon --watch 'src/**/*.ts' --exec 'ts-node' src/index.ts
2025-04-04 00:25:28: 
2025-04-04 00:25:28: [33m[nodemon] 3.1.9[39m
2025-04-04 00:25:28: [33m[nodemon] to restart at any time, enter `rs`[39m
2025-04-04 00:25:28: [33m[nodemon] watching path(s): src/**/*.ts[39m
2025-04-04 00:25:28: [33m[nodemon] watching extensions: ts[39m
2025-04-04 00:25:28: [32m[nodemon] starting `ts-node src/index.ts`[39m
2025-04-04 00:25:29: Certificate lengths: { config: 1044, meta: 1044 }
2025-04-04 00:25:29: ✅ Certificates match perfectly
2025-04-04 00:25:29: Full IDP Certificate Length: 1115
2025-04-04 00:25:29: Full SP Certificate Length: 1115
2025-04-04 00:25:29: SP Private Key Length: 1700
2025-04-04 00:25:32: [31m[nodemon] app crashed - waiting for file changes before starting...[39m
2025-04-04 00:25:32: 
2025-04-04 00:25:32: > service_provider@1.0.0 dev
2025-04-04 00:25:32: > cross-env NODE_ENV=development nodemon --watch 'src/**/*.ts' --exec 'ts-node' src/index.ts
2025-04-04 00:25:32: 
2025-04-04 00:25:32: [33m[nodemon] 3.1.9[39m
2025-04-04 00:25:32: [33m[nodemon] to restart at any time, enter `rs`[39m
2025-04-04 00:25:32: [33m[nodemon] watching path(s): src/**/*.ts[39m
2025-04-04 00:25:32: [33m[nodemon] watching extensions: ts[39m
2025-04-04 00:25:32: [32m[nodemon] starting `ts-node src/index.ts`[39m
2025-04-04 00:25:33: Certificate lengths: { config: 1044, meta: 1044 }
2025-04-04 00:25:33: ✅ Certificates match perfectly
2025-04-04 00:25:33: Full IDP Certificate Length: 1115
2025-04-04 00:25:33: Full SP Certificate Length: 1115
2025-04-04 00:25:33: SP Private Key Length: 1700
2025-04-04 00:25:36: [31m[nodemon] app crashed - waiting for file changes before starting...[39m
2025-04-04 00:25:37: 
2025-04-04 00:25:37: > service_provider@1.0.0 dev
2025-04-04 00:25:37: > cross-env NODE_ENV=development nodemon --watch 'src/**/*.ts' --exec 'ts-node' src/index.ts
2025-04-04 00:25:37: 
2025-04-04 00:25:37: [33m[nodemon] 3.1.9[39m
2025-04-04 00:25:37: [33m[nodemon] to restart at any time, enter `rs`[39m
2025-04-04 00:25:37: [33m[nodemon] watching path(s): src/**/*.ts[39m
2025-04-04 00:25:37: [33m[nodemon] watching extensions: ts[39m
2025-04-04 00:25:37: [32m[nodemon] starting `ts-node src/index.ts`[39m
2025-04-04 00:25:38: Certificate lengths: { config: 1044, meta: 1044 }
2025-04-04 00:25:38: ✅ Certificates match perfectly
2025-04-04 00:25:38: Full IDP Certificate Length: 1115
2025-04-04 00:25:38: Full SP Certificate Length: 1115
2025-04-04 00:25:38: SP Private Key Length: 1700
2025-04-04 00:25:41: [31m[nodemon] app crashed - waiting for file changes before starting...[39m
2025-04-04 00:25:41: 
2025-04-04 00:25:41: > service_provider@1.0.0 dev
2025-04-04 00:25:41: > cross-env NODE_ENV=development nodemon --watch 'src/**/*.ts' --exec 'ts-node' src/index.ts
2025-04-04 00:25:41: 
2025-04-04 00:25:41: [33m[nodemon] 3.1.9[39m
2025-04-04 00:25:41: [33m[nodemon] to restart at any time, enter `rs`[39m
2025-04-04 00:25:41: [33m[nodemon] watching path(s): src/**/*.ts[39m
2025-04-04 00:25:41: [33m[nodemon] watching extensions: ts[39m
2025-04-04 00:25:41: [32m[nodemon] starting `ts-node src/index.ts`[39m
2025-04-04 00:25:42: Certificate lengths: { config: 1044, meta: 1044 }
2025-04-04 00:25:42: ✅ Certificates match perfectly
2025-04-04 00:25:42: Full IDP Certificate Length: 1115
2025-04-04 00:25:42: Full SP Certificate Length: 1115
2025-04-04 00:25:42: SP Private Key Length: 1700
2025-04-04 00:25:45: [31m[nodemon] app crashed - waiting for file changes before starting...[39m
2025-04-04 00:25:46: 
2025-04-04 00:25:46: > service_provider@1.0.0 dev
2025-04-04 00:25:46: > cross-env NODE_ENV=development nodemon --watch 'src/**/*.ts' --exec 'ts-node' src/index.ts
2025-04-04 00:25:46: 
2025-04-04 00:25:46: [33m[nodemon] 3.1.9[39m
2025-04-04 00:25:46: [33m[nodemon] to restart at any time, enter `rs`[39m
2025-04-04 00:25:46: [33m[nodemon] watching path(s): src/**/*.ts[39m
2025-04-04 00:25:46: [33m[nodemon] watching extensions: ts[39m
2025-04-04 00:25:46: [32m[nodemon] starting `ts-node src/index.ts`[39m
2025-04-04 00:25:47: Certificate lengths: { config: 1044, meta: 1044 }
2025-04-04 00:25:47: ✅ Certificates match perfectly
2025-04-04 00:25:47: Full IDP Certificate Length: 1115
2025-04-04 00:25:47: Full SP Certificate Length: 1115
2025-04-04 00:25:47: SP Private Key Length: 1700
2025-04-04 00:25:50: [31m[nodemon] app crashed - waiting for file changes before starting...[39m
2025-04-04 00:25:50: 
2025-04-04 00:25:50: > service_provider@1.0.0 dev
2025-04-04 00:25:50: > cross-env NODE_ENV=development nodemon --watch 'src/**/*.ts' --exec 'ts-node' src/index.ts
2025-04-04 00:25:50: 
2025-04-04 00:25:50: [33m[nodemon] 3.1.9[39m
2025-04-04 00:25:50: [33m[nodemon] to restart at any time, enter `rs`[39m
2025-04-04 00:25:50: [33m[nodemon] watching path(s): src/**/*.ts[39m
2025-04-04 00:25:50: [33m[nodemon] watching extensions: ts[39m
2025-04-04 00:25:50: [32m[nodemon] starting `ts-node src/index.ts`[39m
2025-04-04 00:25:51: 
2025-04-04 00:25:51: > service_provider@1.0.0 dev
2025-04-04 00:25:51: > cross-env NODE_ENV=development nodemon --watch 'src/**/*.ts' --exec 'ts-node' src/index.ts
2025-04-04 00:25:51: 
2025-04-04 00:25:51: [33m[nodemon] 3.1.9[39m
2025-04-04 00:25:51: [33m[nodemon] to restart at any time, enter `rs`[39m
2025-04-04 00:25:51: [33m[nodemon] watching path(s): src/**/*.ts[39m
2025-04-04 00:25:51: [33m[nodemon] watching extensions: ts[39m
2025-04-04 00:25:51: [32m[nodemon] starting `ts-node src/index.ts`[39m
2025-04-04 00:25:52: Certificate lengths: { config: 1044, meta: 1044 }
2025-04-04 00:25:52: ✅ Certificates match perfectly
2025-04-04 00:25:52: Full IDP Certificate Length: 1115
2025-04-04 00:25:52: Full SP Certificate Length: 1115
2025-04-04 00:25:52: SP Private Key Length: 1700
2025-04-04 00:25:55: [31m[nodemon] app crashed - waiting for file changes before starting...[39m
2025-04-04 00:25:55: 
2025-04-04 00:25:55: > service_provider@1.0.0 dev
2025-04-04 00:25:55: > cross-env NODE_ENV=development nodemon --watch 'src/**/*.ts' --exec 'ts-node' src/index.ts
2025-04-04 00:25:55: 
2025-04-04 00:25:56: [33m[nodemon] 3.1.9[39m
2025-04-04 00:25:56: [33m[nodemon] to restart at any time, enter `rs`[39m
2025-04-04 00:25:56: [33m[nodemon] watching path(s): src/**/*.ts[39m
2025-04-04 00:25:56: [33m[nodemon] watching extensions: ts[39m
2025-04-04 00:25:56: [32m[nodemon] starting `ts-node src/index.ts`[39m
2025-04-04 00:25:57: Certificate lengths: { config: 1044, meta: 1044 }
2025-04-04 00:25:57: ✅ Certificates match perfectly
2025-04-04 00:25:57: Full IDP Certificate Length: 1115
2025-04-04 00:25:57: Full SP Certificate Length: 1115
2025-04-04 00:25:57: SP Private Key Length: 1700
2025-04-04 00:26:00: [31m[nodemon] app crashed - waiting for file changes before starting...[39m
2025-04-04 00:26:00: 
2025-04-04 00:26:00: > service_provider@1.0.0 dev
2025-04-04 00:26:00: > cross-env NODE_ENV=development nodemon --watch 'src/**/*.ts' --exec 'ts-node' src/index.ts
2025-04-04 00:26:00: 
2025-04-04 00:26:00: [33m[nodemon] 3.1.9[39m
2025-04-04 00:26:00: [33m[nodemon] to restart at any time, enter `rs`[39m
2025-04-04 00:26:00: [33m[nodemon] watching path(s): src/**/*.ts[39m
2025-04-04 00:26:00: [33m[nodemon] watching extensions: ts[39m
2025-04-04 00:26:00: [32m[nodemon] starting `ts-node src/index.ts`[39m
2025-04-04 00:26:01: Certificate lengths: { config: 1044, meta: 1044 }
2025-04-04 00:26:01: ✅ Certificates match perfectly
2025-04-04 00:26:01: Full IDP Certificate Length: 1115
2025-04-04 00:26:01: Full SP Certificate Length: 1115
2025-04-04 00:26:01: SP Private Key Length: 1700
2025-04-04 00:26:04: [31m[nodemon] app crashed - waiting for file changes before starting...[39m
2025-04-04 00:26:04: 
2025-04-04 00:26:04: > service_provider@1.0.0 dev
2025-04-04 00:26:04: > cross-env NODE_ENV=development nodemon --watch 'src/**/*.ts' --exec 'ts-node' src/index.ts
2025-04-04 00:26:04: 
2025-04-04 00:26:05: [33m[nodemon] 3.1.9[39m
2025-04-04 00:26:05: [33m[nodemon] to restart at any time, enter `rs`[39m
2025-04-04 00:26:05: [33m[nodemon] watching path(s): src/**/*.ts[39m
2025-04-04 00:26:05: [33m[nodemon] watching extensions: ts[39m
2025-04-04 00:26:05: [32m[nodemon] starting `ts-node src/index.ts`[39m
2025-04-04 00:26:05: Certificate lengths: { config: 1044, meta: 1044 }
2025-04-04 00:26:05: ✅ Certificates match perfectly
2025-04-04 00:26:05: Full IDP Certificate Length: 1115
2025-04-04 00:26:05: Full SP Certificate Length: 1115
2025-04-04 00:26:05: SP Private Key Length: 1700
2025-04-04 00:26:08: [31m[nodemon] app crashed - waiting for file changes before starting...[39m
2025-04-04 00:26:09: 
2025-04-04 00:26:09: > service_provider@1.0.0 dev
2025-04-04 00:26:09: > cross-env NODE_ENV=development nodemon --watch 'src/**/*.ts' --exec 'ts-node' src/index.ts
2025-04-04 00:26:09: 
2025-04-04 00:26:09: [33m[nodemon] 3.1.9[39m
2025-04-04 00:26:09: [33m[nodemon] to restart at any time, enter `rs`[39m
2025-04-04 00:26:09: [33m[nodemon] watching path(s): src/**/*.ts[39m
2025-04-04 00:26:09: [33m[nodemon] watching extensions: ts[39m
2025-04-04 00:26:09: [32m[nodemon] starting `ts-node src/index.ts`[39m
2025-04-04 00:26:10: Certificate lengths: { config: 1044, meta: 1044 }
2025-04-04 00:26:10: ✅ Certificates match perfectly
2025-04-04 00:26:10: Full IDP Certificate Length: 1115
2025-04-04 00:26:10: Full SP Certificate Length: 1115
2025-04-04 00:26:10: SP Private Key Length: 1700
2025-04-04 00:26:11: 
2025-04-04 00:26:11: > service_provider@1.0.0 dev
2025-04-04 00:26:11: > cross-env NODE_ENV=development nodemon --watch 'src/**/*.ts' --exec 'ts-node' src/index.ts
2025-04-04 00:26:11: 
2025-04-04 00:26:11: [33m[nodemon] 3.1.9[39m
2025-04-04 00:26:11: [33m[nodemon] to restart at any time, enter `rs`[39m
2025-04-04 00:26:11: [33m[nodemon] watching path(s): src/**/*.ts[39m
2025-04-04 00:26:11: [33m[nodemon] watching extensions: ts[39m
2025-04-04 00:26:11: [32m[nodemon] starting `ts-node src/index.ts`[39m
2025-04-04 00:26:12: Certificate lengths: { config: 1044, meta: 1044 }
2025-04-04 00:26:12: ✅ Certificates match perfectly
2025-04-04 00:26:12: Full IDP Certificate Length: 1115
2025-04-04 00:26:12: Full SP Certificate Length: 1115
2025-04-04 00:26:12: SP Private Key Length: 1700
2025-04-04 00:26:15: [31m[nodemon] app crashed - waiting for file changes before starting...[39m
2025-04-04 00:26:15: 
2025-04-04 00:26:15: > service_provider@1.0.0 dev
2025-04-04 00:26:15: > cross-env NODE_ENV=development nodemon --watch 'src/**/*.ts' --exec 'ts-node' src/index.ts
2025-04-04 00:26:15: 
2025-04-04 00:26:15: [33m[nodemon] 3.1.9[39m
2025-04-04 00:26:15: [33m[nodemon] to restart at any time, enter `rs`[39m
2025-04-04 00:26:15: [33m[nodemon] watching path(s): src/**/*.ts[39m
2025-04-04 00:26:15: [33m[nodemon] watching extensions: ts[39m
2025-04-04 00:26:15: [32m[nodemon] starting `ts-node src/index.ts`[39m
2025-04-04 00:26:16: 
2025-04-04 00:26:16: > service_provider@1.0.0 dev
2025-04-04 00:26:16: > cross-env NODE_ENV=development nodemon --watch 'src/**/*.ts' --exec 'ts-node' src/index.ts
2025-04-04 00:26:16: 
2025-04-04 00:26:16: [33m[nodemon] 3.1.9[39m
2025-04-04 00:26:16: [33m[nodemon] to restart at any time, enter `rs`[39m
2025-04-04 00:26:16: [33m[nodemon] watching path(s): src/**/*.ts[39m
2025-04-04 00:26:16: [33m[nodemon] watching extensions: ts[39m
2025-04-04 00:26:16: [32m[nodemon] starting `ts-node src/index.ts`[39m
2025-04-04 00:26:17: Certificate lengths: { config: 1044, meta: 1044 }
2025-04-04 00:26:17: ✅ Certificates match perfectly
2025-04-04 00:26:17: Full IDP Certificate Length: 1115
2025-04-04 00:26:17: Full SP Certificate Length: 1115
2025-04-04 00:26:17: SP Private Key Length: 1700
2025-04-04 00:26:20: [31m[nodemon] app crashed - waiting for file changes before starting...[39m
2025-04-04 00:26:21: 
2025-04-04 00:26:21: > service_provider@1.0.0 dev
2025-04-04 00:26:21: > cross-env NODE_ENV=development nodemon --watch 'src/**/*.ts' --exec 'ts-node' src/index.ts
2025-04-04 00:26:21: 
2025-04-04 00:26:21: [33m[nodemon] 3.1.9[39m
2025-04-04 00:26:21: [33m[nodemon] to restart at any time, enter `rs`[39m
2025-04-04 00:26:21: [33m[nodemon] watching path(s): src/**/*.ts[39m
2025-04-04 00:26:21: [33m[nodemon] watching extensions: ts[39m
2025-04-04 00:26:21: [32m[nodemon] starting `ts-node src/index.ts`[39m
2025-04-04 00:26:22: Certificate lengths: { config: 1044, meta: 1044 }
2025-04-04 00:26:22: ✅ Certificates match perfectly
2025-04-04 00:26:22: Full IDP Certificate Length: 1115
2025-04-04 00:26:22: Full SP Certificate Length: 1115
2025-04-04 00:26:22: SP Private Key Length: 1700
2025-04-04 00:26:25: [31m[nodemon] app crashed - waiting for file changes before starting...[39m
2025-04-04 00:26:25: 
2025-04-04 00:26:25: > service_provider@1.0.0 dev
2025-04-04 00:26:25: > cross-env NODE_ENV=development nodemon --watch 'src/**/*.ts' --exec 'ts-node' src/index.ts
2025-04-04 00:26:25: 
2025-04-04 00:26:25: [33m[nodemon] 3.1.9[39m
2025-04-04 00:26:25: [33m[nodemon] to restart at any time, enter `rs`[39m
2025-04-04 00:26:25: [33m[nodemon] watching path(s): src/**/*.ts[39m
2025-04-04 00:26:25: [33m[nodemon] watching extensions: ts[39m
2025-04-04 00:26:25: [32m[nodemon] starting `ts-node src/index.ts`[39m
2025-04-04 00:26:26: 
2025-04-04 00:26:26: > service_provider@1.0.0 dev
2025-04-04 00:26:26: > cross-env NODE_ENV=development nodemon --watch 'src/**/*.ts' --exec 'ts-node' src/index.ts
2025-04-04 00:26:26: 
2025-04-04 00:26:26: [33m[nodemon] 3.1.9[39m
2025-04-04 00:26:26: [33m[nodemon] to restart at any time, enter `rs`[39m
2025-04-04 00:26:26: [33m[nodemon] watching path(s): src/**/*.ts[39m
2025-04-04 00:26:26: [33m[nodemon] watching extensions: ts[39m
2025-04-04 00:26:26: [32m[nodemon] starting `ts-node src/index.ts`[39m
2025-04-04 00:26:27: Certificate lengths: { config: 1044, meta: 1044 }
2025-04-04 00:26:27: ✅ Certificates match perfectly
2025-04-04 00:26:27: Full IDP Certificate Length: 1115
2025-04-04 00:26:27: Full SP Certificate Length: 1115
2025-04-04 00:26:27: SP Private Key Length: 1700
2025-04-04 00:26:30: [31m[nodemon] app crashed - waiting for file changes before starting...[39m
2025-04-04 00:26:31: 
2025-04-04 00:26:31: > service_provider@1.0.0 dev
2025-04-04 00:26:31: > cross-env NODE_ENV=development nodemon --watch 'src/**/*.ts' --exec 'ts-node' src/index.ts
2025-04-04 00:26:31: 
2025-04-04 00:26:31: [33m[nodemon] 3.1.9[39m
2025-04-04 00:26:31: [33m[nodemon] to restart at any time, enter `rs`[39m
2025-04-04 00:26:31: [33m[nodemon] watching path(s): src/**/*.ts[39m
2025-04-04 00:26:31: [33m[nodemon] watching extensions: ts[39m
2025-04-04 00:26:31: [32m[nodemon] starting `ts-node src/index.ts`[39m
2025-04-04 00:26:32: Certificate lengths: { config: 1044, meta: 1044 }
2025-04-04 00:26:32: ✅ Certificates match perfectly
2025-04-04 00:26:32: Full IDP Certificate Length: 1115
2025-04-04 00:26:32: Full SP Certificate Length: 1115
2025-04-04 00:26:32: SP Private Key Length: 1700
2025-04-04 00:26:35: [31m[nodemon] app crashed - waiting for file changes before starting...[39m
2025-04-04 00:26:35: 
2025-04-04 00:26:35: > service_provider@1.0.0 dev
2025-04-04 00:26:35: > cross-env NODE_ENV=development nodemon --watch 'src/**/*.ts' --exec 'ts-node' src/index.ts
2025-04-04 00:26:35: 
2025-04-04 00:26:35: [33m[nodemon] 3.1.9[39m
2025-04-04 00:26:35: [33m[nodemon] to restart at any time, enter `rs`[39m
2025-04-04 00:26:35: [33m[nodemon] watching path(s): src/**/*.ts[39m
2025-04-04 00:26:35: [33m[nodemon] watching extensions: ts[39m
2025-04-04 00:26:35: [32m[nodemon] starting `ts-node src/index.ts`[39m
2025-04-04 00:26:36: Certificate lengths: { config: 1044, meta: 1044 }
2025-04-04 00:26:36: ✅ Certificates match perfectly
2025-04-04 00:26:36: Full IDP Certificate Length: 1115
2025-04-04 00:26:36: Full SP Certificate Length: 1115
2025-04-04 00:26:36: SP Private Key Length: 1700
2025-04-04 00:26:39: [31m[nodemon] app crashed - waiting for file changes before starting...[39m
2025-04-04 00:26:40: 
2025-04-04 00:26:40: > service_provider@1.0.0 dev
2025-04-04 00:26:40: > cross-env NODE_ENV=development nodemon --watch 'src/**/*.ts' --exec 'ts-node' src/index.ts
2025-04-04 00:26:40: 
2025-04-04 00:26:40: [33m[nodemon] 3.1.9[39m
2025-04-04 00:26:40: [33m[nodemon] to restart at any time, enter `rs`[39m
2025-04-04 00:26:40: [33m[nodemon] watching path(s): src/**/*.ts[39m
2025-04-04 00:26:40: [33m[nodemon] watching extensions: ts[39m
2025-04-04 00:26:40: [32m[nodemon] starting `ts-node src/index.ts`[39m
2025-04-04 00:26:41: Certificate lengths: { config: 1044, meta: 1044 }
2025-04-04 00:26:41: ✅ Certificates match perfectly
2025-04-04 00:26:41: Full IDP Certificate Length: 1115
2025-04-04 00:26:41: Full SP Certificate Length: 1115
2025-04-04 00:26:41: SP Private Key Length: 1700
2025-04-04 00:26:44: [31m[nodemon] app crashed - waiting for file changes before starting...[39m
2025-04-04 00:26:44: 
2025-04-04 00:26:44: > service_provider@1.0.0 dev
2025-04-04 00:26:44: > cross-env NODE_ENV=development nodemon --watch 'src/**/*.ts' --exec 'ts-node' src/index.ts
2025-04-04 00:26:44: 
2025-04-04 00:26:44: [33m[nodemon] 3.1.9[39m
2025-04-04 00:26:44: [33m[nodemon] to restart at any time, enter `rs`[39m
2025-04-04 00:26:44: [33m[nodemon] watching path(s): src/**/*.ts[39m
2025-04-04 00:26:44: [33m[nodemon] watching extensions: ts[39m
2025-04-04 00:26:44: [32m[nodemon] starting `ts-node src/index.ts`[39m
2025-04-04 00:26:45: Certificate lengths: { config: 1044, meta: 1044 }
2025-04-04 00:26:45: ✅ Certificates match perfectly
2025-04-04 00:26:45: Full IDP Certificate Length: 1115
2025-04-04 00:26:45: Full SP Certificate Length: 1115
2025-04-04 00:26:45: SP Private Key Length: 1700
2025-04-04 00:26:48: [31m[nodemon] app crashed - waiting for file changes before starting...[39m
2025-04-04 00:26:49: 
2025-04-04 00:26:49: > service_provider@1.0.0 dev
2025-04-04 00:26:49: > cross-env NODE_ENV=development nodemon --watch 'src/**/*.ts' --exec 'ts-node' src/index.ts
2025-04-04 00:26:49: 
2025-04-04 00:26:49: [33m[nodemon] 3.1.9[39m
2025-04-04 00:26:49: [33m[nodemon] to restart at any time, enter `rs`[39m
2025-04-04 00:26:49: [33m[nodemon] watching path(s): src/**/*.ts[39m
2025-04-04 00:26:49: [33m[nodemon] watching extensions: ts[39m
2025-04-04 00:26:49: [32m[nodemon] starting `ts-node src/index.ts`[39m
2025-04-04 00:26:50: Certificate lengths: { config: 1044, meta: 1044 }
2025-04-04 00:26:50: ✅ Certificates match perfectly
2025-04-04 00:26:50: Full IDP Certificate Length: 1115
2025-04-04 00:26:50: Full SP Certificate Length: 1115
2025-04-04 00:26:50: SP Private Key Length: 1700
2025-04-04 00:26:50: [32m[nodemon] restarting due to changes...[39m
2025-04-04 00:26:50: [32m[nodemon] starting `ts-node src/index.ts`[39m
2025-04-04 00:26:50: 
2025-04-04 00:26:50: > service_provider@1.0.0 dev
2025-04-04 00:26:50: > cross-env NODE_ENV=development nodemon --watch 'src/**/*.ts' --exec 'ts-node' src/index.ts
2025-04-04 00:26:50: 
2025-04-04 00:26:50: [33m[nodemon] 3.1.9[39m
2025-04-04 00:26:50: [33m[nodemon] to restart at any time, enter `rs`[39m
2025-04-04 00:26:50: [33m[nodemon] watching path(s): src/**/*.ts[39m
2025-04-04 00:26:50: [33m[nodemon] watching extensions: ts[39m
2025-04-04 00:26:50: [32m[nodemon] starting `ts-node src/index.ts`[39m
2025-04-04 00:26:51: Certificate lengths: { config: 1044, meta: 1044 }
2025-04-04 00:26:51: ✅ Certificates match perfectly
2025-04-04 00:26:51: Full IDP Certificate Length: 1115
2025-04-04 00:26:51: Full SP Certificate Length: 1115
2025-04-04 00:26:51: SP Private Key Length: 1700
2025-04-04 00:26:54: [31m[nodemon] app crashed - waiting for file changes before starting...[39m
2025-04-04 00:26:55: 
2025-04-04 00:26:55: > service_provider@1.0.0 dev
2025-04-04 00:26:55: > cross-env NODE_ENV=development nodemon --watch 'src/**/*.ts' --exec 'ts-node' src/index.ts
2025-04-04 00:26:55: 
2025-04-04 00:26:55: [33m[nodemon] 3.1.9[39m
2025-04-04 00:26:55: [33m[nodemon] to restart at any time, enter `rs`[39m
2025-04-04 00:26:55: [33m[nodemon] watching path(s): src/**/*.ts[39m
2025-04-04 00:26:55: [33m[nodemon] watching extensions: ts[39m
2025-04-04 00:26:55: [32m[nodemon] starting `ts-node src/index.ts`[39m
2025-04-04 00:26:56: Certificate lengths: { config: 1044, meta: 1044 }
2025-04-04 00:26:56: ✅ Certificates match perfectly
2025-04-04 00:26:56: Full IDP Certificate Length: 1115
2025-04-04 00:26:56: Full SP Certificate Length: 1115
2025-04-04 00:26:56: SP Private Key Length: 1700
2025-04-04 00:26:59: [31m[nodemon] app crashed - waiting for file changes before starting...[39m
2025-04-04 00:27:00: 
2025-04-04 00:27:00: > service_provider@1.0.0 dev
2025-04-04 00:27:00: > cross-env NODE_ENV=development nodemon --watch 'src/**/*.ts' --exec 'ts-node' src/index.ts
2025-04-04 00:27:00: 
2025-04-04 00:27:00: [33m[nodemon] 3.1.9[39m
2025-04-04 00:27:00: [33m[nodemon] to restart at any time, enter `rs`[39m
2025-04-04 00:27:00: [33m[nodemon] watching path(s): src/**/*.ts[39m
2025-04-04 00:27:00: [33m[nodemon] watching extensions: ts[39m
2025-04-04 00:27:00: [32m[nodemon] starting `ts-node src/index.ts`[39m
2025-04-04 00:27:01: Certificate lengths: { config: 1044, meta: 1044 }
2025-04-04 00:27:01: ✅ Certificates match perfectly
2025-04-04 00:27:01: Full IDP Certificate Length: 1115
2025-04-04 00:27:01: Full SP Certificate Length: 1115
2025-04-04 00:27:01: SP Private Key Length: 1700
2025-04-04 00:27:02: 
2025-04-04 00:27:02: > service_provider@1.0.0 dev
2025-04-04 00:27:02: > cross-env NODE_ENV=development nodemon --watch 'src/**/*.ts' --exec 'ts-node' src/index.ts
2025-04-04 00:27:02: 
2025-04-04 00:27:02: [33m[nodemon] 3.1.9[39m
2025-04-04 00:27:02: [33m[nodemon] to restart at any time, enter `rs`[39m
2025-04-04 00:27:02: [33m[nodemon] watching path(s): src/**/*.ts[39m
2025-04-04 00:27:02: [33m[nodemon] watching extensions: ts[39m
2025-04-04 00:27:02: [32m[nodemon] starting `ts-node src/index.ts`[39m
2025-04-04 00:27:03: Certificate lengths: { config: 1044, meta: 1044 }
2025-04-04 00:27:03: ✅ Certificates match perfectly
2025-04-04 00:27:03: Full IDP Certificate Length: 1115
2025-04-04 00:27:03: Full SP Certificate Length: 1115
2025-04-04 00:27:03: SP Private Key Length: 1700
2025-04-04 00:27:03: Service Provider is up and running on 8001
2025-04-04 00:27:26: 
2025-04-04 00:27:26: > service_provider@1.0.0 dev
2025-04-04 00:27:26: > cross-env NODE_ENV=development nodemon --watch 'src/**/*.ts' --exec 'ts-node' src/index.ts
2025-04-04 00:27:26: 
2025-04-04 00:27:26: [33m[nodemon] 3.1.9[39m
2025-04-04 00:27:26: [33m[nodemon] to restart at any time, enter `rs`[39m
2025-04-04 00:27:26: [33m[nodemon] watching path(s): src/**/*.ts[39m
2025-04-04 00:27:26: [33m[nodemon] watching extensions: ts[39m
2025-04-04 00:27:26: [32m[nodemon] starting `ts-node src/index.ts`[39m
2025-04-04 00:27:27: Certificate lengths: { config: 1044, meta: 1044 }
2025-04-04 00:27:27: ✅ Certificates match perfectly
2025-04-04 00:27:27: Full IDP Certificate Length: 1115
2025-04-04 00:27:27: Full SP Certificate Length: 1115
2025-04-04 00:27:27: SP Private Key Length: 1700
2025-04-04 00:27:27: Service Provider is up and running on 8001
2025-04-04 00:27:44: 
2025-04-04 00:27:44: > service_provider@1.0.0 dev
2025-04-04 00:27:44: > cross-env NODE_ENV=development nodemon --watch 'src/**/*.ts' --exec 'ts-node' src/index.ts
2025-04-04 00:27:44: 
2025-04-04 00:27:45: [33m[nodemon] 3.1.9[39m
2025-04-04 00:27:45: [33m[nodemon] to restart at any time, enter `rs`[39m
2025-04-04 00:27:45: [33m[nodemon] watching path(s): src/**/*.ts[39m
2025-04-04 00:27:45: [33m[nodemon] watching extensions: ts[39m
2025-04-04 00:27:45: [32m[nodemon] starting `ts-node src/index.ts`[39m
2025-04-04 00:27:46: Certificate lengths: { config: 1044, meta: 1044 }
2025-04-04 00:27:46: ✅ Certificates match perfectly
2025-04-04 00:27:46: Full IDP Certificate Length: 1115
2025-04-04 00:27:46: Full SP Certificate Length: 1115
2025-04-04 00:27:46: SP Private Key Length: 1700
2025-04-04 00:27:46: Service Provider is up and running on 8001
2025-04-04 00:28:13: ::1 - - [03/Apr/2025:23:28:13 +0000] "GET /saml/sp/login HTTP/1.1" 200 4 "-" "Mozilla/5.0 (Macintosh; Intel Mac OS X 10_15_7) AppleWebKit/537.36 (KHTML, like Gecko) Chrome/134.0.0.0 Safari/537.36 Edg/134.0.0.0"
2025-04-04 00:28:13: ::1 - - [03/Apr/2025:23:28:13 +0000] "GET /favicon.ico HTTP/1.1" 404 150 "http://localhost:8001/saml/sp/login" "Mozilla/5.0 (Macintosh; Intel Mac OS X 10_15_7) AppleWebKit/537.36 (KHTML, like Gecko) Chrome/134.0.0.0 Safari/537.36 Edg/134.0.0.0"
2025-04-04 00:28:28: [32m[nodemon] restarting due to changes...[39m
2025-04-04 00:28:28: [32m[nodemon] starting `ts-node src/index.ts`[39m
2025-04-04 00:28:28: 
2025-04-04 00:28:28: > service_provider@1.0.0 dev
2025-04-04 00:28:28: > cross-env NODE_ENV=development nodemon --watch 'src/**/*.ts' --exec 'ts-node' src/index.ts
2025-04-04 00:28:28: 
2025-04-04 00:28:29: [33m[nodemon] 3.1.9[39m
2025-04-04 00:28:29: [33m[nodemon] to restart at any time, enter `rs`[39m
2025-04-04 00:28:29: [33m[nodemon] watching path(s): src/**/*.ts[39m
2025-04-04 00:28:29: [33m[nodemon] watching extensions: ts[39m
2025-04-04 00:28:29: [32m[nodemon] starting `ts-node src/index.ts`[39m
2025-04-04 00:28:30: Certificate lengths: { config: 1044, meta: 1044 }
2025-04-04 00:28:30: ✅ Certificates match perfectly
2025-04-04 00:28:30: Full IDP Certificate Length: 1115
2025-04-04 00:28:30: Full SP Certificate Length: 1115
2025-04-04 00:28:30: SP Private Key Length: 1700
2025-04-04 00:28:30: Service Provider is up and running on 8001
2025-04-04 00:28:36: [31m[nodemon] app crashed - waiting for file changes before starting...[39m
2025-04-04 00:28:36: 
2025-04-04 00:28:36: > service_provider@1.0.0 dev
2025-04-04 00:28:36: > cross-env NODE_ENV=development nodemon --watch 'src/**/*.ts' --exec 'ts-node' src/index.ts
2025-04-04 00:28:36: 
2025-04-04 00:28:37: [33m[nodemon] 3.1.9[39m
2025-04-04 00:28:37: [33m[nodemon] to restart at any time, enter `rs`[39m
2025-04-04 00:28:37: [33m[nodemon] watching path(s): src/**/*.ts[39m
2025-04-04 00:28:37: [33m[nodemon] watching extensions: ts[39m
2025-04-04 00:28:37: [32m[nodemon] starting `ts-node src/index.ts`[39m
2025-04-04 00:28:38: Certificate lengths: { config: 1044, meta: 1044 }
2025-04-04 00:28:38: ✅ Certificates match perfectly
2025-04-04 00:28:38: Full IDP Certificate Length: 1115
2025-04-04 00:28:38: Full SP Certificate Length: 1115
2025-04-04 00:28:38: SP Private Key Length: 1700
2025-04-04 00:28:38: Service Provider is up and running on 8001
2025-04-04 00:28:42: [31m[nodemon] app crashed - waiting for file changes before starting...[39m
2025-04-04 00:28:43: 
2025-04-04 00:28:43: > service_provider@1.0.0 dev
2025-04-04 00:28:43: > cross-env NODE_ENV=development nodemon --watch 'src/**/*.ts' --exec 'ts-node' src/index.ts
2025-04-04 00:28:43: 
2025-04-04 00:28:43: [33m[nodemon] 3.1.9[39m
2025-04-04 00:28:43: [33m[nodemon] to restart at any time, enter `rs`[39m
2025-04-04 00:28:43: [33m[nodemon] watching path(s): src/**/*.ts[39m
2025-04-04 00:28:43: [33m[nodemon] watching extensions: ts[39m
2025-04-04 00:28:43: [32m[nodemon] starting `ts-node src/index.ts`[39m
2025-04-04 00:28:44: Certificate lengths: { config: 1044, meta: 1044 }
2025-04-04 00:28:44: ✅ Certificates match perfectly
2025-04-04 00:28:44: Full IDP Certificate Length: 1115
2025-04-04 00:28:44: Full SP Certificate Length: 1115
2025-04-04 00:28:44: SP Private Key Length: 1700
2025-04-04 00:28:44: Service Provider is up and running on 8001
2025-04-04 00:28:47: [31m[nodemon] app crashed - waiting for file changes before starting...[39m
2025-04-04 00:28:48: 
2025-04-04 00:28:48: > service_provider@1.0.0 dev
2025-04-04 00:28:48: > cross-env NODE_ENV=development nodemon --watch 'src/**/*.ts' --exec 'ts-node' src/index.ts
2025-04-04 00:28:48: 
2025-04-04 00:28:48: [33m[nodemon] 3.1.9[39m
2025-04-04 00:28:48: [33m[nodemon] to restart at any time, enter `rs`[39m
2025-04-04 00:28:48: [33m[nodemon] watching path(s): src/**/*.ts[39m
2025-04-04 00:28:48: [33m[nodemon] watching extensions: ts[39m
2025-04-04 00:28:48: [32m[nodemon] starting `ts-node src/index.ts`[39m
2025-04-04 00:28:49: Certificate lengths: { config: 1044, meta: 1044 }
2025-04-04 00:28:49: ✅ Certificates match perfectly
2025-04-04 00:28:49: Full IDP Certificate Length: 1115
2025-04-04 00:28:49: Full SP Certificate Length: 1115
2025-04-04 00:28:49: SP Private Key Length: 1700
2025-04-04 00:28:49: Service Provider is up and running on 8001
2025-04-04 00:28:53: [31m[nodemon] app crashed - waiting for file changes before starting...[39m
2025-04-04 00:28:53: 
2025-04-04 00:28:53: > service_provider@1.0.0 dev
2025-04-04 00:28:53: > cross-env NODE_ENV=development nodemon --watch 'src/**/*.ts' --exec 'ts-node' src/index.ts
2025-04-04 00:28:53: 
2025-04-04 00:28:53: [33m[nodemon] 3.1.9[39m
2025-04-04 00:28:53: [33m[nodemon] to restart at any time, enter `rs`[39m
2025-04-04 00:28:53: [33m[nodemon] watching path(s): src/**/*.ts[39m
2025-04-04 00:28:53: [33m[nodemon] watching extensions: ts[39m
2025-04-04 00:28:53: [32m[nodemon] starting `ts-node src/index.ts`[39m
2025-04-04 00:28:54: Certificate lengths: { config: 1044, meta: 1044 }
2025-04-04 00:28:54: ✅ Certificates match perfectly
2025-04-04 00:28:54: Full IDP Certificate Length: 1115
2025-04-04 00:28:54: Full SP Certificate Length: 1115
2025-04-04 00:28:54: SP Private Key Length: 1700
2025-04-04 00:28:54: Service Provider is up and running on 8001
2025-04-04 00:28:58: [31m[nodemon] app crashed - waiting for file changes before starting...[39m
2025-04-04 00:28:59: 
2025-04-04 00:28:59: > service_provider@1.0.0 dev
2025-04-04 00:28:59: > cross-env NODE_ENV=development nodemon --watch 'src/**/*.ts' --exec 'ts-node' src/index.ts
2025-04-04 00:28:59: 
2025-04-04 00:28:59: [33m[nodemon] 3.1.9[39m
2025-04-04 00:28:59: [33m[nodemon] to restart at any time, enter `rs`[39m
2025-04-04 00:28:59: [33m[nodemon] watching path(s): src/**/*.ts[39m
2025-04-04 00:28:59: [33m[nodemon] watching extensions: ts[39m
2025-04-04 00:28:59: [32m[nodemon] starting `ts-node src/index.ts`[39m
2025-04-04 00:29:00: Certificate lengths: { config: 1044, meta: 1044 }
2025-04-04 00:29:00: ✅ Certificates match perfectly
2025-04-04 00:29:00: Full IDP Certificate Length: 1115
2025-04-04 00:29:00: Full SP Certificate Length: 1115
2025-04-04 00:29:00: SP Private Key Length: 1700
2025-04-04 00:29:00: Service Provider is up and running on 8001
2025-04-04 00:29:04: [31m[nodemon] app crashed - waiting for file changes before starting...[39m
2025-04-04 00:29:04: 
2025-04-04 00:29:04: > service_provider@1.0.0 dev
2025-04-04 00:29:04: > cross-env NODE_ENV=development nodemon --watch 'src/**/*.ts' --exec 'ts-node' src/index.ts
2025-04-04 00:29:04: 
2025-04-04 00:29:04: [33m[nodemon] 3.1.9[39m
2025-04-04 00:29:04: [33m[nodemon] to restart at any time, enter `rs`[39m
2025-04-04 00:29:04: [33m[nodemon] watching path(s): src/**/*.ts[39m
2025-04-04 00:29:04: [33m[nodemon] watching extensions: ts[39m
2025-04-04 00:29:04: [32m[nodemon] starting `ts-node src/index.ts`[39m
2025-04-04 00:29:06: Certificate lengths: { config: 1044, meta: 1044 }
2025-04-04 00:29:06: ✅ Certificates match perfectly
2025-04-04 00:29:06: Full IDP Certificate Length: 1115
2025-04-04 00:29:06: Full SP Certificate Length: 1115
2025-04-04 00:29:06: SP Private Key Length: 1700
2025-04-04 00:29:06: Service Provider is up and running on 8001
2025-04-04 00:29:09: [31m[nodemon] app crashed - waiting for file changes before starting...[39m
2025-04-04 00:29:10: 
2025-04-04 00:29:10: > service_provider@1.0.0 dev
2025-04-04 00:29:10: > cross-env NODE_ENV=development nodemon --watch 'src/**/*.ts' --exec 'ts-node' src/index.ts
2025-04-04 00:29:10: 
2025-04-04 00:29:10: [33m[nodemon] 3.1.9[39m
2025-04-04 00:29:10: [33m[nodemon] to restart at any time, enter `rs`[39m
2025-04-04 00:29:10: [33m[nodemon] watching path(s): src/**/*.ts[39m
2025-04-04 00:29:10: [33m[nodemon] watching extensions: ts[39m
2025-04-04 00:29:10: [32m[nodemon] starting `ts-node src/index.ts`[39m
2025-04-04 00:29:11: Certificate lengths: { config: 1044, meta: 1044 }
2025-04-04 00:29:11: ✅ Certificates match perfectly
2025-04-04 00:29:11: Full IDP Certificate Length: 1115
2025-04-04 00:29:11: Full SP Certificate Length: 1115
2025-04-04 00:29:11: SP Private Key Length: 1700
2025-04-04 00:29:11: Service Provider is up and running on 8001
2025-04-04 00:29:15: [31m[nodemon] app crashed - waiting for file changes before starting...[39m
2025-04-04 00:29:15: 
2025-04-04 00:29:15: > service_provider@1.0.0 dev
2025-04-04 00:29:15: > cross-env NODE_ENV=development nodemon --watch 'src/**/*.ts' --exec 'ts-node' src/index.ts
2025-04-04 00:29:15: 
2025-04-04 00:29:15: [33m[nodemon] 3.1.9[39m
2025-04-04 00:29:15: [33m[nodemon] to restart at any time, enter `rs`[39m
2025-04-04 00:29:15: [33m[nodemon] watching path(s): src/**/*.ts[39m
2025-04-04 00:29:15: [33m[nodemon] watching extensions: ts[39m
2025-04-04 00:29:15: [32m[nodemon] starting `ts-node src/index.ts`[39m
2025-04-04 00:29:16: Certificate lengths: { config: 1044, meta: 1044 }
2025-04-04 00:29:16: ✅ Certificates match perfectly
2025-04-04 00:29:16: Full IDP Certificate Length: 1115
2025-04-04 00:29:16: Full SP Certificate Length: 1115
2025-04-04 00:29:16: SP Private Key Length: 1700
2025-04-04 00:29:16: Service Provider is up and running on 8001
2025-04-04 00:29:20: [31m[nodemon] app crashed - waiting for file changes before starting...[39m
2025-04-04 00:29:21: 
2025-04-04 00:29:21: > service_provider@1.0.0 dev
2025-04-04 00:29:21: > cross-env NODE_ENV=development nodemon --watch 'src/**/*.ts' --exec 'ts-node' src/index.ts
2025-04-04 00:29:21: 
2025-04-04 00:29:21: [33m[nodemon] 3.1.9[39m
2025-04-04 00:29:21: [33m[nodemon] to restart at any time, enter `rs`[39m
2025-04-04 00:29:21: [33m[nodemon] watching path(s): src/**/*.ts[39m
2025-04-04 00:29:21: [33m[nodemon] watching extensions: ts[39m
2025-04-04 00:29:21: [32m[nodemon] starting `ts-node src/index.ts`[39m
2025-04-04 00:29:22: Certificate lengths: { config: 1044, meta: 1044 }
2025-04-04 00:29:22: ✅ Certificates match perfectly
2025-04-04 00:29:22: Full IDP Certificate Length: 1115
2025-04-04 00:29:22: Full SP Certificate Length: 1115
2025-04-04 00:29:22: SP Private Key Length: 1700
2025-04-04 00:29:22: Service Provider is up and running on 8001
2025-04-04 00:29:26: [31m[nodemon] app crashed - waiting for file changes before starting...[39m
2025-04-04 00:29:26: 
2025-04-04 00:29:26: > service_provider@1.0.0 dev
2025-04-04 00:29:26: > cross-env NODE_ENV=development nodemon --watch 'src/**/*.ts' --exec 'ts-node' src/index.ts
2025-04-04 00:29:26: 
2025-04-04 00:29:26: [33m[nodemon] 3.1.9[39m
2025-04-04 00:29:26: [33m[nodemon] to restart at any time, enter `rs`[39m
2025-04-04 00:29:26: [33m[nodemon] watching path(s): src/**/*.ts[39m
2025-04-04 00:29:26: [33m[nodemon] watching extensions: ts[39m
2025-04-04 00:29:26: [32m[nodemon] starting `ts-node src/index.ts`[39m
2025-04-04 00:29:27: Certificate lengths: { config: 1044, meta: 1044 }
2025-04-04 00:29:27: ✅ Certificates match perfectly
2025-04-04 00:29:27: Full IDP Certificate Length: 1115
2025-04-04 00:29:27: Full SP Certificate Length: 1115
2025-04-04 00:29:27: SP Private Key Length: 1700
2025-04-04 00:29:27: Service Provider is up and running on 8001
2025-04-04 00:29:31: [31m[nodemon] app crashed - waiting for file changes before starting...[39m
2025-04-04 00:29:32: 
2025-04-04 00:29:32: > service_provider@1.0.0 dev
2025-04-04 00:29:32: > cross-env NODE_ENV=development nodemon --watch 'src/**/*.ts' --exec 'ts-node' src/index.ts
2025-04-04 00:29:32: 
2025-04-04 00:29:32: [33m[nodemon] 3.1.9[39m
2025-04-04 00:29:32: [33m[nodemon] to restart at any time, enter `rs`[39m
2025-04-04 00:29:32: [33m[nodemon] watching path(s): src/**/*.ts[39m
2025-04-04 00:29:32: [33m[nodemon] watching extensions: ts[39m
2025-04-04 00:29:32: [32m[nodemon] starting `ts-node src/index.ts`[39m
2025-04-04 00:29:33: Certificate lengths: { config: 1044, meta: 1044 }
2025-04-04 00:29:33: ✅ Certificates match perfectly
2025-04-04 00:29:33: Full IDP Certificate Length: 1115
2025-04-04 00:29:33: Full SP Certificate Length: 1115
2025-04-04 00:29:33: SP Private Key Length: 1700
2025-04-04 00:29:33: Service Provider is up and running on 8001
2025-04-04 00:29:37: [31m[nodemon] app crashed - waiting for file changes before starting...[39m
2025-04-04 00:29:37: 
2025-04-04 00:29:37: > service_provider@1.0.0 dev
2025-04-04 00:29:37: > cross-env NODE_ENV=development nodemon --watch 'src/**/*.ts' --exec 'ts-node' src/index.ts
2025-04-04 00:29:37: 
2025-04-04 00:29:37: [33m[nodemon] 3.1.9[39m
2025-04-04 00:29:37: [33m[nodemon] to restart at any time, enter `rs`[39m
2025-04-04 00:29:37: [33m[nodemon] watching path(s): src/**/*.ts[39m
2025-04-04 00:29:37: [33m[nodemon] watching extensions: ts[39m
2025-04-04 00:29:37: [32m[nodemon] starting `ts-node src/index.ts`[39m
2025-04-04 00:29:38: Certificate lengths: { config: 1044, meta: 1044 }
2025-04-04 00:29:38: ✅ Certificates match perfectly
2025-04-04 00:29:38: Full IDP Certificate Length: 1115
2025-04-04 00:29:38: Full SP Certificate Length: 1115
2025-04-04 00:29:38: SP Private Key Length: 1700
2025-04-04 00:29:38: Service Provider is up and running on 8001
2025-04-04 00:29:42: [31m[nodemon] app crashed - waiting for file changes before starting...[39m
2025-04-04 00:29:43: 
2025-04-04 00:29:43: > service_provider@1.0.0 dev
2025-04-04 00:29:43: > cross-env NODE_ENV=development nodemon --watch 'src/**/*.ts' --exec 'ts-node' src/index.ts
2025-04-04 00:29:43: 
2025-04-04 00:29:43: [33m[nodemon] 3.1.9[39m
2025-04-04 00:29:43: [33m[nodemon] to restart at any time, enter `rs`[39m
2025-04-04 00:29:43: [33m[nodemon] watching path(s): src/**/*.ts[39m
2025-04-04 00:29:43: [33m[nodemon] watching extensions: ts[39m
2025-04-04 00:29:43: [32m[nodemon] starting `ts-node src/index.ts`[39m
2025-04-04 00:29:44: Certificate lengths: { config: 1044, meta: 1044 }
2025-04-04 00:29:44: ✅ Certificates match perfectly
2025-04-04 00:29:44: Full IDP Certificate Length: 1115
2025-04-04 00:29:44: Full SP Certificate Length: 1115
2025-04-04 00:29:44: SP Private Key Length: 1700
2025-04-04 00:29:44: Service Provider is up and running on 8001
2025-04-04 00:29:48: [31m[nodemon] app crashed - waiting for file changes before starting...[39m
2025-04-04 00:29:48: 
2025-04-04 00:29:48: > service_provider@1.0.0 dev
2025-04-04 00:29:48: > cross-env NODE_ENV=development nodemon --watch 'src/**/*.ts' --exec 'ts-node' src/index.ts
2025-04-04 00:29:48: 
2025-04-04 00:29:48: [33m[nodemon] 3.1.9[39m
2025-04-04 00:29:48: [33m[nodemon] to restart at any time, enter `rs`[39m
2025-04-04 00:29:48: [33m[nodemon] watching path(s): src/**/*.ts[39m
2025-04-04 00:29:48: [33m[nodemon] watching extensions: ts[39m
2025-04-04 00:29:48: [32m[nodemon] starting `ts-node src/index.ts`[39m
2025-04-04 00:29:49: Certificate lengths: { config: 1044, meta: 1044 }
2025-04-04 00:29:49: ✅ Certificates match perfectly
2025-04-04 00:29:49: Full IDP Certificate Length: 1115
2025-04-04 00:29:49: Full SP Certificate Length: 1115
2025-04-04 00:29:49: SP Private Key Length: 1700
2025-04-04 00:29:49: Service Provider is up and running on 8001
2025-04-04 00:29:53: [31m[nodemon] app crashed - waiting for file changes before starting...[39m
2025-04-04 00:29:54: 
2025-04-04 00:29:54: > service_provider@1.0.0 dev
2025-04-04 00:29:54: > cross-env NODE_ENV=development nodemon --watch 'src/**/*.ts' --exec 'ts-node' src/index.ts
2025-04-04 00:29:54: 
2025-04-04 00:29:54: [33m[nodemon] 3.1.9[39m
2025-04-04 00:29:54: [33m[nodemon] to restart at any time, enter `rs`[39m
2025-04-04 00:29:54: [33m[nodemon] watching path(s): src/**/*.ts[39m
2025-04-04 00:29:54: [33m[nodemon] watching extensions: ts[39m
2025-04-04 00:29:54: [32m[nodemon] starting `ts-node src/index.ts`[39m
2025-04-04 00:29:55: Certificate lengths: { config: 1044, meta: 1044 }
2025-04-04 00:29:55: ✅ Certificates match perfectly
2025-04-04 00:29:55: Full IDP Certificate Length: 1115
2025-04-04 00:29:55: Full SP Certificate Length: 1115
2025-04-04 00:29:55: SP Private Key Length: 1700
2025-04-04 00:29:55: Service Provider is up and running on 8001
2025-04-04 00:29:59: [31m[nodemon] app crashed - waiting for file changes before starting...[39m
2025-04-04 00:29:59: 
2025-04-04 00:29:59: > service_provider@1.0.0 dev
2025-04-04 00:29:59: > cross-env NODE_ENV=development nodemon --watch 'src/**/*.ts' --exec 'ts-node' src/index.ts
2025-04-04 00:29:59: 
2025-04-04 00:29:59: [33m[nodemon] 3.1.9[39m
2025-04-04 00:29:59: [33m[nodemon] to restart at any time, enter `rs`[39m
2025-04-04 00:29:59: [33m[nodemon] watching path(s): src/**/*.ts[39m
2025-04-04 00:29:59: [33m[nodemon] watching extensions: ts[39m
2025-04-04 00:29:59: [32m[nodemon] starting `ts-node src/index.ts`[39m
2025-04-04 00:30:01: Certificate lengths: { config: 1044, meta: 1044 }
2025-04-04 00:30:01: ✅ Certificates match perfectly
2025-04-04 00:30:01: Full IDP Certificate Length: 1115
2025-04-04 00:30:01: Full SP Certificate Length: 1115
2025-04-04 00:30:01: SP Private Key Length: 1700
2025-04-04 00:30:01: Service Provider is up and running on 8001
2025-04-04 00:30:04: [31m[nodemon] app crashed - waiting for file changes before starting...[39m
2025-04-04 00:30:05: 
2025-04-04 00:30:05: > service_provider@1.0.0 dev
2025-04-04 00:30:05: > cross-env NODE_ENV=development nodemon --watch 'src/**/*.ts' --exec 'ts-node' src/index.ts
2025-04-04 00:30:05: 
2025-04-04 00:30:05: [33m[nodemon] 3.1.9[39m
2025-04-04 00:30:05: [33m[nodemon] to restart at any time, enter `rs`[39m
2025-04-04 00:30:05: [33m[nodemon] watching path(s): src/**/*.ts[39m
2025-04-04 00:30:05: [33m[nodemon] watching extensions: ts[39m
2025-04-04 00:30:05: [32m[nodemon] starting `ts-node src/index.ts`[39m
2025-04-04 00:30:06: Certificate lengths: { config: 1044, meta: 1044 }
2025-04-04 00:30:06: ✅ Certificates match perfectly
2025-04-04 00:30:06: Full IDP Certificate Length: 1115
2025-04-04 00:30:06: Full SP Certificate Length: 1115
2025-04-04 00:30:06: SP Private Key Length: 1700
2025-04-04 00:30:06: Service Provider is up and running on 8001
2025-04-04 00:30:10: [31m[nodemon] app crashed - waiting for file changes before starting...[39m
2025-04-04 00:30:10: 
2025-04-04 00:30:10: > service_provider@1.0.0 dev
2025-04-04 00:30:10: > cross-env NODE_ENV=development nodemon --watch 'src/**/*.ts' --exec 'ts-node' src/index.ts
2025-04-04 00:30:10: 
2025-04-04 00:30:10: [33m[nodemon] 3.1.9[39m
2025-04-04 00:30:10: [33m[nodemon] to restart at any time, enter `rs`[39m
2025-04-04 00:30:10: [33m[nodemon] watching path(s): src/**/*.ts[39m
2025-04-04 00:30:10: [33m[nodemon] watching extensions: ts[39m
2025-04-04 00:30:10: [32m[nodemon] starting `ts-node src/index.ts`[39m
2025-04-04 00:30:11: Certificate lengths: { config: 1044, meta: 1044 }
2025-04-04 00:30:11: ✅ Certificates match perfectly
2025-04-04 00:30:11: Full IDP Certificate Length: 1115
2025-04-04 00:30:11: Full SP Certificate Length: 1115
2025-04-04 00:30:11: SP Private Key Length: 1700
2025-04-04 00:30:11: Service Provider is up and running on 8001
2025-04-04 00:30:12: [32m[nodemon] restarting due to changes...[39m
2025-04-04 00:30:12: [32m[nodemon] starting `ts-node src/index.ts`[39m
2025-04-04 00:30:13: 
2025-04-04 00:30:13: > service_provider@1.0.0 dev
2025-04-04 00:30:13: > cross-env NODE_ENV=development nodemon --watch 'src/**/*.ts' --exec 'ts-node' src/index.ts
2025-04-04 00:30:13: 
2025-04-04 00:30:13: [33m[nodemon] 3.1.9[39m
2025-04-04 00:30:13: [33m[nodemon] to restart at any time, enter `rs`[39m
2025-04-04 00:30:13: [33m[nodemon] watching path(s): src/**/*.ts[39m
2025-04-04 00:30:13: [33m[nodemon] watching extensions: ts[39m
2025-04-04 00:30:13: [32m[nodemon] starting `ts-node src/index.ts`[39m
2025-04-04 00:30:17: [31m[nodemon] app crashed - waiting for file changes before starting...[39m
2025-04-04 00:30:17: 
2025-04-04 00:30:17: > service_provider@1.0.0 dev
2025-04-04 00:30:17: > cross-env NODE_ENV=development nodemon --watch 'src/**/*.ts' --exec 'ts-node' src/index.ts
2025-04-04 00:30:17: 
2025-04-04 00:30:18: [33m[nodemon] 3.1.9[39m
2025-04-04 00:30:18: [33m[nodemon] to restart at any time, enter `rs`[39m
2025-04-04 00:30:18: [33m[nodemon] watching path(s): src/**/*.ts[39m
2025-04-04 00:30:18: [33m[nodemon] watching extensions: ts[39m
2025-04-04 00:30:18: [32m[nodemon] starting `ts-node src/index.ts`[39m
2025-04-04 00:30:22: [31m[nodemon] app crashed - waiting for file changes before starting...[39m
2025-04-04 00:30:22: 
2025-04-04 00:30:22: > service_provider@1.0.0 dev
2025-04-04 00:30:22: > cross-env NODE_ENV=development nodemon --watch 'src/**/*.ts' --exec 'ts-node' src/index.ts
2025-04-04 00:30:22: 
2025-04-04 00:30:22: [33m[nodemon] 3.1.9[39m
2025-04-04 00:30:22: [33m[nodemon] to restart at any time, enter `rs`[39m
2025-04-04 00:30:22: [33m[nodemon] watching path(s): src/**/*.ts[39m
2025-04-04 00:30:22: [33m[nodemon] watching extensions: ts[39m
2025-04-04 00:30:22: [32m[nodemon] starting `ts-node src/index.ts`[39m
2025-04-04 00:30:26: [31m[nodemon] app crashed - waiting for file changes before starting...[39m
2025-04-04 00:30:27: 
2025-04-04 00:30:27: > service_provider@1.0.0 dev
2025-04-04 00:30:27: > cross-env NODE_ENV=development nodemon --watch 'src/**/*.ts' --exec 'ts-node' src/index.ts
2025-04-04 00:30:27: 
2025-04-04 00:30:27: [33m[nodemon] 3.1.9[39m
2025-04-04 00:30:27: [33m[nodemon] to restart at any time, enter `rs`[39m
2025-04-04 00:30:27: [33m[nodemon] watching path(s): src/**/*.ts[39m
2025-04-04 00:30:27: [33m[nodemon] watching extensions: ts[39m
2025-04-04 00:30:27: [32m[nodemon] starting `ts-node src/index.ts`[39m
2025-04-04 00:30:31: [31m[nodemon] app crashed - waiting for file changes before starting...[39m
2025-04-04 00:30:32: 
2025-04-04 00:30:32: > service_provider@1.0.0 dev
2025-04-04 00:30:32: > cross-env NODE_ENV=development nodemon --watch 'src/**/*.ts' --exec 'ts-node' src/index.ts
2025-04-04 00:30:32: 
2025-04-04 00:30:33: [33m[nodemon] 3.1.9[39m
2025-04-04 00:30:33: [33m[nodemon] to restart at any time, enter `rs`[39m
2025-04-04 00:30:33: [33m[nodemon] watching path(s): src/**/*.ts[39m
2025-04-04 00:30:33: [33m[nodemon] watching extensions: ts[39m
2025-04-04 00:30:33: [32m[nodemon] starting `ts-node src/index.ts`[39m
2025-04-04 00:30:37: [31m[nodemon] app crashed - waiting for file changes before starting...[39m
2025-04-04 00:30:37: 
2025-04-04 00:30:37: > service_provider@1.0.0 dev
2025-04-04 00:30:37: > cross-env NODE_ENV=development nodemon --watch 'src/**/*.ts' --exec 'ts-node' src/index.ts
2025-04-04 00:30:37: 
2025-04-04 00:30:37: [33m[nodemon] 3.1.9[39m
2025-04-04 00:30:37: [33m[nodemon] to restart at any time, enter `rs`[39m
2025-04-04 00:30:37: [33m[nodemon] watching path(s): src/**/*.ts[39m
2025-04-04 00:30:37: [33m[nodemon] watching extensions: ts[39m
2025-04-04 00:30:37: [32m[nodemon] starting `ts-node src/index.ts`[39m
2025-04-04 00:30:42: [31m[nodemon] app crashed - waiting for file changes before starting...[39m
2025-04-04 00:30:42: 
2025-04-04 00:30:42: > service_provider@1.0.0 dev
2025-04-04 00:30:42: > cross-env NODE_ENV=development nodemon --watch 'src/**/*.ts' --exec 'ts-node' src/index.ts
2025-04-04 00:30:42: 
2025-04-04 00:30:42: [33m[nodemon] 3.1.9[39m
2025-04-04 00:30:42: [33m[nodemon] to restart at any time, enter `rs`[39m
2025-04-04 00:30:42: [33m[nodemon] watching path(s): src/**/*.ts[39m
2025-04-04 00:30:42: [33m[nodemon] watching extensions: ts[39m
2025-04-04 00:30:42: [32m[nodemon] starting `ts-node src/index.ts`[39m
2025-04-04 00:30:46: [31m[nodemon] app crashed - waiting for file changes before starting...[39m
2025-04-04 00:30:46: 
2025-04-04 00:30:46: > service_provider@1.0.0 dev
2025-04-04 00:30:46: > cross-env NODE_ENV=development nodemon --watch 'src/**/*.ts' --exec 'ts-node' src/index.ts
2025-04-04 00:30:46: 
2025-04-04 00:30:46: [33m[nodemon] 3.1.9[39m
2025-04-04 00:30:46: [33m[nodemon] to restart at any time, enter `rs`[39m
2025-04-04 00:30:46: [33m[nodemon] watching path(s): src/**/*.ts[39m
2025-04-04 00:30:46: [33m[nodemon] watching extensions: ts[39m
2025-04-04 00:30:46: [32m[nodemon] starting `ts-node src/index.ts`[39m
2025-04-04 00:30:50: [31m[nodemon] app crashed - waiting for file changes before starting...[39m
2025-04-04 00:30:51: 
2025-04-04 00:30:51: > service_provider@1.0.0 dev
2025-04-04 00:30:51: > cross-env NODE_ENV=development nodemon --watch 'src/**/*.ts' --exec 'ts-node' src/index.ts
2025-04-04 00:30:51: 
2025-04-04 00:30:51: [33m[nodemon] 3.1.9[39m
2025-04-04 00:30:51: [33m[nodemon] to restart at any time, enter `rs`[39m
2025-04-04 00:30:51: [33m[nodemon] watching path(s): src/**/*.ts[39m
2025-04-04 00:30:51: [33m[nodemon] watching extensions: ts[39m
2025-04-04 00:30:51: [32m[nodemon] starting `ts-node src/index.ts`[39m
2025-04-04 00:30:55: [31m[nodemon] app crashed - waiting for file changes before starting...[39m
2025-04-04 00:30:55: 
2025-04-04 00:30:55: > service_provider@1.0.0 dev
2025-04-04 00:30:55: > cross-env NODE_ENV=development nodemon --watch 'src/**/*.ts' --exec 'ts-node' src/index.ts
2025-04-04 00:30:55: 
2025-04-04 00:30:56: [33m[nodemon] 3.1.9[39m
2025-04-04 00:30:56: [33m[nodemon] to restart at any time, enter `rs`[39m
2025-04-04 00:30:56: [33m[nodemon] watching path(s): src/**/*.ts[39m
2025-04-04 00:30:56: [33m[nodemon] watching extensions: ts[39m
2025-04-04 00:30:56: [32m[nodemon] starting `ts-node src/index.ts`[39m
2025-04-04 00:30:59: [31m[nodemon] app crashed - waiting for file changes before starting...[39m
2025-04-04 00:31:00: 
2025-04-04 00:31:00: > service_provider@1.0.0 dev
2025-04-04 00:31:00: > cross-env NODE_ENV=development nodemon --watch 'src/**/*.ts' --exec 'ts-node' src/index.ts
2025-04-04 00:31:00: 
2025-04-04 00:31:00: [33m[nodemon] 3.1.9[39m
2025-04-04 00:31:00: [33m[nodemon] to restart at any time, enter `rs`[39m
2025-04-04 00:31:00: [33m[nodemon] watching path(s): src/**/*.ts[39m
2025-04-04 00:31:00: [33m[nodemon] watching extensions: ts[39m
2025-04-04 00:31:00: [32m[nodemon] starting `ts-node src/index.ts`[39m
2025-04-04 00:31:04: [31m[nodemon] app crashed - waiting for file changes before starting...[39m
2025-04-04 00:31:04: 
2025-04-04 00:31:04: > service_provider@1.0.0 dev
2025-04-04 00:31:04: > cross-env NODE_ENV=development nodemon --watch 'src/**/*.ts' --exec 'ts-node' src/index.ts
2025-04-04 00:31:04: 
2025-04-04 00:31:04: [33m[nodemon] 3.1.9[39m
2025-04-04 00:31:04: [33m[nodemon] to restart at any time, enter `rs`[39m
2025-04-04 00:31:04: [33m[nodemon] watching path(s): src/**/*.ts[39m
2025-04-04 00:31:04: [33m[nodemon] watching extensions: ts[39m
2025-04-04 00:31:04: [32m[nodemon] starting `ts-node src/index.ts`[39m
2025-04-04 00:31:08: [31m[nodemon] app crashed - waiting for file changes before starting...[39m
2025-04-04 00:31:09: 
2025-04-04 00:31:09: > service_provider@1.0.0 dev
2025-04-04 00:31:09: > cross-env NODE_ENV=development nodemon --watch 'src/**/*.ts' --exec 'ts-node' src/index.ts
2025-04-04 00:31:09: 
2025-04-04 00:31:09: [33m[nodemon] 3.1.9[39m
2025-04-04 00:31:09: [33m[nodemon] to restart at any time, enter `rs`[39m
2025-04-04 00:31:09: [33m[nodemon] watching path(s): src/**/*.ts[39m
2025-04-04 00:31:09: [33m[nodemon] watching extensions: ts[39m
2025-04-04 00:31:09: [32m[nodemon] starting `ts-node src/index.ts`[39m
2025-04-04 00:31:13: [31m[nodemon] app crashed - waiting for file changes before starting...[39m
2025-04-04 00:31:13: 
2025-04-04 00:31:13: > service_provider@1.0.0 dev
2025-04-04 00:31:13: > cross-env NODE_ENV=development nodemon --watch 'src/**/*.ts' --exec 'ts-node' src/index.ts
2025-04-04 00:31:13: 
2025-04-04 00:31:13: [33m[nodemon] 3.1.9[39m
2025-04-04 00:31:13: [33m[nodemon] to restart at any time, enter `rs`[39m
2025-04-04 00:31:13: [33m[nodemon] watching path(s): src/**/*.ts[39m
2025-04-04 00:31:13: [33m[nodemon] watching extensions: ts[39m
2025-04-04 00:31:13: [32m[nodemon] starting `ts-node src/index.ts`[39m
2025-04-04 00:31:17: [31m[nodemon] app crashed - waiting for file changes before starting...[39m
2025-04-04 00:31:18: 
2025-04-04 00:31:18: > service_provider@1.0.0 dev
2025-04-04 00:31:18: > cross-env NODE_ENV=development nodemon --watch 'src/**/*.ts' --exec 'ts-node' src/index.ts
2025-04-04 00:31:18: 
2025-04-04 00:31:18: [33m[nodemon] 3.1.9[39m
2025-04-04 00:31:18: [33m[nodemon] to restart at any time, enter `rs`[39m
2025-04-04 00:31:18: [33m[nodemon] watching path(s): src/**/*.ts[39m
2025-04-04 00:31:18: [33m[nodemon] watching extensions: ts[39m
2025-04-04 00:31:18: [32m[nodemon] starting `ts-node src/index.ts`[39m
2025-04-04 00:31:22: [31m[nodemon] app crashed - waiting for file changes before starting...[39m
2025-04-04 00:31:22: 
2025-04-04 00:31:22: > service_provider@1.0.0 dev
2025-04-04 00:31:22: > cross-env NODE_ENV=development nodemon --watch 'src/**/*.ts' --exec 'ts-node' src/index.ts
2025-04-04 00:31:22: 
2025-04-04 00:31:22: [33m[nodemon] 3.1.9[39m
2025-04-04 00:31:22: [33m[nodemon] to restart at any time, enter `rs`[39m
2025-04-04 00:31:22: [33m[nodemon] watching path(s): src/**/*.ts[39m
2025-04-04 00:31:22: [33m[nodemon] watching extensions: ts[39m
2025-04-04 00:31:22: [32m[nodemon] starting `ts-node src/index.ts`[39m
2025-04-04 00:31:26: [31m[nodemon] app crashed - waiting for file changes before starting...[39m
2025-04-04 00:31:26: 
2025-04-04 00:31:26: > service_provider@1.0.0 dev
2025-04-04 00:31:26: > cross-env NODE_ENV=development nodemon --watch 'src/**/*.ts' --exec 'ts-node' src/index.ts
2025-04-04 00:31:26: 
2025-04-04 00:31:27: [33m[nodemon] 3.1.9[39m
2025-04-04 00:31:27: [33m[nodemon] to restart at any time, enter `rs`[39m
2025-04-04 00:31:27: [33m[nodemon] watching path(s): src/**/*.ts[39m
2025-04-04 00:31:27: [33m[nodemon] watching extensions: ts[39m
2025-04-04 00:31:27: [32m[nodemon] starting `ts-node src/index.ts`[39m
2025-04-04 00:31:31: [31m[nodemon] app crashed - waiting for file changes before starting...[39m
2025-04-04 00:31:31: 
2025-04-04 00:31:31: > service_provider@1.0.0 dev
2025-04-04 00:31:31: > cross-env NODE_ENV=development nodemon --watch 'src/**/*.ts' --exec 'ts-node' src/index.ts
2025-04-04 00:31:31: 
2025-04-04 00:31:31: [33m[nodemon] 3.1.9[39m
2025-04-04 00:31:31: [33m[nodemon] to restart at any time, enter `rs`[39m
2025-04-04 00:31:31: [33m[nodemon] watching path(s): src/**/*.ts[39m
2025-04-04 00:31:31: [33m[nodemon] watching extensions: ts[39m
2025-04-04 00:31:31: [32m[nodemon] starting `ts-node src/index.ts`[39m
2025-04-04 00:31:35: [31m[nodemon] app crashed - waiting for file changes before starting...[39m
2025-04-04 00:31:35: 
2025-04-04 00:31:35: > service_provider@1.0.0 dev
2025-04-04 00:31:35: > cross-env NODE_ENV=development nodemon --watch 'src/**/*.ts' --exec 'ts-node' src/index.ts
2025-04-04 00:31:35: 
2025-04-04 00:31:36: [33m[nodemon] 3.1.9[39m
2025-04-04 00:31:36: [33m[nodemon] to restart at any time, enter `rs`[39m
2025-04-04 00:31:36: [33m[nodemon] watching path(s): src/**/*.ts[39m
2025-04-04 00:31:36: [33m[nodemon] watching extensions: ts[39m
2025-04-04 00:31:36: [32m[nodemon] starting `ts-node src/index.ts`[39m
2025-04-04 00:31:39: [31m[nodemon] app crashed - waiting for file changes before starting...[39m
2025-04-04 00:31:40: 
2025-04-04 00:31:40: > service_provider@1.0.0 dev
2025-04-04 00:31:40: > cross-env NODE_ENV=development nodemon --watch 'src/**/*.ts' --exec 'ts-node' src/index.ts
2025-04-04 00:31:40: 
2025-04-04 00:31:40: [33m[nodemon] 3.1.9[39m
2025-04-04 00:31:40: [33m[nodemon] to restart at any time, enter `rs`[39m
2025-04-04 00:31:40: [33m[nodemon] watching path(s): src/**/*.ts[39m
2025-04-04 00:31:40: [33m[nodemon] watching extensions: ts[39m
2025-04-04 00:31:40: [32m[nodemon] starting `ts-node src/index.ts`[39m
2025-04-04 00:31:44: [32m[nodemon] restarting due to changes...[39m
2025-04-04 00:31:44: [32m[nodemon] starting `ts-node src/index.ts`[39m
2025-04-04 00:31:44: 
2025-04-04 00:31:44: > service_provider@1.0.0 dev
2025-04-04 00:31:44: > cross-env NODE_ENV=development nodemon --watch 'src/**/*.ts' --exec 'ts-node' src/index.ts
2025-04-04 00:31:44: 
2025-04-04 00:31:44: [33m[nodemon] 3.1.9[39m
2025-04-04 00:31:44: [33m[nodemon] to restart at any time, enter `rs`[39m
2025-04-04 00:31:44: [33m[nodemon] watching path(s): src/**/*.ts[39m
2025-04-04 00:31:44: [33m[nodemon] watching extensions: ts[39m
2025-04-04 00:31:44: [32m[nodemon] starting `ts-node src/index.ts`[39m
2025-04-04 00:31:49: 
2025-04-04 00:31:49: > service_provider@1.0.0 dev
2025-04-04 00:31:49: > cross-env NODE_ENV=development nodemon --watch 'src/**/*.ts' --exec 'ts-node' src/index.ts
2025-04-04 00:31:49: 
2025-04-04 00:31:49: [33m[nodemon] 3.1.9[39m
2025-04-04 00:31:49: [33m[nodemon] to restart at any time, enter `rs`[39m
2025-04-04 00:31:49: [33m[nodemon] watching path(s): src/**/*.ts[39m
2025-04-04 00:31:49: [33m[nodemon] watching extensions: ts[39m
2025-04-04 00:31:49: [32m[nodemon] starting `ts-node src/index.ts`[39m
2025-04-04 00:31:53: [31m[nodemon] app crashed - waiting for file changes before starting...[39m
2025-04-04 00:31:53: 
2025-04-04 00:31:53: > service_provider@1.0.0 dev
2025-04-04 00:31:53: > cross-env NODE_ENV=development nodemon --watch 'src/**/*.ts' --exec 'ts-node' src/index.ts
2025-04-04 00:31:53: 
2025-04-04 00:31:53: [33m[nodemon] 3.1.9[39m
2025-04-04 00:31:53: [33m[nodemon] to restart at any time, enter `rs`[39m
2025-04-04 00:31:53: [33m[nodemon] watching path(s): src/**/*.ts[39m
2025-04-04 00:31:53: [33m[nodemon] watching extensions: ts[39m
2025-04-04 00:31:53: [32m[nodemon] starting `ts-node src/index.ts`[39m
2025-04-04 00:31:57: [31m[nodemon] app crashed - waiting for file changes before starting...[39m
2025-04-04 00:31:57: 
2025-04-04 00:31:57: > service_provider@1.0.0 dev
2025-04-04 00:31:57: > cross-env NODE_ENV=development nodemon --watch 'src/**/*.ts' --exec 'ts-node' src/index.ts
2025-04-04 00:31:57: 
2025-04-04 00:31:58: [33m[nodemon] 3.1.9[39m
2025-04-04 00:31:58: [33m[nodemon] to restart at any time, enter `rs`[39m
2025-04-04 00:31:58: [33m[nodemon] watching path(s): src/**/*.ts[39m
2025-04-04 00:31:58: [33m[nodemon] watching extensions: ts[39m
2025-04-04 00:31:58: [32m[nodemon] starting `ts-node src/index.ts`[39m
2025-04-04 00:32:01: [31m[nodemon] app crashed - waiting for file changes before starting...[39m
2025-04-04 00:32:02: 
2025-04-04 00:32:02: > service_provider@1.0.0 dev
2025-04-04 00:32:02: > cross-env NODE_ENV=development nodemon --watch 'src/**/*.ts' --exec 'ts-node' src/index.ts
2025-04-04 00:32:02: 
2025-04-04 00:32:02: [33m[nodemon] 3.1.9[39m
2025-04-04 00:32:02: [33m[nodemon] to restart at any time, enter `rs`[39m
2025-04-04 00:32:02: [33m[nodemon] watching path(s): src/**/*.ts[39m
2025-04-04 00:32:02: [33m[nodemon] watching extensions: ts[39m
2025-04-04 00:32:02: [32m[nodemon] starting `ts-node src/index.ts`[39m
2025-04-04 00:32:06: [31m[nodemon] app crashed - waiting for file changes before starting...[39m
2025-04-04 00:32:06: 
2025-04-04 00:32:06: > service_provider@1.0.0 dev
2025-04-04 00:32:06: > cross-env NODE_ENV=development nodemon --watch 'src/**/*.ts' --exec 'ts-node' src/index.ts
2025-04-04 00:32:06: 
2025-04-04 00:32:06: [33m[nodemon] 3.1.9[39m
2025-04-04 00:32:06: [33m[nodemon] to restart at any time, enter `rs`[39m
2025-04-04 00:32:06: [33m[nodemon] watching path(s): src/**/*.ts[39m
2025-04-04 00:32:06: [33m[nodemon] watching extensions: ts[39m
2025-04-04 00:32:06: [32m[nodemon] starting `ts-node src/index.ts`[39m
2025-04-04 00:32:10: [31m[nodemon] app crashed - waiting for file changes before starting...[39m
2025-04-04 00:32:10: 
2025-04-04 00:32:10: > service_provider@1.0.0 dev
2025-04-04 00:32:10: > cross-env NODE_ENV=development nodemon --watch 'src/**/*.ts' --exec 'ts-node' src/index.ts
2025-04-04 00:32:10: 
2025-04-04 00:32:11: [33m[nodemon] 3.1.9[39m
2025-04-04 00:32:11: [33m[nodemon] to restart at any time, enter `rs`[39m
2025-04-04 00:32:11: [33m[nodemon] watching path(s): src/**/*.ts[39m
2025-04-04 00:32:11: [33m[nodemon] watching extensions: ts[39m
2025-04-04 00:32:11: [32m[nodemon] starting `ts-node src/index.ts`[39m
2025-04-04 00:32:14: [31m[nodemon] app crashed - waiting for file changes before starting...[39m
2025-04-04 00:32:15: 
2025-04-04 00:32:15: > service_provider@1.0.0 dev
2025-04-04 00:32:15: > cross-env NODE_ENV=development nodemon --watch 'src/**/*.ts' --exec 'ts-node' src/index.ts
2025-04-04 00:32:15: 
2025-04-04 00:32:15: [33m[nodemon] 3.1.9[39m
2025-04-04 00:32:15: [33m[nodemon] to restart at any time, enter `rs`[39m
2025-04-04 00:32:15: [33m[nodemon] watching path(s): src/**/*.ts[39m
2025-04-04 00:32:15: [33m[nodemon] watching extensions: ts[39m
2025-04-04 00:32:15: [32m[nodemon] starting `ts-node src/index.ts`[39m
2025-04-04 00:32:19: [31m[nodemon] app crashed - waiting for file changes before starting...[39m
2025-04-04 00:32:19: 
2025-04-04 00:32:19: > service_provider@1.0.0 dev
2025-04-04 00:32:19: > cross-env NODE_ENV=development nodemon --watch 'src/**/*.ts' --exec 'ts-node' src/index.ts
2025-04-04 00:32:19: 
2025-04-04 00:32:19: [33m[nodemon] 3.1.9[39m
2025-04-04 00:32:19: [33m[nodemon] to restart at any time, enter `rs`[39m
2025-04-04 00:32:19: [33m[nodemon] watching path(s): src/**/*.ts[39m
2025-04-04 00:32:19: [33m[nodemon] watching extensions: ts[39m
2025-04-04 00:32:19: [32m[nodemon] starting `ts-node src/index.ts`[39m
2025-04-04 00:32:23: [31m[nodemon] app crashed - waiting for file changes before starting...[39m
2025-04-04 00:32:24: 
2025-04-04 00:32:24: > service_provider@1.0.0 dev
2025-04-04 00:32:24: > cross-env NODE_ENV=development nodemon --watch 'src/**/*.ts' --exec 'ts-node' src/index.ts
2025-04-04 00:32:24: 
2025-04-04 00:32:24: [33m[nodemon] 3.1.9[39m
2025-04-04 00:32:24: [33m[nodemon] to restart at any time, enter `rs`[39m
2025-04-04 00:32:24: [33m[nodemon] watching path(s): src/**/*.ts[39m
2025-04-04 00:32:24: [33m[nodemon] watching extensions: ts[39m
2025-04-04 00:32:24: [32m[nodemon] starting `ts-node src/index.ts`[39m
2025-04-04 00:32:28: [31m[nodemon] app crashed - waiting for file changes before starting...[39m
2025-04-04 00:32:28: 
2025-04-04 00:32:28: > service_provider@1.0.0 dev
2025-04-04 00:32:28: > cross-env NODE_ENV=development nodemon --watch 'src/**/*.ts' --exec 'ts-node' src/index.ts
2025-04-04 00:32:28: 
2025-04-04 00:32:29: [33m[nodemon] 3.1.9[39m
2025-04-04 00:32:29: [33m[nodemon] to restart at any time, enter `rs`[39m
2025-04-04 00:32:29: [33m[nodemon] watching path(s): src/**/*.ts[39m
2025-04-04 00:32:29: [33m[nodemon] watching extensions: ts[39m
2025-04-04 00:32:29: [32m[nodemon] starting `ts-node src/index.ts`[39m
2025-04-04 00:32:33: [31m[nodemon] app crashed - waiting for file changes before starting...[39m
2025-04-04 00:32:33: 
2025-04-04 00:32:33: > service_provider@1.0.0 dev
2025-04-04 00:32:33: > cross-env NODE_ENV=development nodemon --watch 'src/**/*.ts' --exec 'ts-node' src/index.ts
2025-04-04 00:32:33: 
2025-04-04 00:32:33: [33m[nodemon] 3.1.9[39m
2025-04-04 00:32:33: [33m[nodemon] to restart at any time, enter `rs`[39m
2025-04-04 00:32:33: [33m[nodemon] watching path(s): src/**/*.ts[39m
2025-04-04 00:32:33: [33m[nodemon] watching extensions: ts[39m
2025-04-04 00:32:33: [32m[nodemon] starting `ts-node src/index.ts`[39m
2025-04-04 00:32:37: [31m[nodemon] app crashed - waiting for file changes before starting...[39m
2025-04-04 00:32:38: 
2025-04-04 00:32:38: > service_provider@1.0.0 dev
2025-04-04 00:32:38: > cross-env NODE_ENV=development nodemon --watch 'src/**/*.ts' --exec 'ts-node' src/index.ts
2025-04-04 00:32:38: 
2025-04-04 00:32:38: [33m[nodemon] 3.1.9[39m
2025-04-04 00:32:38: [33m[nodemon] to restart at any time, enter `rs`[39m
2025-04-04 00:32:38: [33m[nodemon] watching path(s): src/**/*.ts[39m
2025-04-04 00:32:38: [33m[nodemon] watching extensions: ts[39m
2025-04-04 00:32:38: [32m[nodemon] starting `ts-node src/index.ts`[39m
2025-04-04 00:32:42: [31m[nodemon] app crashed - waiting for file changes before starting...[39m
2025-04-04 00:32:42: 
2025-04-04 00:32:42: > service_provider@1.0.0 dev
2025-04-04 00:32:42: > cross-env NODE_ENV=development nodemon --watch 'src/**/*.ts' --exec 'ts-node' src/index.ts
2025-04-04 00:32:42: 
2025-04-04 00:32:42: [33m[nodemon] 3.1.9[39m
2025-04-04 00:32:42: [33m[nodemon] to restart at any time, enter `rs`[39m
2025-04-04 00:32:42: [33m[nodemon] watching path(s): src/**/*.ts[39m
2025-04-04 00:32:42: [33m[nodemon] watching extensions: ts[39m
2025-04-04 00:32:42: [32m[nodemon] starting `ts-node src/index.ts`[39m
2025-04-04 00:32:46: [31m[nodemon] app crashed - waiting for file changes before starting...[39m
2025-04-04 00:32:46: 
2025-04-04 00:32:46: > service_provider@1.0.0 dev
2025-04-04 00:32:46: > cross-env NODE_ENV=development nodemon --watch 'src/**/*.ts' --exec 'ts-node' src/index.ts
2025-04-04 00:32:46: 
2025-04-04 00:32:46: [33m[nodemon] 3.1.9[39m
2025-04-04 00:32:46: [33m[nodemon] to restart at any time, enter `rs`[39m
2025-04-04 00:32:46: [33m[nodemon] watching path(s): src/**/*.ts[39m
2025-04-04 00:32:46: [33m[nodemon] watching extensions: ts[39m
2025-04-04 00:32:46: [32m[nodemon] starting `ts-node src/index.ts`[39m
2025-04-04 00:32:50: [31m[nodemon] app crashed - waiting for file changes before starting...[39m
2025-04-04 00:32:51: 
2025-04-04 00:32:51: > service_provider@1.0.0 dev
2025-04-04 00:32:51: > cross-env NODE_ENV=development nodemon --watch 'src/**/*.ts' --exec 'ts-node' src/index.ts
2025-04-04 00:32:51: 
2025-04-04 00:32:51: [33m[nodemon] 3.1.9[39m
2025-04-04 00:32:51: [33m[nodemon] to restart at any time, enter `rs`[39m
2025-04-04 00:32:51: [33m[nodemon] watching path(s): src/**/*.ts[39m
2025-04-04 00:32:51: [33m[nodemon] watching extensions: ts[39m
2025-04-04 00:32:51: [32m[nodemon] starting `ts-node src/index.ts`[39m
2025-04-04 00:32:55: [31m[nodemon] app crashed - waiting for file changes before starting...[39m
2025-04-04 00:32:55: 
2025-04-04 00:32:55: > service_provider@1.0.0 dev
2025-04-04 00:32:55: > cross-env NODE_ENV=development nodemon --watch 'src/**/*.ts' --exec 'ts-node' src/index.ts
2025-04-04 00:32:55: 
2025-04-04 00:32:55: [33m[nodemon] 3.1.9[39m
2025-04-04 00:32:55: [33m[nodemon] to restart at any time, enter `rs`[39m
2025-04-04 00:32:55: [33m[nodemon] watching path(s): src/**/*.ts[39m
2025-04-04 00:32:55: [33m[nodemon] watching extensions: ts[39m
2025-04-04 00:32:55: [32m[nodemon] starting `ts-node src/index.ts`[39m
2025-04-04 00:32:56: [32m[nodemon] restarting due to changes...[39m
2025-04-04 00:32:56: [32m[nodemon] restarting due to changes...[39m
2025-04-04 00:32:56: [32m[nodemon] starting `ts-node src/index.ts`[39m
2025-04-04 00:32:56: [31m[nodemon] app crashed - waiting for file changes before starting...[39m
2025-04-04 00:32:57: 
2025-04-04 00:32:57: > service_provider@1.0.0 dev
2025-04-04 00:32:57: > cross-env NODE_ENV=development nodemon --watch 'src/**/*.ts' --exec 'ts-node' src/index.ts
2025-04-04 00:32:57: 
2025-04-04 00:32:57: [33m[nodemon] 3.1.9[39m
2025-04-04 00:32:57: [33m[nodemon] to restart at any time, enter `rs`[39m
2025-04-04 00:32:57: [33m[nodemon] watching path(s): src/**/*.ts[39m
2025-04-04 00:32:57: [33m[nodemon] watching extensions: ts[39m
2025-04-04 00:32:57: [32m[nodemon] starting `ts-node src/index.ts`[39m
2025-04-04 00:33:01: [31m[nodemon] app crashed - waiting for file changes before starting...[39m
2025-04-04 00:33:01: 
2025-04-04 00:33:01: > service_provider@1.0.0 dev
2025-04-04 00:33:01: > cross-env NODE_ENV=development nodemon --watch 'src/**/*.ts' --exec 'ts-node' src/index.ts
2025-04-04 00:33:01: 
2025-04-04 00:33:01: [33m[nodemon] 3.1.9[39m
2025-04-04 00:33:01: [33m[nodemon] to restart at any time, enter `rs`[39m
2025-04-04 00:33:01: [33m[nodemon] watching path(s): src/**/*.ts[39m
2025-04-04 00:33:01: [33m[nodemon] watching extensions: ts[39m
2025-04-04 00:33:01: [32m[nodemon] starting `ts-node src/index.ts`[39m
2025-04-04 00:33:05: [31m[nodemon] app crashed - waiting for file changes before starting...[39m
2025-04-04 00:33:05: 
2025-04-04 00:33:05: > service_provider@1.0.0 dev
2025-04-04 00:33:05: > cross-env NODE_ENV=development nodemon --watch 'src/**/*.ts' --exec 'ts-node' src/index.ts
2025-04-04 00:33:05: 
2025-04-04 00:33:06: [33m[nodemon] 3.1.9[39m
2025-04-04 00:33:06: [33m[nodemon] to restart at any time, enter `rs`[39m
2025-04-04 00:33:06: [33m[nodemon] watching path(s): src/**/*.ts[39m
2025-04-04 00:33:06: [33m[nodemon] watching extensions: ts[39m
2025-04-04 00:33:06: [32m[nodemon] starting `ts-node src/index.ts`[39m
2025-04-04 00:33:10: [31m[nodemon] app crashed - waiting for file changes before starting...[39m
2025-04-04 00:33:10: 
2025-04-04 00:33:10: > service_provider@1.0.0 dev
2025-04-04 00:33:10: > cross-env NODE_ENV=development nodemon --watch 'src/**/*.ts' --exec 'ts-node' src/index.ts
2025-04-04 00:33:10: 
2025-04-04 00:33:10: [33m[nodemon] 3.1.9[39m
2025-04-04 00:33:10: [33m[nodemon] to restart at any time, enter `rs`[39m
2025-04-04 00:33:10: [33m[nodemon] watching path(s): src/**/*.ts[39m
2025-04-04 00:33:10: [33m[nodemon] watching extensions: ts[39m
2025-04-04 00:33:10: [32m[nodemon] starting `ts-node src/index.ts`[39m
2025-04-04 00:33:14: [31m[nodemon] app crashed - waiting for file changes before starting...[39m
2025-04-04 00:33:14: 
2025-04-04 00:33:14: > service_provider@1.0.0 dev
2025-04-04 00:33:14: > cross-env NODE_ENV=development nodemon --watch 'src/**/*.ts' --exec 'ts-node' src/index.ts
2025-04-04 00:33:14: 
2025-04-04 00:33:15: [33m[nodemon] 3.1.9[39m
2025-04-04 00:33:15: [33m[nodemon] to restart at any time, enter `rs`[39m
2025-04-04 00:33:15: [33m[nodemon] watching path(s): src/**/*.ts[39m
2025-04-04 00:33:15: [33m[nodemon] watching extensions: ts[39m
2025-04-04 00:33:15: [32m[nodemon] starting `ts-node src/index.ts`[39m
2025-04-04 00:33:18: [31m[nodemon] app crashed - waiting for file changes before starting...[39m
2025-04-04 00:33:19: 
2025-04-04 00:33:19: > service_provider@1.0.0 dev
2025-04-04 00:33:19: > cross-env NODE_ENV=development nodemon --watch 'src/**/*.ts' --exec 'ts-node' src/index.ts
2025-04-04 00:33:19: 
2025-04-04 00:33:19: [33m[nodemon] 3.1.9[39m
2025-04-04 00:33:19: [33m[nodemon] to restart at any time, enter `rs`[39m
2025-04-04 00:33:19: [33m[nodemon] watching path(s): src/**/*.ts[39m
2025-04-04 00:33:19: [33m[nodemon] watching extensions: ts[39m
2025-04-04 00:33:19: [32m[nodemon] starting `ts-node src/index.ts`[39m
2025-04-04 00:33:23: [31m[nodemon] app crashed - waiting for file changes before starting...[39m
2025-04-04 00:33:23: 
2025-04-04 00:33:23: > service_provider@1.0.0 dev
2025-04-04 00:33:23: > cross-env NODE_ENV=development nodemon --watch 'src/**/*.ts' --exec 'ts-node' src/index.ts
2025-04-04 00:33:23: 
2025-04-04 00:33:23: [33m[nodemon] 3.1.9[39m
2025-04-04 00:33:23: [33m[nodemon] to restart at any time, enter `rs`[39m
2025-04-04 00:33:23: [33m[nodemon] watching path(s): src/**/*.ts[39m
2025-04-04 00:33:23: [33m[nodemon] watching extensions: ts[39m
2025-04-04 00:33:23: [32m[nodemon] starting `ts-node src/index.ts`[39m
2025-04-04 00:33:27: [31m[nodemon] app crashed - waiting for file changes before starting...[39m
2025-04-04 00:33:28: 
2025-04-04 00:33:28: > service_provider@1.0.0 dev
2025-04-04 00:33:28: > cross-env NODE_ENV=development nodemon --watch 'src/**/*.ts' --exec 'ts-node' src/index.ts
2025-04-04 00:33:28: 
2025-04-04 00:33:28: [33m[nodemon] 3.1.9[39m
2025-04-04 00:33:28: [33m[nodemon] to restart at any time, enter `rs`[39m
2025-04-04 00:33:28: [33m[nodemon] watching path(s): src/**/*.ts[39m
2025-04-04 00:33:28: [33m[nodemon] watching extensions: ts[39m
2025-04-04 00:33:28: [32m[nodemon] starting `ts-node src/index.ts`[39m
2025-04-04 00:33:32: [31m[nodemon] app crashed - waiting for file changes before starting...[39m
2025-04-04 00:33:32: 
2025-04-04 00:33:32: > service_provider@1.0.0 dev
2025-04-04 00:33:32: > cross-env NODE_ENV=development nodemon --watch 'src/**/*.ts' --exec 'ts-node' src/index.ts
2025-04-04 00:33:32: 
2025-04-04 00:33:32: [33m[nodemon] 3.1.9[39m
2025-04-04 00:33:32: [33m[nodemon] to restart at any time, enter `rs`[39m
2025-04-04 00:33:32: [33m[nodemon] watching path(s): src/**/*.ts[39m
2025-04-04 00:33:32: [33m[nodemon] watching extensions: ts[39m
2025-04-04 00:33:32: [32m[nodemon] starting `ts-node src/index.ts`[39m
2025-04-04 00:33:36: [31m[nodemon] app crashed - waiting for file changes before starting...[39m
2025-04-04 00:33:36: 
2025-04-04 00:33:36: > service_provider@1.0.0 dev
2025-04-04 00:33:36: > cross-env NODE_ENV=development nodemon --watch 'src/**/*.ts' --exec 'ts-node' src/index.ts
2025-04-04 00:33:36: 
2025-04-04 00:33:36: [33m[nodemon] 3.1.9[39m
2025-04-04 00:33:36: [33m[nodemon] to restart at any time, enter `rs`[39m
2025-04-04 00:33:36: [33m[nodemon] watching path(s): src/**/*.ts[39m
2025-04-04 00:33:36: [33m[nodemon] watching extensions: ts[39m
2025-04-04 00:33:36: [32m[nodemon] starting `ts-node src/index.ts`[39m
2025-04-04 00:33:40: [31m[nodemon] app crashed - waiting for file changes before starting...[39m
2025-04-04 00:33:41: 
2025-04-04 00:33:41: > service_provider@1.0.0 dev
2025-04-04 00:33:41: > cross-env NODE_ENV=development nodemon --watch 'src/**/*.ts' --exec 'ts-node' src/index.ts
2025-04-04 00:33:41: 
2025-04-04 00:33:41: [33m[nodemon] 3.1.9[39m
2025-04-04 00:33:41: [33m[nodemon] to restart at any time, enter `rs`[39m
2025-04-04 00:33:41: [33m[nodemon] watching path(s): src/**/*.ts[39m
2025-04-04 00:33:41: [33m[nodemon] watching extensions: ts[39m
2025-04-04 00:33:41: [32m[nodemon] starting `ts-node src/index.ts`[39m
2025-04-04 00:33:45: [31m[nodemon] app crashed - waiting for file changes before starting...[39m
2025-04-04 00:33:45: 
2025-04-04 00:33:45: > service_provider@1.0.0 dev
2025-04-04 00:33:45: > cross-env NODE_ENV=development nodemon --watch 'src/**/*.ts' --exec 'ts-node' src/index.ts
2025-04-04 00:33:45: 
2025-04-04 00:33:45: [33m[nodemon] 3.1.9[39m
2025-04-04 00:33:45: [33m[nodemon] to restart at any time, enter `rs`[39m
2025-04-04 00:33:45: [33m[nodemon] watching path(s): src/**/*.ts[39m
2025-04-04 00:33:45: [33m[nodemon] watching extensions: ts[39m
2025-04-04 00:33:45: [32m[nodemon] starting `ts-node src/index.ts`[39m
2025-04-04 00:33:49: [31m[nodemon] app crashed - waiting for file changes before starting...[39m
2025-04-04 00:33:49: 
2025-04-04 00:33:49: > service_provider@1.0.0 dev
2025-04-04 00:33:49: > cross-env NODE_ENV=development nodemon --watch 'src/**/*.ts' --exec 'ts-node' src/index.ts
2025-04-04 00:33:49: 
2025-04-04 00:33:50: 
2025-04-04 00:33:50: > service_provider@1.0.0 dev
2025-04-04 00:33:50: > cross-env NODE_ENV=development nodemon --watch 'src/**/*.ts' --exec 'ts-node' src/index.ts
2025-04-04 00:33:50: 
2025-04-04 00:33:50: [33m[nodemon] 3.1.9[39m
2025-04-04 00:33:50: [33m[nodemon] to restart at any time, enter `rs`[39m
2025-04-04 00:33:50: [33m[nodemon] watching path(s): src/**/*.ts[39m
2025-04-04 00:33:50: [33m[nodemon] watching extensions: ts[39m
2025-04-04 00:33:50: [32m[nodemon] starting `ts-node src/index.ts`[39m
2025-04-04 00:33:54: [31m[nodemon] app crashed - waiting for file changes before starting...[39m
2025-04-04 00:33:54: 
2025-04-04 00:33:54: > service_provider@1.0.0 dev
2025-04-04 00:33:54: > cross-env NODE_ENV=development nodemon --watch 'src/**/*.ts' --exec 'ts-node' src/index.ts
2025-04-04 00:33:54: 
2025-04-04 00:33:54: [33m[nodemon] 3.1.9[39m
2025-04-04 00:33:54: [33m[nodemon] to restart at any time, enter `rs`[39m
2025-04-04 00:33:54: [33m[nodemon] watching path(s): src/**/*.ts[39m
2025-04-04 00:33:54: [33m[nodemon] watching extensions: ts[39m
2025-04-04 00:33:54: [32m[nodemon] starting `ts-node src/index.ts`[39m
2025-04-04 00:33:58: [31m[nodemon] app crashed - waiting for file changes before starting...[39m
2025-04-04 00:33:59: 
2025-04-04 00:33:59: > service_provider@1.0.0 dev
2025-04-04 00:33:59: > cross-env NODE_ENV=development nodemon --watch 'src/**/*.ts' --exec 'ts-node' src/index.ts
2025-04-04 00:33:59: 
2025-04-04 00:33:59: [33m[nodemon] 3.1.9[39m
2025-04-04 00:33:59: [33m[nodemon] to restart at any time, enter `rs`[39m
2025-04-04 00:33:59: [33m[nodemon] watching path(s): src/**/*.ts[39m
2025-04-04 00:33:59: [33m[nodemon] watching extensions: ts[39m
2025-04-04 00:33:59: [32m[nodemon] starting `ts-node src/index.ts`[39m
2025-04-04 00:34:03: [31m[nodemon] app crashed - waiting for file changes before starting...[39m
2025-04-04 00:34:03: 
2025-04-04 00:34:03: > service_provider@1.0.0 dev
2025-04-04 00:34:03: > cross-env NODE_ENV=development nodemon --watch 'src/**/*.ts' --exec 'ts-node' src/index.ts
2025-04-04 00:34:03: 
2025-04-04 00:34:03: [33m[nodemon] 3.1.9[39m
2025-04-04 00:34:03: [33m[nodemon] to restart at any time, enter `rs`[39m
2025-04-04 00:34:03: [33m[nodemon] watching path(s): src/**/*.ts[39m
2025-04-04 00:34:03: [33m[nodemon] watching extensions: ts[39m
2025-04-04 00:34:03: [32m[nodemon] starting `ts-node src/index.ts`[39m
2025-04-04 00:34:07: [31m[nodemon] app crashed - waiting for file changes before starting...[39m
2025-04-04 00:34:08: 
2025-04-04 00:34:08: > service_provider@1.0.0 dev
2025-04-04 00:34:08: > cross-env NODE_ENV=development nodemon --watch 'src/**/*.ts' --exec 'ts-node' src/index.ts
2025-04-04 00:34:08: 
2025-04-04 00:34:08: [33m[nodemon] 3.1.9[39m
2025-04-04 00:34:08: [33m[nodemon] to restart at any time, enter `rs`[39m
2025-04-04 00:34:08: [33m[nodemon] watching path(s): src/**/*.ts[39m
2025-04-04 00:34:08: [33m[nodemon] watching extensions: ts[39m
2025-04-04 00:34:08: [32m[nodemon] starting `ts-node src/index.ts`[39m
2025-04-04 00:34:12: [31m[nodemon] app crashed - waiting for file changes before starting...[39m
2025-04-04 00:34:12: 
2025-04-04 00:34:12: > service_provider@1.0.0 dev
2025-04-04 00:34:12: > cross-env NODE_ENV=development nodemon --watch 'src/**/*.ts' --exec 'ts-node' src/index.ts
2025-04-04 00:34:12: 
2025-04-04 00:34:12: [33m[nodemon] 3.1.9[39m
2025-04-04 00:34:12: [33m[nodemon] to restart at any time, enter `rs`[39m
2025-04-04 00:34:12: [33m[nodemon] watching path(s): src/**/*.ts[39m
2025-04-04 00:34:12: [33m[nodemon] watching extensions: ts[39m
2025-04-04 00:34:12: [32m[nodemon] starting `ts-node src/index.ts`[39m
2025-04-04 00:34:16: [31m[nodemon] app crashed - waiting for file changes before starting...[39m
2025-04-04 00:34:16: 
2025-04-04 00:34:16: > service_provider@1.0.0 dev
2025-04-04 00:34:16: > cross-env NODE_ENV=development nodemon --watch 'src/**/*.ts' --exec 'ts-node' src/index.ts
2025-04-04 00:34:16: 
2025-04-04 00:34:17: [33m[nodemon] 3.1.9[39m
2025-04-04 00:34:17: [33m[nodemon] to restart at any time, enter `rs`[39m
2025-04-04 00:34:17: [33m[nodemon] watching path(s): src/**/*.ts[39m
2025-04-04 00:34:17: [33m[nodemon] watching extensions: ts[39m
2025-04-04 00:34:17: [32m[nodemon] starting `ts-node src/index.ts`[39m
2025-04-04 00:34:20: [31m[nodemon] app crashed - waiting for file changes before starting...[39m
2025-04-04 00:34:21: 
2025-04-04 00:34:21: > service_provider@1.0.0 dev
2025-04-04 00:34:21: > cross-env NODE_ENV=development nodemon --watch 'src/**/*.ts' --exec 'ts-node' src/index.ts
2025-04-04 00:34:21: 
2025-04-04 00:34:21: [33m[nodemon] 3.1.9[39m
2025-04-04 00:34:21: [33m[nodemon] to restart at any time, enter `rs`[39m
2025-04-04 00:34:21: [33m[nodemon] watching path(s): src/**/*.ts[39m
2025-04-04 00:34:21: [33m[nodemon] watching extensions: ts[39m
2025-04-04 00:34:21: [32m[nodemon] starting `ts-node src/index.ts`[39m
2025-04-04 00:34:25: [31m[nodemon] app crashed - waiting for file changes before starting...[39m
2025-04-04 00:34:25: 
2025-04-04 00:34:25: > service_provider@1.0.0 dev
2025-04-04 00:34:25: > cross-env NODE_ENV=development nodemon --watch 'src/**/*.ts' --exec 'ts-node' src/index.ts
2025-04-04 00:34:25: 
2025-04-04 00:34:25: [33m[nodemon] 3.1.9[39m
2025-04-04 00:34:25: [33m[nodemon] to restart at any time, enter `rs`[39m
2025-04-04 00:34:25: [33m[nodemon] watching path(s): src/**/*.ts[39m
2025-04-04 00:34:25: [33m[nodemon] watching extensions: ts[39m
2025-04-04 00:34:25: [32m[nodemon] starting `ts-node src/index.ts`[39m
2025-04-04 00:34:29: [31m[nodemon] app crashed - waiting for file changes before starting...[39m
2025-04-04 00:34:30: 
2025-04-04 00:34:30: > service_provider@1.0.0 dev
2025-04-04 00:34:30: > cross-env NODE_ENV=development nodemon --watch 'src/**/*.ts' --exec 'ts-node' src/index.ts
2025-04-04 00:34:30: 
2025-04-04 00:34:30: [33m[nodemon] 3.1.9[39m
2025-04-04 00:34:30: [33m[nodemon] to restart at any time, enter `rs`[39m
2025-04-04 00:34:30: [33m[nodemon] watching path(s): src/**/*.ts[39m
2025-04-04 00:34:30: [33m[nodemon] watching extensions: ts[39m
2025-04-04 00:34:30: [32m[nodemon] starting `ts-node src/index.ts`[39m
2025-04-04 00:34:34: [31m[nodemon] app crashed - waiting for file changes before starting...[39m
2025-04-04 00:34:34: 
2025-04-04 00:34:34: > service_provider@1.0.0 dev
2025-04-04 00:34:34: > cross-env NODE_ENV=development nodemon --watch 'src/**/*.ts' --exec 'ts-node' src/index.ts
2025-04-04 00:34:34: 
2025-04-04 00:34:34: [33m[nodemon] 3.1.9[39m
2025-04-04 00:34:34: [33m[nodemon] to restart at any time, enter `rs`[39m
2025-04-04 00:34:34: [33m[nodemon] watching path(s): src/**/*.ts[39m
2025-04-04 00:34:34: [33m[nodemon] watching extensions: ts[39m
2025-04-04 00:34:34: [32m[nodemon] starting `ts-node src/index.ts`[39m
2025-04-04 00:34:38: [31m[nodemon] app crashed - waiting for file changes before starting...[39m
2025-04-04 00:34:38: 
2025-04-04 00:34:38: > service_provider@1.0.0 dev
2025-04-04 00:34:38: > cross-env NODE_ENV=development nodemon --watch 'src/**/*.ts' --exec 'ts-node' src/index.ts
2025-04-04 00:34:38: 
2025-04-04 00:34:39: [33m[nodemon] 3.1.9[39m
2025-04-04 00:34:39: [33m[nodemon] to restart at any time, enter `rs`[39m
2025-04-04 00:34:39: [33m[nodemon] watching path(s): src/**/*.ts[39m
2025-04-04 00:34:39: [33m[nodemon] watching extensions: ts[39m
2025-04-04 00:34:39: [32m[nodemon] starting `ts-node src/index.ts`[39m
2025-04-04 00:34:43: [31m[nodemon] app crashed - waiting for file changes before starting...[39m
2025-04-04 00:34:43: 
2025-04-04 00:34:43: > service_provider@1.0.0 dev
2025-04-04 00:34:43: > cross-env NODE_ENV=development nodemon --watch 'src/**/*.ts' --exec 'ts-node' src/index.ts
2025-04-04 00:34:43: 
2025-04-04 00:34:43: [33m[nodemon] 3.1.9[39m
2025-04-04 00:34:43: [33m[nodemon] to restart at any time, enter `rs`[39m
2025-04-04 00:34:43: [33m[nodemon] watching path(s): src/**/*.ts[39m
2025-04-04 00:34:43: [33m[nodemon] watching extensions: ts[39m
2025-04-04 00:34:43: [32m[nodemon] starting `ts-node src/index.ts`[39m
2025-04-04 00:34:47: [31m[nodemon] app crashed - waiting for file changes before starting...[39m
2025-04-04 00:34:47: 
2025-04-04 00:34:47: > service_provider@1.0.0 dev
2025-04-04 00:34:47: > cross-env NODE_ENV=development nodemon --watch 'src/**/*.ts' --exec 'ts-node' src/index.ts
2025-04-04 00:34:47: 
2025-04-04 00:34:48: [33m[nodemon] 3.1.9[39m
2025-04-04 00:34:48: [33m[nodemon] to restart at any time, enter `rs`[39m
2025-04-04 00:34:48: [33m[nodemon] watching path(s): src/**/*.ts[39m
2025-04-04 00:34:48: [33m[nodemon] watching extensions: ts[39m
2025-04-04 00:34:48: [32m[nodemon] starting `ts-node src/index.ts`[39m
2025-04-04 00:34:51: [31m[nodemon] app crashed - waiting for file changes before starting...[39m
2025-04-04 00:34:52: 
2025-04-04 00:34:52: > service_provider@1.0.0 dev
2025-04-04 00:34:52: > cross-env NODE_ENV=development nodemon --watch 'src/**/*.ts' --exec 'ts-node' src/index.ts
2025-04-04 00:34:52: 
2025-04-04 00:34:52: [33m[nodemon] 3.1.9[39m
2025-04-04 00:34:52: [33m[nodemon] to restart at any time, enter `rs`[39m
2025-04-04 00:34:52: [33m[nodemon] watching path(s): src/**/*.ts[39m
2025-04-04 00:34:52: [33m[nodemon] watching extensions: ts[39m
2025-04-04 00:34:52: [32m[nodemon] starting `ts-node src/index.ts`[39m
2025-04-04 00:34:56: [31m[nodemon] app crashed - waiting for file changes before starting...[39m
2025-04-04 00:34:56: 
2025-04-04 00:34:56: > service_provider@1.0.0 dev
2025-04-04 00:34:56: > cross-env NODE_ENV=development nodemon --watch 'src/**/*.ts' --exec 'ts-node' src/index.ts
2025-04-04 00:34:56: 
2025-04-04 00:34:56: [33m[nodemon] 3.1.9[39m
2025-04-04 00:34:56: [33m[nodemon] to restart at any time, enter `rs`[39m
2025-04-04 00:34:56: [33m[nodemon] watching path(s): src/**/*.ts[39m
2025-04-04 00:34:56: [33m[nodemon] watching extensions: ts[39m
2025-04-04 00:34:56: [32m[nodemon] starting `ts-node src/index.ts`[39m
2025-04-04 00:34:59: [32m[nodemon] restarting due to changes...[39m
2025-04-04 00:34:59: [32m[nodemon] starting `ts-node src/index.ts`[39m
2025-04-04 00:35:00: 
2025-04-04 00:35:00: > service_provider@1.0.0 dev
2025-04-04 00:35:00: > cross-env NODE_ENV=development nodemon --watch 'src/**/*.ts' --exec 'ts-node' src/index.ts
2025-04-04 00:35:00: 
2025-04-04 00:35:00: [33m[nodemon] 3.1.9[39m
2025-04-04 00:35:00: [33m[nodemon] to restart at any time, enter `rs`[39m
2025-04-04 00:35:00: [33m[nodemon] watching path(s): src/**/*.ts[39m
2025-04-04 00:35:00: [33m[nodemon] watching extensions: ts[39m
2025-04-04 00:35:00: [32m[nodemon] starting `ts-node src/index.ts`[39m
2025-04-04 00:35:04: 
2025-04-04 00:35:04: > service_provider@1.0.0 dev
2025-04-04 00:35:04: > cross-env NODE_ENV=development nodemon --watch 'src/**/*.ts' --exec 'ts-node' src/index.ts
2025-04-04 00:35:04: 
2025-04-04 00:35:05: [33m[nodemon] 3.1.9[39m
2025-04-04 00:35:05: [33m[nodemon] to restart at any time, enter `rs`[39m
2025-04-04 00:35:05: [33m[nodemon] watching path(s): src/**/*.ts[39m
2025-04-04 00:35:05: [33m[nodemon] watching extensions: ts[39m
2025-04-04 00:35:05: [32m[nodemon] starting `ts-node src/index.ts`[39m
2025-04-04 00:35:08: [31m[nodemon] app crashed - waiting for file changes before starting...[39m
2025-04-04 00:35:09: 
2025-04-04 00:35:09: > service_provider@1.0.0 dev
2025-04-04 00:35:09: > cross-env NODE_ENV=development nodemon --watch 'src/**/*.ts' --exec 'ts-node' src/index.ts
2025-04-04 00:35:09: 
2025-04-04 00:35:09: [33m[nodemon] 3.1.9[39m
2025-04-04 00:35:09: [33m[nodemon] to restart at any time, enter `rs`[39m
2025-04-04 00:35:09: [33m[nodemon] watching path(s): src/**/*.ts[39m
2025-04-04 00:35:09: [33m[nodemon] watching extensions: ts[39m
2025-04-04 00:35:09: [32m[nodemon] starting `ts-node src/index.ts`[39m
2025-04-04 00:35:13: [31m[nodemon] app crashed - waiting for file changes before starting...[39m
2025-04-04 00:35:13: 
2025-04-04 00:35:13: > service_provider@1.0.0 dev
2025-04-04 00:35:13: > cross-env NODE_ENV=development nodemon --watch 'src/**/*.ts' --exec 'ts-node' src/index.ts
2025-04-04 00:35:13: 
2025-04-04 00:35:13: [33m[nodemon] 3.1.9[39m
2025-04-04 00:35:13: [33m[nodemon] to restart at any time, enter `rs`[39m
2025-04-04 00:35:13: [33m[nodemon] watching path(s): src/**/*.ts[39m
2025-04-04 00:35:13: [33m[nodemon] watching extensions: ts[39m
2025-04-04 00:35:13: [32m[nodemon] starting `ts-node src/index.ts`[39m
2025-04-04 00:35:17: [31m[nodemon] app crashed - waiting for file changes before starting...[39m
2025-04-04 00:35:17: 
2025-04-04 00:35:17: > service_provider@1.0.0 dev
2025-04-04 00:35:17: > cross-env NODE_ENV=development nodemon --watch 'src/**/*.ts' --exec 'ts-node' src/index.ts
2025-04-04 00:35:17: 
2025-04-04 00:35:18: [33m[nodemon] 3.1.9[39m
2025-04-04 00:35:18: [33m[nodemon] to restart at any time, enter `rs`[39m
2025-04-04 00:35:18: [33m[nodemon] watching path(s): src/**/*.ts[39m
2025-04-04 00:35:18: [33m[nodemon] watching extensions: ts[39m
2025-04-04 00:35:18: [32m[nodemon] starting `ts-node src/index.ts`[39m
2025-04-04 00:35:21: [31m[nodemon] app crashed - waiting for file changes before starting...[39m
2025-04-04 00:35:22: 
2025-04-04 00:35:22: > service_provider@1.0.0 dev
2025-04-04 00:35:22: > cross-env NODE_ENV=development nodemon --watch 'src/**/*.ts' --exec 'ts-node' src/index.ts
2025-04-04 00:35:22: 
2025-04-04 00:35:22: [33m[nodemon] 3.1.9[39m
2025-04-04 00:35:22: [33m[nodemon] to restart at any time, enter `rs`[39m
2025-04-04 00:35:22: [33m[nodemon] watching path(s): src/**/*.ts[39m
2025-04-04 00:35:22: [33m[nodemon] watching extensions: ts[39m
2025-04-04 00:35:22: [32m[nodemon] starting `ts-node src/index.ts`[39m
2025-04-04 00:35:26: [31m[nodemon] app crashed - waiting for file changes before starting...[39m
2025-04-04 00:35:26: 
2025-04-04 00:35:26: > service_provider@1.0.0 dev
2025-04-04 00:35:26: > cross-env NODE_ENV=development nodemon --watch 'src/**/*.ts' --exec 'ts-node' src/index.ts
2025-04-04 00:35:26: 
2025-04-04 00:35:26: [33m[nodemon] 3.1.9[39m
2025-04-04 00:35:26: [33m[nodemon] to restart at any time, enter `rs`[39m
2025-04-04 00:35:26: [33m[nodemon] watching path(s): src/**/*.ts[39m
2025-04-04 00:35:26: [33m[nodemon] watching extensions: ts[39m
2025-04-04 00:35:26: [32m[nodemon] starting `ts-node src/index.ts`[39m
2025-04-04 00:35:30: [31m[nodemon] app crashed - waiting for file changes before starting...[39m
2025-04-04 00:35:31: 
2025-04-04 00:35:31: > service_provider@1.0.0 dev
2025-04-04 00:35:31: > cross-env NODE_ENV=development nodemon --watch 'src/**/*.ts' --exec 'ts-node' src/index.ts
2025-04-04 00:35:31: 
2025-04-04 00:35:31: [33m[nodemon] 3.1.9[39m
2025-04-04 00:35:31: [33m[nodemon] to restart at any time, enter `rs`[39m
2025-04-04 00:35:31: [33m[nodemon] watching path(s): src/**/*.ts[39m
2025-04-04 00:35:31: [33m[nodemon] watching extensions: ts[39m
2025-04-04 00:35:31: [32m[nodemon] starting `ts-node src/index.ts`[39m
2025-04-04 00:35:35: [31m[nodemon] app crashed - waiting for file changes before starting...[39m
2025-04-04 00:35:35: 
2025-04-04 00:35:35: > service_provider@1.0.0 dev
2025-04-04 00:35:35: > cross-env NODE_ENV=development nodemon --watch 'src/**/*.ts' --exec 'ts-node' src/index.ts
2025-04-04 00:35:35: 
2025-04-04 00:35:35: [33m[nodemon] 3.1.9[39m
2025-04-04 00:35:35: [33m[nodemon] to restart at any time, enter `rs`[39m
2025-04-04 00:35:35: [33m[nodemon] watching path(s): src/**/*.ts[39m
2025-04-04 00:35:35: [33m[nodemon] watching extensions: ts[39m
2025-04-04 00:35:35: [32m[nodemon] starting `ts-node src/index.ts`[39m
2025-04-04 00:35:39: [31m[nodemon] app crashed - waiting for file changes before starting...[39m
2025-04-04 00:35:40: 
2025-04-04 00:35:40: > service_provider@1.0.0 dev
2025-04-04 00:35:40: > cross-env NODE_ENV=development nodemon --watch 'src/**/*.ts' --exec 'ts-node' src/index.ts
2025-04-04 00:35:40: 
2025-04-04 00:35:40: [33m[nodemon] 3.1.9[39m
2025-04-04 00:35:40: [33m[nodemon] to restart at any time, enter `rs`[39m
2025-04-04 00:35:40: [33m[nodemon] watching path(s): src/**/*.ts[39m
2025-04-04 00:35:40: [33m[nodemon] watching extensions: ts[39m
2025-04-04 00:35:40: [32m[nodemon] starting `ts-node src/index.ts`[39m
2025-04-04 00:35:40: [32m[nodemon] restarting due to changes...[39m
2025-04-04 00:35:40: [32m[nodemon] starting `ts-node src/index.ts`[39m
2025-04-04 00:35:41: 
2025-04-04 00:35:41: > service_provider@1.0.0 dev
2025-04-04 00:35:41: > cross-env NODE_ENV=development nodemon --watch 'src/**/*.ts' --exec 'ts-node' src/index.ts
2025-04-04 00:35:41: 
2025-04-04 00:35:41: [33m[nodemon] 3.1.9[39m
2025-04-04 00:35:41: [33m[nodemon] to restart at any time, enter `rs`[39m
2025-04-04 00:35:41: [33m[nodemon] watching path(s): src/**/*.ts[39m
2025-04-04 00:35:41: [33m[nodemon] watching extensions: ts[39m
2025-04-04 00:35:41: [32m[nodemon] starting `ts-node src/index.ts`[39m
2025-04-04 00:35:45: [31m[nodemon] app crashed - waiting for file changes before starting...[39m
2025-04-04 00:35:45: 
2025-04-04 00:35:45: > service_provider@1.0.0 dev
2025-04-04 00:35:45: > cross-env NODE_ENV=development nodemon --watch 'src/**/*.ts' --exec 'ts-node' src/index.ts
2025-04-04 00:35:45: 
2025-04-04 00:35:45: [33m[nodemon] 3.1.9[39m
2025-04-04 00:35:45: [33m[nodemon] to restart at any time, enter `rs`[39m
2025-04-04 00:35:45: [33m[nodemon] watching path(s): src/**/*.ts[39m
2025-04-04 00:35:45: [33m[nodemon] watching extensions: ts[39m
2025-04-04 00:35:45: [32m[nodemon] starting `ts-node src/index.ts`[39m
2025-04-04 00:35:49: [31m[nodemon] app crashed - waiting for file changes before starting...[39m
2025-04-04 00:35:50: 
2025-04-04 00:35:50: > service_provider@1.0.0 dev
2025-04-04 00:35:50: > cross-env NODE_ENV=development nodemon --watch 'src/**/*.ts' --exec 'ts-node' src/index.ts
2025-04-04 00:35:50: 
2025-04-04 00:35:50: [33m[nodemon] 3.1.9[39m
2025-04-04 00:35:50: [33m[nodemon] to restart at any time, enter `rs`[39m
2025-04-04 00:35:50: [33m[nodemon] watching path(s): src/**/*.ts[39m
2025-04-04 00:35:50: [33m[nodemon] watching extensions: ts[39m
2025-04-04 00:35:50: [32m[nodemon] starting `ts-node src/index.ts`[39m
2025-04-04 00:35:54: [31m[nodemon] app crashed - waiting for file changes before starting...[39m
2025-04-04 00:35:54: 
2025-04-04 00:35:54: > service_provider@1.0.0 dev
2025-04-04 00:35:54: > cross-env NODE_ENV=development nodemon --watch 'src/**/*.ts' --exec 'ts-node' src/index.ts
2025-04-04 00:35:54: 
2025-04-04 00:35:54: [33m[nodemon] 3.1.9[39m
2025-04-04 00:35:54: [33m[nodemon] to restart at any time, enter `rs`[39m
2025-04-04 00:35:54: [33m[nodemon] watching path(s): src/**/*.ts[39m
2025-04-04 00:35:54: [33m[nodemon] watching extensions: ts[39m
2025-04-04 00:35:54: [32m[nodemon] starting `ts-node src/index.ts`[39m
2025-04-04 00:35:58: [31m[nodemon] app crashed - waiting for file changes before starting...[39m
2025-04-04 00:35:59: 
2025-04-04 00:35:59: > service_provider@1.0.0 dev
2025-04-04 00:35:59: > cross-env NODE_ENV=development nodemon --watch 'src/**/*.ts' --exec 'ts-node' src/index.ts
2025-04-04 00:35:59: 
2025-04-04 00:35:59: [33m[nodemon] 3.1.9[39m
2025-04-04 00:35:59: [33m[nodemon] to restart at any time, enter `rs`[39m
2025-04-04 00:35:59: [33m[nodemon] watching path(s): src/**/*.ts[39m
2025-04-04 00:35:59: [33m[nodemon] watching extensions: ts[39m
2025-04-04 00:35:59: [32m[nodemon] starting `ts-node src/index.ts`[39m
2025-04-04 00:36:02: [31m[nodemon] app crashed - waiting for file changes before starting...[39m
2025-04-04 00:36:03: 
2025-04-04 00:36:03: > service_provider@1.0.0 dev
2025-04-04 00:36:03: > cross-env NODE_ENV=development nodemon --watch 'src/**/*.ts' --exec 'ts-node' src/index.ts
2025-04-04 00:36:03: 
2025-04-04 00:36:03: [33m[nodemon] 3.1.9[39m
2025-04-04 00:36:03: [33m[nodemon] to restart at any time, enter `rs`[39m
2025-04-04 00:36:03: [33m[nodemon] watching path(s): src/**/*.ts[39m
2025-04-04 00:36:03: [33m[nodemon] watching extensions: ts[39m
2025-04-04 00:36:03: [32m[nodemon] starting `ts-node src/index.ts`[39m
2025-04-04 00:36:07: [31m[nodemon] app crashed - waiting for file changes before starting...[39m
2025-04-04 00:36:07: 
2025-04-04 00:36:07: > service_provider@1.0.0 dev
2025-04-04 00:36:07: > cross-env NODE_ENV=development nodemon --watch 'src/**/*.ts' --exec 'ts-node' src/index.ts
2025-04-04 00:36:07: 
2025-04-04 00:36:07: [33m[nodemon] 3.1.9[39m
2025-04-04 00:36:07: [33m[nodemon] to restart at any time, enter `rs`[39m
2025-04-04 00:36:07: [33m[nodemon] watching path(s): src/**/*.ts[39m
2025-04-04 00:36:07: [33m[nodemon] watching extensions: ts[39m
2025-04-04 00:36:07: [32m[nodemon] starting `ts-node src/index.ts`[39m
2025-04-04 00:36:11: [31m[nodemon] app crashed - waiting for file changes before starting...[39m
2025-04-04 00:36:12: 
2025-04-04 00:36:12: > service_provider@1.0.0 dev
2025-04-04 00:36:12: > cross-env NODE_ENV=development nodemon --watch 'src/**/*.ts' --exec 'ts-node' src/index.ts
2025-04-04 00:36:12: 
2025-04-04 00:36:12: [33m[nodemon] 3.1.9[39m
2025-04-04 00:36:12: [33m[nodemon] to restart at any time, enter `rs`[39m
2025-04-04 00:36:12: [33m[nodemon] watching path(s): src/**/*.ts[39m
2025-04-04 00:36:12: [33m[nodemon] watching extensions: ts[39m
2025-04-04 00:36:12: [32m[nodemon] starting `ts-node src/index.ts`[39m
2025-04-04 00:36:16: [31m[nodemon] app crashed - waiting for file changes before starting...[39m
2025-04-04 00:36:16: 
2025-04-04 00:36:16: > service_provider@1.0.0 dev
2025-04-04 00:36:16: > cross-env NODE_ENV=development nodemon --watch 'src/**/*.ts' --exec 'ts-node' src/index.ts
2025-04-04 00:36:16: 
2025-04-04 00:36:16: [33m[nodemon] 3.1.9[39m
2025-04-04 00:36:16: [33m[nodemon] to restart at any time, enter `rs`[39m
2025-04-04 00:36:16: [33m[nodemon] watching path(s): src/**/*.ts[39m
2025-04-04 00:36:16: [33m[nodemon] watching extensions: ts[39m
2025-04-04 00:36:16: [32m[nodemon] starting `ts-node src/index.ts`[39m
2025-04-04 00:36:20: [31m[nodemon] app crashed - waiting for file changes before starting...[39m
2025-04-04 00:36:20: 
2025-04-04 00:36:20: > service_provider@1.0.0 dev
2025-04-04 00:36:20: > cross-env NODE_ENV=development nodemon --watch 'src/**/*.ts' --exec 'ts-node' src/index.ts
2025-04-04 00:36:20: 
2025-04-04 00:36:20: [33m[nodemon] 3.1.9[39m
2025-04-04 00:36:20: [33m[nodemon] to restart at any time, enter `rs`[39m
2025-04-04 00:36:20: [33m[nodemon] watching path(s): src/**/*.ts[39m
2025-04-04 00:36:20: [33m[nodemon] watching extensions: ts[39m
2025-04-04 00:36:20: [32m[nodemon] starting `ts-node src/index.ts`[39m
2025-04-04 00:36:25: [31m[nodemon] app crashed - waiting for file changes before starting...[39m
2025-04-04 00:36:25: 
2025-04-04 00:36:25: > service_provider@1.0.0 dev
2025-04-04 00:36:25: > cross-env NODE_ENV=development nodemon --watch 'src/**/*.ts' --exec 'ts-node' src/index.ts
2025-04-04 00:36:25: 
2025-04-04 00:36:25: [33m[nodemon] 3.1.9[39m
2025-04-04 00:36:25: [33m[nodemon] to restart at any time, enter `rs`[39m
2025-04-04 00:36:25: [33m[nodemon] watching path(s): src/**/*.ts[39m
2025-04-04 00:36:25: [33m[nodemon] watching extensions: ts[39m
2025-04-04 00:36:25: [32m[nodemon] starting `ts-node src/index.ts`[39m
2025-04-04 00:36:29: [31m[nodemon] app crashed - waiting for file changes before starting...[39m
2025-04-04 00:36:29: 
2025-04-04 00:36:29: > service_provider@1.0.0 dev
2025-04-04 00:36:29: > cross-env NODE_ENV=development nodemon --watch 'src/**/*.ts' --exec 'ts-node' src/index.ts
2025-04-04 00:36:29: 
2025-04-04 00:36:30: [33m[nodemon] 3.1.9[39m
2025-04-04 00:36:30: [33m[nodemon] to restart at any time, enter `rs`[39m
2025-04-04 00:36:30: [33m[nodemon] watching path(s): src/**/*.ts[39m
2025-04-04 00:36:30: [33m[nodemon] watching extensions: ts[39m
2025-04-04 00:36:30: [32m[nodemon] starting `ts-node src/index.ts`[39m
2025-04-04 00:36:33: [31m[nodemon] app crashed - waiting for file changes before starting...[39m
2025-04-04 00:36:34: 
2025-04-04 00:36:34: > service_provider@1.0.0 dev
2025-04-04 00:36:34: > cross-env NODE_ENV=development nodemon --watch 'src/**/*.ts' --exec 'ts-node' src/index.ts
2025-04-04 00:36:34: 
2025-04-04 00:36:34: [33m[nodemon] 3.1.9[39m
2025-04-04 00:36:34: [33m[nodemon] to restart at any time, enter `rs`[39m
2025-04-04 00:36:34: [33m[nodemon] watching path(s): src/**/*.ts[39m
2025-04-04 00:36:34: [33m[nodemon] watching extensions: ts[39m
2025-04-04 00:36:34: [32m[nodemon] starting `ts-node src/index.ts`[39m
2025-04-04 00:36:38: [31m[nodemon] app crashed - waiting for file changes before starting...[39m
2025-04-04 00:36:38: 
2025-04-04 00:36:38: > service_provider@1.0.0 dev
2025-04-04 00:36:38: > cross-env NODE_ENV=development nodemon --watch 'src/**/*.ts' --exec 'ts-node' src/index.ts
2025-04-04 00:36:38: 
2025-04-04 00:36:38: [33m[nodemon] 3.1.9[39m
2025-04-04 00:36:38: [33m[nodemon] to restart at any time, enter `rs`[39m
2025-04-04 00:36:38: [33m[nodemon] watching path(s): src/**/*.ts[39m
2025-04-04 00:36:38: [33m[nodemon] watching extensions: ts[39m
2025-04-04 00:36:38: [32m[nodemon] starting `ts-node src/index.ts`[39m
2025-04-04 00:36:42: [31m[nodemon] app crashed - waiting for file changes before starting...[39m
2025-04-04 00:36:43: 
2025-04-04 00:36:43: > service_provider@1.0.0 dev
2025-04-04 00:36:43: > cross-env NODE_ENV=development nodemon --watch 'src/**/*.ts' --exec 'ts-node' src/index.ts
2025-04-04 00:36:43: 
2025-04-04 00:36:43: [33m[nodemon] 3.1.9[39m
2025-04-04 00:36:43: [33m[nodemon] to restart at any time, enter `rs`[39m
2025-04-04 00:36:43: [33m[nodemon] watching path(s): src/**/*.ts[39m
2025-04-04 00:36:43: [33m[nodemon] watching extensions: ts[39m
2025-04-04 00:36:43: [32m[nodemon] starting `ts-node src/index.ts`[39m
2025-04-04 00:36:47: [31m[nodemon] app crashed - waiting for file changes before starting...[39m
2025-04-04 00:36:47: 
2025-04-04 00:36:47: > service_provider@1.0.0 dev
2025-04-04 00:36:47: > cross-env NODE_ENV=development nodemon --watch 'src/**/*.ts' --exec 'ts-node' src/index.ts
2025-04-04 00:36:47: 
2025-04-04 00:36:47: [33m[nodemon] 3.1.9[39m
2025-04-04 00:36:47: [33m[nodemon] to restart at any time, enter `rs`[39m
2025-04-04 00:36:47: [33m[nodemon] watching path(s): src/**/*.ts[39m
2025-04-04 00:36:47: [33m[nodemon] watching extensions: ts[39m
2025-04-04 00:36:47: [32m[nodemon] starting `ts-node src/index.ts`[39m
2025-04-04 00:36:51: [31m[nodemon] app crashed - waiting for file changes before starting...[39m
2025-04-04 00:36:51: 
2025-04-04 00:36:51: > service_provider@1.0.0 dev
2025-04-04 00:36:51: > cross-env NODE_ENV=development nodemon --watch 'src/**/*.ts' --exec 'ts-node' src/index.ts
2025-04-04 00:36:51: 
2025-04-04 00:36:52: [33m[nodemon] 3.1.9[39m
2025-04-04 00:36:52: [33m[nodemon] to restart at any time, enter `rs`[39m
2025-04-04 00:36:52: [33m[nodemon] watching path(s): src/**/*.ts[39m
2025-04-04 00:36:52: [33m[nodemon] watching extensions: ts[39m
2025-04-04 00:36:52: [32m[nodemon] starting `ts-node src/index.ts`[39m
2025-04-04 00:36:56: [31m[nodemon] app crashed - waiting for file changes before starting...[39m
2025-04-04 00:36:56: 
2025-04-04 00:36:56: > service_provider@1.0.0 dev
2025-04-04 00:36:56: > cross-env NODE_ENV=development nodemon --watch 'src/**/*.ts' --exec 'ts-node' src/index.ts
2025-04-04 00:36:56: 
2025-04-04 00:36:56: [33m[nodemon] 3.1.9[39m
2025-04-04 00:36:56: [33m[nodemon] to restart at any time, enter `rs`[39m
2025-04-04 00:36:56: [33m[nodemon] watching path(s): src/**/*.ts[39m
2025-04-04 00:36:56: [33m[nodemon] watching extensions: ts[39m
2025-04-04 00:36:56: [32m[nodemon] starting `ts-node src/index.ts`[39m
2025-04-04 00:37:00: [31m[nodemon] app crashed - waiting for file changes before starting...[39m
2025-04-04 00:37:00: 
2025-04-04 00:37:00: > service_provider@1.0.0 dev
2025-04-04 00:37:00: > cross-env NODE_ENV=development nodemon --watch 'src/**/*.ts' --exec 'ts-node' src/index.ts
2025-04-04 00:37:00: 
2025-04-04 00:37:01: [33m[nodemon] 3.1.9[39m
2025-04-04 00:37:01: [33m[nodemon] to restart at any time, enter `rs`[39m
2025-04-04 00:37:01: [33m[nodemon] watching path(s): src/**/*.ts[39m
2025-04-04 00:37:01: [33m[nodemon] watching extensions: ts[39m
2025-04-04 00:37:01: [32m[nodemon] starting `ts-node src/index.ts`[39m
2025-04-04 00:37:04: [31m[nodemon] app crashed - waiting for file changes before starting...[39m
2025-04-04 00:37:05: 
2025-04-04 00:37:05: > service_provider@1.0.0 dev
2025-04-04 00:37:05: > cross-env NODE_ENV=development nodemon --watch 'src/**/*.ts' --exec 'ts-node' src/index.ts
2025-04-04 00:37:05: 
2025-04-04 00:37:05: [33m[nodemon] 3.1.9[39m
2025-04-04 00:37:05: [33m[nodemon] to restart at any time, enter `rs`[39m
2025-04-04 00:37:05: [33m[nodemon] watching path(s): src/**/*.ts[39m
2025-04-04 00:37:05: [33m[nodemon] watching extensions: ts[39m
2025-04-04 00:37:05: [32m[nodemon] starting `ts-node src/index.ts`[39m
2025-04-04 00:37:09: [31m[nodemon] app crashed - waiting for file changes before starting...[39m
2025-04-04 00:37:09: 
2025-04-04 00:37:09: > service_provider@1.0.0 dev
2025-04-04 00:37:09: > cross-env NODE_ENV=development nodemon --watch 'src/**/*.ts' --exec 'ts-node' src/index.ts
2025-04-04 00:37:09: 
2025-04-04 00:37:09: [33m[nodemon] 3.1.9[39m
2025-04-04 00:37:09: [33m[nodemon] to restart at any time, enter `rs`[39m
2025-04-04 00:37:09: [33m[nodemon] watching path(s): src/**/*.ts[39m
2025-04-04 00:37:09: [33m[nodemon] watching extensions: ts[39m
2025-04-04 00:37:09: [32m[nodemon] starting `ts-node src/index.ts`[39m
2025-04-04 00:37:13: [31m[nodemon] app crashed - waiting for file changes before starting...[39m
2025-04-04 00:37:13: 
2025-04-04 00:37:13: > service_provider@1.0.0 dev
2025-04-04 00:37:13: > cross-env NODE_ENV=development nodemon --watch 'src/**/*.ts' --exec 'ts-node' src/index.ts
2025-04-04 00:37:13: 
2025-04-04 00:37:14: [33m[nodemon] 3.1.9[39m
2025-04-04 00:37:14: [33m[nodemon] to restart at any time, enter `rs`[39m
2025-04-04 00:37:14: [33m[nodemon] watching path(s): src/**/*.ts[39m
2025-04-04 00:37:14: [33m[nodemon] watching extensions: ts[39m
2025-04-04 00:37:14: [32m[nodemon] starting `ts-node src/index.ts`[39m
2025-04-04 00:37:17: [31m[nodemon] app crashed - waiting for file changes before starting...[39m
2025-04-04 00:37:18: 
2025-04-04 00:37:18: > service_provider@1.0.0 dev
2025-04-04 00:37:18: > cross-env NODE_ENV=development nodemon --watch 'src/**/*.ts' --exec 'ts-node' src/index.ts
2025-04-04 00:37:18: 
2025-04-04 00:37:18: [33m[nodemon] 3.1.9[39m
2025-04-04 00:37:18: [33m[nodemon] to restart at any time, enter `rs`[39m
2025-04-04 00:37:18: [33m[nodemon] watching path(s): src/**/*.ts[39m
2025-04-04 00:37:18: [33m[nodemon] watching extensions: ts[39m
2025-04-04 00:37:18: [32m[nodemon] starting `ts-node src/index.ts`[39m
2025-04-04 00:37:22: [31m[nodemon] app crashed - waiting for file changes before starting...[39m
2025-04-04 00:37:22: 
2025-04-04 00:37:22: > service_provider@1.0.0 dev
2025-04-04 00:37:22: > cross-env NODE_ENV=development nodemon --watch 'src/**/*.ts' --exec 'ts-node' src/index.ts
2025-04-04 00:37:22: 
2025-04-04 00:37:22: [33m[nodemon] 3.1.9[39m
2025-04-04 00:37:22: [33m[nodemon] to restart at any time, enter `rs`[39m
2025-04-04 00:37:22: [33m[nodemon] watching path(s): src/**/*.ts[39m
2025-04-04 00:37:22: [33m[nodemon] watching extensions: ts[39m
2025-04-04 00:37:22: [32m[nodemon] starting `ts-node src/index.ts`[39m
2025-04-04 00:37:26: [31m[nodemon] app crashed - waiting for file changes before starting...[39m
2025-04-04 00:37:26: 
2025-04-04 00:37:26: > service_provider@1.0.0 dev
2025-04-04 00:37:26: > cross-env NODE_ENV=development nodemon --watch 'src/**/*.ts' --exec 'ts-node' src/index.ts
2025-04-04 00:37:26: 
2025-04-04 00:37:26: [33m[nodemon] 3.1.9[39m
2025-04-04 00:37:26: [33m[nodemon] to restart at any time, enter `rs`[39m
2025-04-04 00:37:26: [33m[nodemon] watching path(s): src/**/*.ts[39m
2025-04-04 00:37:26: [33m[nodemon] watching extensions: ts[39m
2025-04-04 00:37:26: [32m[nodemon] starting `ts-node src/index.ts`[39m
2025-04-04 00:37:30: [31m[nodemon] app crashed - waiting for file changes before starting...[39m
2025-04-04 00:37:31: 
2025-04-04 00:37:31: > service_provider@1.0.0 dev
2025-04-04 00:37:31: > cross-env NODE_ENV=development nodemon --watch 'src/**/*.ts' --exec 'ts-node' src/index.ts
2025-04-04 00:37:31: 
2025-04-04 00:37:31: [33m[nodemon] 3.1.9[39m
2025-04-04 00:37:31: [33m[nodemon] to restart at any time, enter `rs`[39m
2025-04-04 00:37:31: [33m[nodemon] watching path(s): src/**/*.ts[39m
2025-04-04 00:37:31: [33m[nodemon] watching extensions: ts[39m
2025-04-04 00:37:31: [32m[nodemon] starting `ts-node src/index.ts`[39m
2025-04-04 00:37:35: [31m[nodemon] app crashed - waiting for file changes before starting...[39m
2025-04-04 00:37:35: 
2025-04-04 00:37:35: > service_provider@1.0.0 dev
2025-04-04 00:37:35: > cross-env NODE_ENV=development nodemon --watch 'src/**/*.ts' --exec 'ts-node' src/index.ts
2025-04-04 00:37:35: 
2025-04-04 00:37:35: [33m[nodemon] 3.1.9[39m
2025-04-04 00:37:35: [33m[nodemon] to restart at any time, enter `rs`[39m
2025-04-04 00:37:35: [33m[nodemon] watching path(s): src/**/*.ts[39m
2025-04-04 00:37:35: [33m[nodemon] watching extensions: ts[39m
2025-04-04 00:37:35: [32m[nodemon] starting `ts-node src/index.ts`[39m
2025-04-04 00:37:39: [31m[nodemon] app crashed - waiting for file changes before starting...[39m
2025-04-04 00:37:40: 
2025-04-04 00:37:40: > service_provider@1.0.0 dev
2025-04-04 00:37:40: > cross-env NODE_ENV=development nodemon --watch 'src/**/*.ts' --exec 'ts-node' src/index.ts
2025-04-04 00:37:40: 
2025-04-04 00:37:40: [33m[nodemon] 3.1.9[39m
2025-04-04 00:37:40: [33m[nodemon] to restart at any time, enter `rs`[39m
2025-04-04 00:37:40: [33m[nodemon] watching path(s): src/**/*.ts[39m
2025-04-04 00:37:40: [33m[nodemon] watching extensions: ts[39m
2025-04-04 00:37:40: [32m[nodemon] starting `ts-node src/index.ts`[39m
2025-04-04 00:37:44: [31m[nodemon] app crashed - waiting for file changes before starting...[39m
2025-04-04 00:37:44: 
2025-04-04 00:37:44: > service_provider@1.0.0 dev
2025-04-04 00:37:44: > cross-env NODE_ENV=development nodemon --watch 'src/**/*.ts' --exec 'ts-node' src/index.ts
2025-04-04 00:37:44: 
2025-04-04 00:37:44: [33m[nodemon] 3.1.9[39m
2025-04-04 00:37:44: [33m[nodemon] to restart at any time, enter `rs`[39m
2025-04-04 00:37:44: [33m[nodemon] watching path(s): src/**/*.ts[39m
2025-04-04 00:37:44: [33m[nodemon] watching extensions: ts[39m
2025-04-04 00:37:44: [32m[nodemon] starting `ts-node src/index.ts`[39m
2025-04-04 00:37:48: [31m[nodemon] app crashed - waiting for file changes before starting...[39m
2025-04-04 00:37:48: 
2025-04-04 00:37:48: > service_provider@1.0.0 dev
2025-04-04 00:37:48: > cross-env NODE_ENV=development nodemon --watch 'src/**/*.ts' --exec 'ts-node' src/index.ts
2025-04-04 00:37:48: 
2025-04-04 00:37:48: [33m[nodemon] 3.1.9[39m
2025-04-04 00:37:48: [33m[nodemon] to restart at any time, enter `rs`[39m
2025-04-04 00:37:48: [33m[nodemon] watching path(s): src/**/*.ts[39m
2025-04-04 00:37:48: [33m[nodemon] watching extensions: ts[39m
2025-04-04 00:37:48: [32m[nodemon] starting `ts-node src/index.ts`[39m
2025-04-04 00:37:52: [31m[nodemon] app crashed - waiting for file changes before starting...[39m
2025-04-04 00:37:53: 
2025-04-04 00:37:53: > service_provider@1.0.0 dev
2025-04-04 00:37:53: > cross-env NODE_ENV=development nodemon --watch 'src/**/*.ts' --exec 'ts-node' src/index.ts
2025-04-04 00:37:53: 
2025-04-04 00:37:53: [33m[nodemon] 3.1.9[39m
2025-04-04 00:37:53: [33m[nodemon] to restart at any time, enter `rs`[39m
2025-04-04 00:37:53: [33m[nodemon] watching path(s): src/**/*.ts[39m
2025-04-04 00:37:53: [33m[nodemon] watching extensions: ts[39m
2025-04-04 00:37:53: [32m[nodemon] starting `ts-node src/index.ts`[39m
2025-04-04 00:37:57: [31m[nodemon] app crashed - waiting for file changes before starting...[39m
2025-04-04 00:37:57: 
2025-04-04 00:37:57: > service_provider@1.0.0 dev
2025-04-04 00:37:57: > cross-env NODE_ENV=development nodemon --watch 'src/**/*.ts' --exec 'ts-node' src/index.ts
2025-04-04 00:37:57: 
2025-04-04 00:37:57: [33m[nodemon] 3.1.9[39m
2025-04-04 00:37:57: [33m[nodemon] to restart at any time, enter `rs`[39m
2025-04-04 00:37:57: [33m[nodemon] watching path(s): src/**/*.ts[39m
2025-04-04 00:37:57: [33m[nodemon] watching extensions: ts[39m
2025-04-04 00:37:57: [32m[nodemon] starting `ts-node src/index.ts`[39m
2025-04-04 00:38:01: [31m[nodemon] app crashed - waiting for file changes before starting...[39m
2025-04-04 00:38:01: 
2025-04-04 00:38:01: > service_provider@1.0.0 dev
2025-04-04 00:38:01: > cross-env NODE_ENV=development nodemon --watch 'src/**/*.ts' --exec 'ts-node' src/index.ts
2025-04-04 00:38:01: 
2025-04-04 00:38:02: [33m[nodemon] 3.1.9[39m
2025-04-04 00:38:02: [33m[nodemon] to restart at any time, enter `rs`[39m
2025-04-04 00:38:02: [33m[nodemon] watching path(s): src/**/*.ts[39m
2025-04-04 00:38:02: [33m[nodemon] watching extensions: ts[39m
2025-04-04 00:38:02: [32m[nodemon] starting `ts-node src/index.ts`[39m
2025-04-04 00:38:06: [31m[nodemon] app crashed - waiting for file changes before starting...[39m
2025-04-04 00:38:06: 
2025-04-04 00:38:06: > service_provider@1.0.0 dev
2025-04-04 00:38:06: > cross-env NODE_ENV=development nodemon --watch 'src/**/*.ts' --exec 'ts-node' src/index.ts
2025-04-04 00:38:06: 
2025-04-04 00:38:06: [33m[nodemon] 3.1.9[39m
2025-04-04 00:38:06: [33m[nodemon] to restart at any time, enter `rs`[39m
2025-04-04 00:38:06: [33m[nodemon] watching path(s): src/**/*.ts[39m
2025-04-04 00:38:06: [33m[nodemon] watching extensions: ts[39m
2025-04-04 00:38:06: [32m[nodemon] starting `ts-node src/index.ts`[39m
2025-04-04 00:38:10: [31m[nodemon] app crashed - waiting for file changes before starting...[39m
2025-04-04 00:38:11: 
2025-04-04 00:38:11: > service_provider@1.0.0 dev
2025-04-04 00:38:11: > cross-env NODE_ENV=development nodemon --watch 'src/**/*.ts' --exec 'ts-node' src/index.ts
2025-04-04 00:38:11: 
2025-04-04 00:38:11: [33m[nodemon] 3.1.9[39m
2025-04-04 00:38:11: [33m[nodemon] to restart at any time, enter `rs`[39m
2025-04-04 00:38:11: [33m[nodemon] watching path(s): src/**/*.ts[39m
2025-04-04 00:38:11: [33m[nodemon] watching extensions: ts[39m
2025-04-04 00:38:11: [32m[nodemon] starting `ts-node src/index.ts`[39m
2025-04-04 00:38:15: [31m[nodemon] app crashed - waiting for file changes before starting...[39m
2025-04-04 00:38:15: 
2025-04-04 00:38:15: > service_provider@1.0.0 dev
2025-04-04 00:38:15: > cross-env NODE_ENV=development nodemon --watch 'src/**/*.ts' --exec 'ts-node' src/index.ts
2025-04-04 00:38:15: 
2025-04-04 00:38:15: [33m[nodemon] 3.1.9[39m
2025-04-04 00:38:15: [33m[nodemon] to restart at any time, enter `rs`[39m
2025-04-04 00:38:15: [33m[nodemon] watching path(s): src/**/*.ts[39m
2025-04-04 00:38:15: [33m[nodemon] watching extensions: ts[39m
2025-04-04 00:38:15: [32m[nodemon] starting `ts-node src/index.ts`[39m
2025-04-04 00:38:19: [31m[nodemon] app crashed - waiting for file changes before starting...[39m
2025-04-04 00:38:20: 
2025-04-04 00:38:20: > service_provider@1.0.0 dev
2025-04-04 00:38:20: > cross-env NODE_ENV=development nodemon --watch 'src/**/*.ts' --exec 'ts-node' src/index.ts
2025-04-04 00:38:20: 
2025-04-04 00:38:20: [33m[nodemon] 3.1.9[39m
2025-04-04 00:38:20: [33m[nodemon] to restart at any time, enter `rs`[39m
2025-04-04 00:38:20: [33m[nodemon] watching path(s): src/**/*.ts[39m
2025-04-04 00:38:20: [33m[nodemon] watching extensions: ts[39m
2025-04-04 00:38:20: [32m[nodemon] starting `ts-node src/index.ts`[39m
2025-04-04 00:38:24: [31m[nodemon] app crashed - waiting for file changes before starting...[39m
2025-04-04 00:38:24: 
2025-04-04 00:38:24: > service_provider@1.0.0 dev
2025-04-04 00:38:24: > cross-env NODE_ENV=development nodemon --watch 'src/**/*.ts' --exec 'ts-node' src/index.ts
2025-04-04 00:38:24: 
2025-04-04 00:38:24: [33m[nodemon] 3.1.9[39m
2025-04-04 00:38:24: [33m[nodemon] to restart at any time, enter `rs`[39m
2025-04-04 00:38:24: [33m[nodemon] watching path(s): src/**/*.ts[39m
2025-04-04 00:38:24: [33m[nodemon] watching extensions: ts[39m
2025-04-04 00:38:24: [32m[nodemon] starting `ts-node src/index.ts`[39m
2025-04-04 00:38:28: [31m[nodemon] app crashed - waiting for file changes before starting...[39m
2025-04-04 00:38:28: 
2025-04-04 00:38:28: > service_provider@1.0.0 dev
2025-04-04 00:38:28: > cross-env NODE_ENV=development nodemon --watch 'src/**/*.ts' --exec 'ts-node' src/index.ts
2025-04-04 00:38:28: 
2025-04-04 00:38:28: [33m[nodemon] 3.1.9[39m
2025-04-04 00:38:28: [33m[nodemon] to restart at any time, enter `rs`[39m
2025-04-04 00:38:28: [33m[nodemon] watching path(s): src/**/*.ts[39m
2025-04-04 00:38:28: [33m[nodemon] watching extensions: ts[39m
2025-04-04 00:38:28: [32m[nodemon] starting `ts-node src/index.ts`[39m
2025-04-04 00:38:32: [31m[nodemon] app crashed - waiting for file changes before starting...[39m
2025-04-04 00:38:33: 
2025-04-04 00:38:33: > service_provider@1.0.0 dev
2025-04-04 00:38:33: > cross-env NODE_ENV=development nodemon --watch 'src/**/*.ts' --exec 'ts-node' src/index.ts
2025-04-04 00:38:33: 
2025-04-04 00:38:33: [33m[nodemon] 3.1.9[39m
2025-04-04 00:38:33: [33m[nodemon] to restart at any time, enter `rs`[39m
2025-04-04 00:38:33: [33m[nodemon] watching path(s): src/**/*.ts[39m
2025-04-04 00:38:33: [33m[nodemon] watching extensions: ts[39m
2025-04-04 00:38:33: [32m[nodemon] starting `ts-node src/index.ts`[39m
2025-04-04 00:38:37: [31m[nodemon] app crashed - waiting for file changes before starting...[39m
2025-04-04 00:38:37: 
2025-04-04 00:38:37: > service_provider@1.0.0 dev
2025-04-04 00:38:37: > cross-env NODE_ENV=development nodemon --watch 'src/**/*.ts' --exec 'ts-node' src/index.ts
2025-04-04 00:38:37: 
2025-04-04 00:38:37: [33m[nodemon] 3.1.9[39m
2025-04-04 00:38:37: [33m[nodemon] to restart at any time, enter `rs`[39m
2025-04-04 00:38:37: [33m[nodemon] watching path(s): src/**/*.ts[39m
2025-04-04 00:38:37: [33m[nodemon] watching extensions: ts[39m
2025-04-04 00:38:37: [32m[nodemon] starting `ts-node src/index.ts`[39m
2025-04-04 00:38:41: [31m[nodemon] app crashed - waiting for file changes before starting...[39m
2025-04-04 00:38:41: 
2025-04-04 00:38:41: > service_provider@1.0.0 dev
2025-04-04 00:38:41: > cross-env NODE_ENV=development nodemon --watch 'src/**/*.ts' --exec 'ts-node' src/index.ts
2025-04-04 00:38:41: 
2025-04-04 00:38:42: [33m[nodemon] 3.1.9[39m
2025-04-04 00:38:42: [33m[nodemon] to restart at any time, enter `rs`[39m
2025-04-04 00:38:42: [33m[nodemon] watching path(s): src/**/*.ts[39m
2025-04-04 00:38:42: [33m[nodemon] watching extensions: ts[39m
2025-04-04 00:38:42: [32m[nodemon] starting `ts-node src/index.ts`[39m
2025-04-04 00:38:45: [31m[nodemon] app crashed - waiting for file changes before starting...[39m
2025-04-04 00:38:46: 
2025-04-04 00:38:46: > service_provider@1.0.0 dev
2025-04-04 00:38:46: > cross-env NODE_ENV=development nodemon --watch 'src/**/*.ts' --exec 'ts-node' src/index.ts
2025-04-04 00:38:46: 
2025-04-04 00:38:46: [33m[nodemon] 3.1.9[39m
2025-04-04 00:38:46: [33m[nodemon] to restart at any time, enter `rs`[39m
2025-04-04 00:38:46: [33m[nodemon] watching path(s): src/**/*.ts[39m
2025-04-04 00:38:46: [33m[nodemon] watching extensions: ts[39m
2025-04-04 00:38:46: [32m[nodemon] starting `ts-node src/index.ts`[39m
2025-04-04 00:38:50: [31m[nodemon] app crashed - waiting for file changes before starting...[39m
2025-04-04 00:38:50: 
2025-04-04 00:38:50: > service_provider@1.0.0 dev
2025-04-04 00:38:50: > cross-env NODE_ENV=development nodemon --watch 'src/**/*.ts' --exec 'ts-node' src/index.ts
2025-04-04 00:38:50: 
2025-04-04 00:38:50: [33m[nodemon] 3.1.9[39m
2025-04-04 00:38:50: [33m[nodemon] to restart at any time, enter `rs`[39m
2025-04-04 00:38:50: [33m[nodemon] watching path(s): src/**/*.ts[39m
2025-04-04 00:38:50: [33m[nodemon] watching extensions: ts[39m
2025-04-04 00:38:50: [32m[nodemon] starting `ts-node src/index.ts`[39m
2025-04-04 00:38:54: [31m[nodemon] app crashed - waiting for file changes before starting...[39m
2025-04-04 00:38:54: 
2025-04-04 00:38:54: > service_provider@1.0.0 dev
2025-04-04 00:38:54: > cross-env NODE_ENV=development nodemon --watch 'src/**/*.ts' --exec 'ts-node' src/index.ts
2025-04-04 00:38:54: 
2025-04-04 00:38:54: [33m[nodemon] 3.1.9[39m
2025-04-04 00:38:54: [33m[nodemon] to restart at any time, enter `rs`[39m
2025-04-04 00:38:54: [33m[nodemon] watching path(s): src/**/*.ts[39m
2025-04-04 00:38:54: [33m[nodemon] watching extensions: ts[39m
2025-04-04 00:38:54: [32m[nodemon] starting `ts-node src/index.ts`[39m
2025-04-04 00:38:58: [31m[nodemon] app crashed - waiting for file changes before starting...[39m
2025-04-04 00:38:59: 
2025-04-04 00:38:59: > service_provider@1.0.0 dev
2025-04-04 00:38:59: > cross-env NODE_ENV=development nodemon --watch 'src/**/*.ts' --exec 'ts-node' src/index.ts
2025-04-04 00:38:59: 
2025-04-04 00:38:59: [33m[nodemon] 3.1.9[39m
2025-04-04 00:38:59: [33m[nodemon] to restart at any time, enter `rs`[39m
2025-04-04 00:38:59: [33m[nodemon] watching path(s): src/**/*.ts[39m
2025-04-04 00:38:59: [33m[nodemon] watching extensions: ts[39m
2025-04-04 00:38:59: [32m[nodemon] starting `ts-node src/index.ts`[39m
2025-04-04 00:39:03: [31m[nodemon] app crashed - waiting for file changes before starting...[39m
2025-04-04 00:39:03: 
2025-04-04 00:39:03: > service_provider@1.0.0 dev
2025-04-04 00:39:03: > cross-env NODE_ENV=development nodemon --watch 'src/**/*.ts' --exec 'ts-node' src/index.ts
2025-04-04 00:39:03: 
2025-04-04 00:39:03: [33m[nodemon] 3.1.9[39m
2025-04-04 00:39:03: [33m[nodemon] to restart at any time, enter `rs`[39m
2025-04-04 00:39:03: [33m[nodemon] watching path(s): src/**/*.ts[39m
2025-04-04 00:39:03: [33m[nodemon] watching extensions: ts[39m
2025-04-04 00:39:03: [32m[nodemon] starting `ts-node src/index.ts`[39m
2025-04-04 00:39:07: [31m[nodemon] app crashed - waiting for file changes before starting...[39m
2025-04-04 00:39:07: 
2025-04-04 00:39:07: > service_provider@1.0.0 dev
2025-04-04 00:39:07: > cross-env NODE_ENV=development nodemon --watch 'src/**/*.ts' --exec 'ts-node' src/index.ts
2025-04-04 00:39:07: 
2025-04-04 00:39:08: [33m[nodemon] 3.1.9[39m
2025-04-04 00:39:08: [33m[nodemon] to restart at any time, enter `rs`[39m
2025-04-04 00:39:08: [33m[nodemon] watching path(s): src/**/*.ts[39m
2025-04-04 00:39:08: [33m[nodemon] watching extensions: ts[39m
2025-04-04 00:39:08: [32m[nodemon] starting `ts-node src/index.ts`[39m
2025-04-04 00:39:11: [31m[nodemon] app crashed - waiting for file changes before starting...[39m
2025-04-04 00:39:12: 
2025-04-04 00:39:12: > service_provider@1.0.0 dev
2025-04-04 00:39:12: > cross-env NODE_ENV=development nodemon --watch 'src/**/*.ts' --exec 'ts-node' src/index.ts
2025-04-04 00:39:12: 
2025-04-04 00:39:12: [33m[nodemon] 3.1.9[39m
2025-04-04 00:39:12: [33m[nodemon] to restart at any time, enter `rs`[39m
2025-04-04 00:39:12: [33m[nodemon] watching path(s): src/**/*.ts[39m
2025-04-04 00:39:12: [33m[nodemon] watching extensions: ts[39m
2025-04-04 00:39:12: [32m[nodemon] starting `ts-node src/index.ts`[39m
2025-04-04 00:39:15: [32m[nodemon] restarting due to changes...[39m
2025-04-04 00:39:15: [32m[nodemon] starting `ts-node src/index.ts`[39m
2025-04-04 00:39:15: 
2025-04-04 00:39:15: > service_provider@1.0.0 dev
2025-04-04 00:39:15: > cross-env NODE_ENV=development nodemon --watch 'src/**/*.ts' --exec 'ts-node' src/index.ts
2025-04-04 00:39:15: 
2025-04-04 00:39:15: [33m[nodemon] 3.1.9[39m
2025-04-04 00:39:15: [33m[nodemon] to restart at any time, enter `rs`[39m
2025-04-04 00:39:15: [33m[nodemon] watching path(s): src/**/*.ts[39m
2025-04-04 00:39:15: [33m[nodemon] watching extensions: ts[39m
2025-04-04 00:39:15: [32m[nodemon] starting `ts-node src/index.ts`[39m
2025-04-04 00:39:19: [31m[nodemon] app crashed - waiting for file changes before starting...[39m
2025-04-04 00:39:20: 
2025-04-04 00:39:20: > service_provider@1.0.0 dev
2025-04-04 00:39:20: > cross-env NODE_ENV=development nodemon --watch 'src/**/*.ts' --exec 'ts-node' src/index.ts
2025-04-04 00:39:20: 
2025-04-04 00:39:20: [33m[nodemon] 3.1.9[39m
2025-04-04 00:39:20: [33m[nodemon] to restart at any time, enter `rs`[39m
2025-04-04 00:39:20: [33m[nodemon] watching path(s): src/**/*.ts[39m
2025-04-04 00:39:20: [33m[nodemon] watching extensions: ts[39m
2025-04-04 00:39:20: [32m[nodemon] starting `ts-node src/index.ts`[39m
2025-04-04 00:39:24: [31m[nodemon] app crashed - waiting for file changes before starting...[39m
2025-04-04 00:39:24: 
2025-04-04 00:39:24: > service_provider@1.0.0 dev
2025-04-04 00:39:24: > cross-env NODE_ENV=development nodemon --watch 'src/**/*.ts' --exec 'ts-node' src/index.ts
2025-04-04 00:39:24: 
2025-04-04 00:39:24: [33m[nodemon] 3.1.9[39m
2025-04-04 00:39:24: [33m[nodemon] to restart at any time, enter `rs`[39m
2025-04-04 00:39:24: [33m[nodemon] watching path(s): src/**/*.ts[39m
2025-04-04 00:39:24: [33m[nodemon] watching extensions: ts[39m
2025-04-04 00:39:24: [32m[nodemon] starting `ts-node src/index.ts`[39m
2025-04-04 00:39:28: [31m[nodemon] app crashed - waiting for file changes before starting...[39m
2025-04-04 00:39:28: 
2025-04-04 00:39:28: > service_provider@1.0.0 dev
2025-04-04 00:39:28: > cross-env NODE_ENV=development nodemon --watch 'src/**/*.ts' --exec 'ts-node' src/index.ts
2025-04-04 00:39:28: 
2025-04-04 00:39:28: [33m[nodemon] 3.1.9[39m
2025-04-04 00:39:28: [33m[nodemon] to restart at any time, enter `rs`[39m
2025-04-04 00:39:28: [33m[nodemon] watching path(s): src/**/*.ts[39m
2025-04-04 00:39:28: [33m[nodemon] watching extensions: ts[39m
2025-04-04 00:39:28: [32m[nodemon] starting `ts-node src/index.ts`[39m
2025-04-04 00:39:32: [31m[nodemon] app crashed - waiting for file changes before starting...[39m
2025-04-04 00:39:33: 
2025-04-04 00:39:33: > service_provider@1.0.0 dev
2025-04-04 00:39:33: > cross-env NODE_ENV=development nodemon --watch 'src/**/*.ts' --exec 'ts-node' src/index.ts
2025-04-04 00:39:33: 
2025-04-04 00:39:33: [33m[nodemon] 3.1.9[39m
2025-04-04 00:39:33: [33m[nodemon] to restart at any time, enter `rs`[39m
2025-04-04 00:39:33: [33m[nodemon] watching path(s): src/**/*.ts[39m
2025-04-04 00:39:33: [33m[nodemon] watching extensions: ts[39m
2025-04-04 00:39:33: [32m[nodemon] starting `ts-node src/index.ts`[39m
2025-04-04 00:39:37: [31m[nodemon] app crashed - waiting for file changes before starting...[39m
2025-04-04 00:39:37: 
2025-04-04 00:39:37: > service_provider@1.0.0 dev
2025-04-04 00:39:37: > cross-env NODE_ENV=development nodemon --watch 'src/**/*.ts' --exec 'ts-node' src/index.ts
2025-04-04 00:39:37: 
2025-04-04 00:39:37: [33m[nodemon] 3.1.9[39m
2025-04-04 00:39:37: [33m[nodemon] to restart at any time, enter `rs`[39m
2025-04-04 00:39:37: [33m[nodemon] watching path(s): src/**/*.ts[39m
2025-04-04 00:39:37: [33m[nodemon] watching extensions: ts[39m
2025-04-04 00:39:37: [32m[nodemon] starting `ts-node src/index.ts`[39m
2025-04-04 00:39:41: [31m[nodemon] app crashed - waiting for file changes before starting...[39m
2025-04-04 00:39:42: 
2025-04-04 00:39:42: > service_provider@1.0.0 dev
2025-04-04 00:39:42: > cross-env NODE_ENV=development nodemon --watch 'src/**/*.ts' --exec 'ts-node' src/index.ts
2025-04-04 00:39:42: 
2025-04-04 00:39:42: [33m[nodemon] 3.1.9[39m
2025-04-04 00:39:42: [33m[nodemon] to restart at any time, enter `rs`[39m
2025-04-04 00:39:42: [33m[nodemon] watching path(s): src/**/*.ts[39m
2025-04-04 00:39:42: [33m[nodemon] watching extensions: ts[39m
2025-04-04 00:39:42: [32m[nodemon] starting `ts-node src/index.ts`[39m
2025-04-04 00:39:46: [31m[nodemon] app crashed - waiting for file changes before starting...[39m
2025-04-04 00:39:46: 
2025-04-04 00:39:46: > service_provider@1.0.0 dev
2025-04-04 00:39:46: > cross-env NODE_ENV=development nodemon --watch 'src/**/*.ts' --exec 'ts-node' src/index.ts
2025-04-04 00:39:46: 
2025-04-04 00:39:46: [33m[nodemon] 3.1.9[39m
2025-04-04 00:39:46: [33m[nodemon] to restart at any time, enter `rs`[39m
2025-04-04 00:39:46: [33m[nodemon] watching path(s): src/**/*.ts[39m
2025-04-04 00:39:46: [33m[nodemon] watching extensions: ts[39m
2025-04-04 00:39:46: [32m[nodemon] starting `ts-node src/index.ts`[39m
2025-04-04 00:39:50: [31m[nodemon] app crashed - waiting for file changes before starting...[39m
2025-04-04 00:39:51: 
2025-04-04 00:39:51: > service_provider@1.0.0 dev
2025-04-04 00:39:51: > cross-env NODE_ENV=development nodemon --watch 'src/**/*.ts' --exec 'ts-node' src/index.ts
2025-04-04 00:39:51: 
2025-04-04 00:39:51: [33m[nodemon] 3.1.9[39m
2025-04-04 00:39:51: [33m[nodemon] to restart at any time, enter `rs`[39m
2025-04-04 00:39:51: [33m[nodemon] watching path(s): src/**/*.ts[39m
2025-04-04 00:39:51: [33m[nodemon] watching extensions: ts[39m
2025-04-04 00:39:51: [32m[nodemon] starting `ts-node src/index.ts`[39m
2025-04-04 00:39:55: [31m[nodemon] app crashed - waiting for file changes before starting...[39m
2025-04-04 00:39:55: 
2025-04-04 00:39:55: > service_provider@1.0.0 dev
2025-04-04 00:39:55: > cross-env NODE_ENV=development nodemon --watch 'src/**/*.ts' --exec 'ts-node' src/index.ts
2025-04-04 00:39:55: 
2025-04-04 00:39:55: [33m[nodemon] 3.1.9[39m
2025-04-04 00:39:55: [33m[nodemon] to restart at any time, enter `rs`[39m
2025-04-04 00:39:55: [33m[nodemon] watching path(s): src/**/*.ts[39m
2025-04-04 00:39:55: [33m[nodemon] watching extensions: ts[39m
2025-04-04 00:39:55: [32m[nodemon] starting `ts-node src/index.ts`[39m
2025-04-04 00:39:59: [31m[nodemon] app crashed - waiting for file changes before starting...[39m
2025-04-04 00:39:59: 
2025-04-04 00:39:59: > service_provider@1.0.0 dev
2025-04-04 00:39:59: > cross-env NODE_ENV=development nodemon --watch 'src/**/*.ts' --exec 'ts-node' src/index.ts
2025-04-04 00:39:59: 
2025-04-04 00:40:00: [33m[nodemon] 3.1.9[39m
2025-04-04 00:40:00: [33m[nodemon] to restart at any time, enter `rs`[39m
2025-04-04 00:40:00: [33m[nodemon] watching path(s): src/**/*.ts[39m
2025-04-04 00:40:00: [33m[nodemon] watching extensions: ts[39m
2025-04-04 00:40:00: [32m[nodemon] starting `ts-node src/index.ts`[39m
2025-04-04 00:40:03: [31m[nodemon] app crashed - waiting for file changes before starting...[39m
2025-04-04 00:40:04: 
2025-04-04 00:40:04: > service_provider@1.0.0 dev
2025-04-04 00:40:04: > cross-env NODE_ENV=development nodemon --watch 'src/**/*.ts' --exec 'ts-node' src/index.ts
2025-04-04 00:40:04: 
2025-04-04 00:40:04: 
2025-04-04 00:40:04: > service_provider@1.0.0 dev
2025-04-04 00:40:04: > cross-env NODE_ENV=development nodemon --watch 'src/**/*.ts' --exec 'ts-node' src/index.ts
2025-04-04 00:40:04: 
2025-04-04 00:40:04: [33m[nodemon] 3.1.9[39m
2025-04-04 00:40:04: [33m[nodemon] to restart at any time, enter `rs`[39m
2025-04-04 00:40:04: [33m[nodemon] watching path(s): src/**/*.ts[39m
2025-04-04 00:40:04: [33m[nodemon] watching extensions: ts[39m
2025-04-04 00:40:04: [32m[nodemon] starting `ts-node src/index.ts`[39m
2025-04-04 00:40:08: [31m[nodemon] app crashed - waiting for file changes before starting...[39m
2025-04-04 00:40:09: 
2025-04-04 00:40:09: > service_provider@1.0.0 dev
2025-04-04 00:40:09: > cross-env NODE_ENV=development nodemon --watch 'src/**/*.ts' --exec 'ts-node' src/index.ts
2025-04-04 00:40:09: 
2025-04-04 00:40:09: [33m[nodemon] 3.1.9[39m
2025-04-04 00:40:09: [33m[nodemon] to restart at any time, enter `rs`[39m
2025-04-04 00:40:09: [33m[nodemon] watching path(s): src/**/*.ts[39m
2025-04-04 00:40:09: [33m[nodemon] watching extensions: ts[39m
2025-04-04 00:40:09: [32m[nodemon] starting `ts-node src/index.ts`[39m
2025-04-04 00:40:13: [31m[nodemon] app crashed - waiting for file changes before starting...[39m
2025-04-04 00:40:13: 
2025-04-04 00:40:13: > service_provider@1.0.0 dev
2025-04-04 00:40:13: > cross-env NODE_ENV=development nodemon --watch 'src/**/*.ts' --exec 'ts-node' src/index.ts
2025-04-04 00:40:13: 
2025-04-04 00:40:13: [33m[nodemon] 3.1.9[39m
2025-04-04 00:40:13: [33m[nodemon] to restart at any time, enter `rs`[39m
2025-04-04 00:40:13: [33m[nodemon] watching path(s): src/**/*.ts[39m
2025-04-04 00:40:13: [33m[nodemon] watching extensions: ts[39m
2025-04-04 00:40:13: [32m[nodemon] starting `ts-node src/index.ts`[39m
2025-04-04 00:40:17: [31m[nodemon] app crashed - waiting for file changes before starting...[39m
2025-04-04 00:40:17: 
2025-04-04 00:40:17: > service_provider@1.0.0 dev
2025-04-04 00:40:17: > cross-env NODE_ENV=development nodemon --watch 'src/**/*.ts' --exec 'ts-node' src/index.ts
2025-04-04 00:40:17: 
2025-04-04 00:40:18: [33m[nodemon] 3.1.9[39m
2025-04-04 00:40:18: [33m[nodemon] to restart at any time, enter `rs`[39m
2025-04-04 00:40:18: [33m[nodemon] watching path(s): src/**/*.ts[39m
2025-04-04 00:40:18: [33m[nodemon] watching extensions: ts[39m
2025-04-04 00:40:18: [32m[nodemon] starting `ts-node src/index.ts`[39m
2025-04-04 00:40:21: [31m[nodemon] app crashed - waiting for file changes before starting...[39m
2025-04-04 00:40:22: 
2025-04-04 00:40:22: > service_provider@1.0.0 dev
2025-04-04 00:40:22: > cross-env NODE_ENV=development nodemon --watch 'src/**/*.ts' --exec 'ts-node' src/index.ts
2025-04-04 00:40:22: 
2025-04-04 00:40:22: [33m[nodemon] 3.1.9[39m
2025-04-04 00:40:22: [33m[nodemon] to restart at any time, enter `rs`[39m
2025-04-04 00:40:22: [33m[nodemon] watching path(s): src/**/*.ts[39m
2025-04-04 00:40:22: [33m[nodemon] watching extensions: ts[39m
2025-04-04 00:40:22: [32m[nodemon] starting `ts-node src/index.ts`[39m
2025-04-04 00:40:26: [31m[nodemon] app crashed - waiting for file changes before starting...[39m
2025-04-04 00:40:26: 
2025-04-04 00:40:26: > service_provider@1.0.0 dev
2025-04-04 00:40:26: > cross-env NODE_ENV=development nodemon --watch 'src/**/*.ts' --exec 'ts-node' src/index.ts
2025-04-04 00:40:26: 
2025-04-04 00:40:26: [33m[nodemon] 3.1.9[39m
2025-04-04 00:40:26: [33m[nodemon] to restart at any time, enter `rs`[39m
2025-04-04 00:40:26: [33m[nodemon] watching path(s): src/**/*.ts[39m
2025-04-04 00:40:26: [33m[nodemon] watching extensions: ts[39m
2025-04-04 00:40:26: [32m[nodemon] starting `ts-node src/index.ts`[39m
2025-04-04 00:40:31: [31m[nodemon] app crashed - waiting for file changes before starting...[39m
2025-04-04 00:40:31: 
2025-04-04 00:40:31: > service_provider@1.0.0 dev
2025-04-04 00:40:31: > cross-env NODE_ENV=development nodemon --watch 'src/**/*.ts' --exec 'ts-node' src/index.ts
2025-04-04 00:40:31: 
2025-04-04 00:40:32: [33m[nodemon] 3.1.9[39m
2025-04-04 00:40:32: [33m[nodemon] to restart at any time, enter `rs`[39m
2025-04-04 00:40:32: [33m[nodemon] watching path(s): src/**/*.ts[39m
2025-04-04 00:40:32: [33m[nodemon] watching extensions: ts[39m
2025-04-04 00:40:32: [32m[nodemon] starting `ts-node src/index.ts`[39m
2025-04-04 00:40:33: [32m[nodemon] restarting due to changes...[39m
2025-04-04 00:40:33: [32m[nodemon] starting `ts-node src/index.ts`[39m
2025-04-04 00:40:34: 
2025-04-04 00:40:34: > service_provider@1.0.0 dev
2025-04-04 00:40:34: > cross-env NODE_ENV=development nodemon --watch 'src/**/*.ts' --exec 'ts-node' src/index.ts
2025-04-04 00:40:34: 
2025-04-04 00:40:34: [33m[nodemon] 3.1.9[39m
2025-04-04 00:40:34: [33m[nodemon] to restart at any time, enter `rs`[39m
2025-04-04 00:40:34: [33m[nodemon] watching path(s): src/**/*.ts[39m
2025-04-04 00:40:34: [33m[nodemon] watching extensions: ts[39m
2025-04-04 00:40:34: [32m[nodemon] starting `ts-node src/index.ts`[39m
2025-04-04 00:40:38: [31m[nodemon] app crashed - waiting for file changes before starting...[39m
2025-04-04 00:40:39: 
2025-04-04 00:40:39: > service_provider@1.0.0 dev
2025-04-04 00:40:39: > cross-env NODE_ENV=development nodemon --watch 'src/**/*.ts' --exec 'ts-node' src/index.ts
2025-04-04 00:40:39: 
2025-04-04 00:40:39: [33m[nodemon] 3.1.9[39m
2025-04-04 00:40:39: [33m[nodemon] to restart at any time, enter `rs`[39m
2025-04-04 00:40:39: [33m[nodemon] watching path(s): src/**/*.ts[39m
2025-04-04 00:40:39: [33m[nodemon] watching extensions: ts[39m
2025-04-04 00:40:39: [32m[nodemon] starting `ts-node src/index.ts`[39m
2025-04-04 00:40:43: [31m[nodemon] app crashed - waiting for file changes before starting...[39m
2025-04-04 00:40:44: 
2025-04-04 00:40:44: > service_provider@1.0.0 dev
2025-04-04 00:40:44: > cross-env NODE_ENV=development nodemon --watch 'src/**/*.ts' --exec 'ts-node' src/index.ts
2025-04-04 00:40:44: 
2025-04-04 00:40:44: [33m[nodemon] 3.1.9[39m
2025-04-04 00:40:44: [33m[nodemon] to restart at any time, enter `rs`[39m
2025-04-04 00:40:44: [33m[nodemon] watching path(s): src/**/*.ts[39m
2025-04-04 00:40:44: [33m[nodemon] watching extensions: ts[39m
2025-04-04 00:40:44: [32m[nodemon] starting `ts-node src/index.ts`[39m
2025-04-04 00:40:48: [31m[nodemon] app crashed - waiting for file changes before starting...[39m
2025-04-04 00:40:49: 
2025-04-04 00:40:49: > service_provider@1.0.0 dev
2025-04-04 00:40:49: > cross-env NODE_ENV=development nodemon --watch 'src/**/*.ts' --exec 'ts-node' src/index.ts
2025-04-04 00:40:49: 
2025-04-04 00:40:49: [33m[nodemon] 3.1.9[39m
2025-04-04 00:40:49: [33m[nodemon] to restart at any time, enter `rs`[39m
2025-04-04 00:40:49: [33m[nodemon] watching path(s): src/**/*.ts[39m
2025-04-04 00:40:49: [33m[nodemon] watching extensions: ts[39m
2025-04-04 00:40:49: [32m[nodemon] starting `ts-node src/index.ts`[39m
2025-04-04 00:40:53: [31m[nodemon] app crashed - waiting for file changes before starting...[39m
2025-04-04 00:40:53: 
2025-04-04 00:40:53: > service_provider@1.0.0 dev
2025-04-04 00:40:53: > cross-env NODE_ENV=development nodemon --watch 'src/**/*.ts' --exec 'ts-node' src/index.ts
2025-04-04 00:40:53: 
2025-04-04 00:40:53: [33m[nodemon] 3.1.9[39m
2025-04-04 00:40:53: [33m[nodemon] to restart at any time, enter `rs`[39m
2025-04-04 00:40:53: [33m[nodemon] watching path(s): src/**/*.ts[39m
2025-04-04 00:40:53: [33m[nodemon] watching extensions: ts[39m
2025-04-04 00:40:53: [32m[nodemon] starting `ts-node src/index.ts`[39m
2025-04-04 00:40:57: [31m[nodemon] app crashed - waiting for file changes before starting...[39m
2025-04-04 00:40:58: 
2025-04-04 00:40:58: > service_provider@1.0.0 dev
2025-04-04 00:40:58: > cross-env NODE_ENV=development nodemon --watch 'src/**/*.ts' --exec 'ts-node' src/index.ts
2025-04-04 00:40:58: 
2025-04-04 00:40:58: [33m[nodemon] 3.1.9[39m
2025-04-04 00:40:58: [33m[nodemon] to restart at any time, enter `rs`[39m
2025-04-04 00:40:58: [33m[nodemon] watching path(s): src/**/*.ts[39m
2025-04-04 00:40:58: [33m[nodemon] watching extensions: ts[39m
2025-04-04 00:40:58: [32m[nodemon] starting `ts-node src/index.ts`[39m
2025-04-04 00:41:02: [31m[nodemon] app crashed - waiting for file changes before starting...[39m
2025-04-04 00:41:02: 
2025-04-04 00:41:02: > service_provider@1.0.0 dev
2025-04-04 00:41:02: > cross-env NODE_ENV=development nodemon --watch 'src/**/*.ts' --exec 'ts-node' src/index.ts
2025-04-04 00:41:02: 
2025-04-04 00:41:03: [33m[nodemon] 3.1.9[39m
2025-04-04 00:41:03: [33m[nodemon] to restart at any time, enter `rs`[39m
2025-04-04 00:41:03: [33m[nodemon] watching path(s): src/**/*.ts[39m
2025-04-04 00:41:03: [33m[nodemon] watching extensions: ts[39m
2025-04-04 00:41:03: [32m[nodemon] starting `ts-node src/index.ts`[39m
2025-04-04 00:41:03: 
2025-04-04 00:41:03: > service_provider@1.0.0 dev
2025-04-04 00:41:03: > cross-env NODE_ENV=development nodemon --watch 'src/**/*.ts' --exec 'ts-node' src/index.ts
2025-04-04 00:41:03: 
2025-04-04 00:41:03: [33m[nodemon] 3.1.9[39m
2025-04-04 00:41:03: [33m[nodemon] to restart at any time, enter `rs`[39m
2025-04-04 00:41:03: [33m[nodemon] watching path(s): src/**/*.ts[39m
2025-04-04 00:41:03: [33m[nodemon] watching extensions: ts[39m
2025-04-04 00:41:03: [32m[nodemon] starting `ts-node src/index.ts`[39m
2025-04-04 00:41:08: 
2025-04-04 00:41:08: > service_provider@1.0.0 dev
2025-04-04 00:41:08: > cross-env NODE_ENV=development nodemon --watch 'src/**/*.ts' --exec 'ts-node' src/index.ts
2025-04-04 00:41:08: 
2025-04-04 00:41:08: [33m[nodemon] 3.1.9[39m
2025-04-04 00:41:08: [33m[nodemon] to restart at any time, enter `rs`[39m
2025-04-04 00:41:08: [33m[nodemon] watching path(s): src/**/*.ts[39m
2025-04-04 00:41:08: [33m[nodemon] watching extensions: ts[39m
2025-04-04 00:41:08: [32m[nodemon] starting `ts-node src/index.ts`[39m
2025-04-04 00:41:12: [31m[nodemon] app crashed - waiting for file changes before starting...[39m
2025-04-04 00:41:12: 
2025-04-04 00:41:12: > service_provider@1.0.0 dev
2025-04-04 00:41:12: > cross-env NODE_ENV=development nodemon --watch 'src/**/*.ts' --exec 'ts-node' src/index.ts
2025-04-04 00:41:12: 
2025-04-04 00:41:12: [33m[nodemon] 3.1.9[39m
2025-04-04 00:41:12: [33m[nodemon] to restart at any time, enter `rs`[39m
2025-04-04 00:41:12: [33m[nodemon] watching path(s): src/**/*.ts[39m
2025-04-04 00:41:12: [33m[nodemon] watching extensions: ts[39m
2025-04-04 00:41:12: [32m[nodemon] starting `ts-node src/index.ts`[39m
2025-04-04 00:41:16: [31m[nodemon] app crashed - waiting for file changes before starting...[39m
2025-04-04 00:41:17: 
2025-04-04 00:41:17: > service_provider@1.0.0 dev
2025-04-04 00:41:17: > cross-env NODE_ENV=development nodemon --watch 'src/**/*.ts' --exec 'ts-node' src/index.ts
2025-04-04 00:41:17: 
2025-04-04 00:41:17: [33m[nodemon] 3.1.9[39m
2025-04-04 00:41:17: [33m[nodemon] to restart at any time, enter `rs`[39m
2025-04-04 00:41:17: [33m[nodemon] watching path(s): src/**/*.ts[39m
2025-04-04 00:41:17: [33m[nodemon] watching extensions: ts[39m
2025-04-04 00:41:17: [32m[nodemon] starting `ts-node src/index.ts`[39m
2025-04-04 00:41:21: [31m[nodemon] app crashed - waiting for file changes before starting...[39m
2025-04-04 00:41:21: 
2025-04-04 00:41:21: > service_provider@1.0.0 dev
2025-04-04 00:41:21: > cross-env NODE_ENV=development nodemon --watch 'src/**/*.ts' --exec 'ts-node' src/index.ts
2025-04-04 00:41:21: 
2025-04-04 00:41:21: [33m[nodemon] 3.1.9[39m
2025-04-04 00:41:21: [33m[nodemon] to restart at any time, enter `rs`[39m
2025-04-04 00:41:21: [33m[nodemon] watching path(s): src/**/*.ts[39m
2025-04-04 00:41:21: [33m[nodemon] watching extensions: ts[39m
2025-04-04 00:41:21: [32m[nodemon] starting `ts-node src/index.ts`[39m
2025-04-04 00:41:25: [31m[nodemon] app crashed - waiting for file changes before starting...[39m
2025-04-04 00:41:26: 
2025-04-04 00:41:26: > service_provider@1.0.0 dev
2025-04-04 00:41:26: > cross-env NODE_ENV=development nodemon --watch 'src/**/*.ts' --exec 'ts-node' src/index.ts
2025-04-04 00:41:26: 
2025-04-04 00:41:26: [33m[nodemon] 3.1.9[39m
2025-04-04 00:41:26: [33m[nodemon] to restart at any time, enter `rs`[39m
2025-04-04 00:41:26: [33m[nodemon] watching path(s): src/**/*.ts[39m
2025-04-04 00:41:26: [33m[nodemon] watching extensions: ts[39m
2025-04-04 00:41:26: [32m[nodemon] starting `ts-node src/index.ts`[39m
2025-04-04 00:41:30: [31m[nodemon] app crashed - waiting for file changes before starting...[39m
2025-04-04 00:41:30: 
2025-04-04 00:41:30: > service_provider@1.0.0 dev
2025-04-04 00:41:30: > cross-env NODE_ENV=development nodemon --watch 'src/**/*.ts' --exec 'ts-node' src/index.ts
2025-04-04 00:41:30: 
2025-04-04 00:41:30: [33m[nodemon] 3.1.9[39m
2025-04-04 00:41:30: [33m[nodemon] to restart at any time, enter `rs`[39m
2025-04-04 00:41:30: [33m[nodemon] watching path(s): src/**/*.ts[39m
2025-04-04 00:41:30: [33m[nodemon] watching extensions: ts[39m
2025-04-04 00:41:30: [32m[nodemon] starting `ts-node src/index.ts`[39m
2025-04-04 00:41:32: [32m[nodemon] restarting due to changes...[39m
2025-04-04 00:41:32: [32m[nodemon] starting `ts-node src/index.ts`[39m
2025-04-04 00:41:32: 
2025-04-04 00:41:32: > service_provider@1.0.0 dev
2025-04-04 00:41:32: > cross-env NODE_ENV=development nodemon --watch 'src/**/*.ts' --exec 'ts-node' src/index.ts
2025-04-04 00:41:32: 
2025-04-04 00:41:33: [33m[nodemon] 3.1.9[39m
2025-04-04 00:41:33: [33m[nodemon] to restart at any time, enter `rs`[39m
2025-04-04 00:41:33: [33m[nodemon] watching path(s): src/**/*.ts[39m
2025-04-04 00:41:33: [33m[nodemon] watching extensions: ts[39m
2025-04-04 00:41:33: [32m[nodemon] starting `ts-node src/index.ts`[39m
2025-04-04 00:41:37: [31m[nodemon] app crashed - waiting for file changes before starting...[39m
2025-04-04 00:41:37: 
2025-04-04 00:41:37: > service_provider@1.0.0 dev
2025-04-04 00:41:37: > cross-env NODE_ENV=development nodemon --watch 'src/**/*.ts' --exec 'ts-node' src/index.ts
2025-04-04 00:41:37: 
2025-04-04 00:41:37: [33m[nodemon] 3.1.9[39m
2025-04-04 00:41:37: [33m[nodemon] to restart at any time, enter `rs`[39m
2025-04-04 00:41:37: [33m[nodemon] watching path(s): src/**/*.ts[39m
2025-04-04 00:41:37: [33m[nodemon] watching extensions: ts[39m
2025-04-04 00:41:37: [32m[nodemon] starting `ts-node src/index.ts`[39m
2025-04-04 00:41:41: [31m[nodemon] app crashed - waiting for file changes before starting...[39m
2025-04-04 00:41:41: 
2025-04-04 00:41:41: > service_provider@1.0.0 dev
2025-04-04 00:41:41: > cross-env NODE_ENV=development nodemon --watch 'src/**/*.ts' --exec 'ts-node' src/index.ts
2025-04-04 00:41:41: 
2025-04-04 00:41:41: [33m[nodemon] 3.1.9[39m
2025-04-04 00:41:41: [33m[nodemon] to restart at any time, enter `rs`[39m
2025-04-04 00:41:41: [33m[nodemon] watching path(s): src/**/*.ts[39m
2025-04-04 00:41:41: [33m[nodemon] watching extensions: ts[39m
2025-04-04 00:41:41: [32m[nodemon] starting `ts-node src/index.ts`[39m
2025-04-04 00:41:42: [32m[nodemon] restarting due to changes...[39m
2025-04-04 00:41:42: [32m[nodemon] starting `ts-node src/index.ts`[39m
2025-04-04 00:41:42: 
2025-04-04 00:41:42: > service_provider@1.0.0 dev
2025-04-04 00:41:42: > cross-env NODE_ENV=development nodemon --watch 'src/**/*.ts' --exec 'ts-node' src/index.ts
2025-04-04 00:41:42: 
2025-04-04 00:41:42: [33m[nodemon] 3.1.9[39m
2025-04-04 00:41:42: [33m[nodemon] to restart at any time, enter `rs`[39m
2025-04-04 00:41:42: [33m[nodemon] watching path(s): src/**/*.ts[39m
2025-04-04 00:41:42: [33m[nodemon] watching extensions: ts[39m
2025-04-04 00:41:42: [32m[nodemon] starting `ts-node src/index.ts`[39m
2025-04-04 00:41:46: [31m[nodemon] app crashed - waiting for file changes before starting...[39m
2025-04-04 00:41:46: 
2025-04-04 00:41:46: > service_provider@1.0.0 dev
2025-04-04 00:41:46: > cross-env NODE_ENV=development nodemon --watch 'src/**/*.ts' --exec 'ts-node' src/index.ts
2025-04-04 00:41:46: 
2025-04-04 00:41:47: [33m[nodemon] 3.1.9[39m
2025-04-04 00:41:47: [33m[nodemon] to restart at any time, enter `rs`[39m
2025-04-04 00:41:47: [33m[nodemon] watching path(s): src/**/*.ts[39m
2025-04-04 00:41:47: [33m[nodemon] watching extensions: ts[39m
2025-04-04 00:41:47: [32m[nodemon] starting `ts-node src/index.ts`[39m
2025-04-04 00:41:50: [31m[nodemon] app crashed - waiting for file changes before starting...[39m
2025-04-04 00:41:51: 
2025-04-04 00:41:51: > service_provider@1.0.0 dev
2025-04-04 00:41:51: > cross-env NODE_ENV=development nodemon --watch 'src/**/*.ts' --exec 'ts-node' src/index.ts
2025-04-04 00:41:51: 
2025-04-04 00:41:51: [33m[nodemon] 3.1.9[39m
2025-04-04 00:41:51: [33m[nodemon] to restart at any time, enter `rs`[39m
2025-04-04 00:41:51: [33m[nodemon] watching path(s): src/**/*.ts[39m
2025-04-04 00:41:51: [33m[nodemon] watching extensions: ts[39m
2025-04-04 00:41:51: [32m[nodemon] starting `ts-node src/index.ts`[39m
2025-04-04 00:41:55: [31m[nodemon] app crashed - waiting for file changes before starting...[39m
2025-04-04 00:41:55: 
2025-04-04 00:41:55: > service_provider@1.0.0 dev
2025-04-04 00:41:55: > cross-env NODE_ENV=development nodemon --watch 'src/**/*.ts' --exec 'ts-node' src/index.ts
2025-04-04 00:41:55: 
2025-04-04 00:41:55: [33m[nodemon] 3.1.9[39m
2025-04-04 00:41:55: [33m[nodemon] to restart at any time, enter `rs`[39m
2025-04-04 00:41:55: [33m[nodemon] watching path(s): src/**/*.ts[39m
2025-04-04 00:41:55: [33m[nodemon] watching extensions: ts[39m
2025-04-04 00:41:55: [32m[nodemon] starting `ts-node src/index.ts`[39m
2025-04-04 00:41:59: [31m[nodemon] app crashed - waiting for file changes before starting...[39m
2025-04-04 00:42:00: 
2025-04-04 00:42:00: > service_provider@1.0.0 dev
2025-04-04 00:42:00: > cross-env NODE_ENV=development nodemon --watch 'src/**/*.ts' --exec 'ts-node' src/index.ts
2025-04-04 00:42:00: 
2025-04-04 00:42:00: [33m[nodemon] 3.1.9[39m
2025-04-04 00:42:00: [33m[nodemon] to restart at any time, enter `rs`[39m
2025-04-04 00:42:00: [33m[nodemon] watching path(s): src/**/*.ts[39m
2025-04-04 00:42:00: [33m[nodemon] watching extensions: ts[39m
2025-04-04 00:42:00: [32m[nodemon] starting `ts-node src/index.ts`[39m
2025-04-04 00:42:04: [31m[nodemon] app crashed - waiting for file changes before starting...[39m
2025-04-04 00:42:04: 
2025-04-04 00:42:04: > service_provider@1.0.0 dev
2025-04-04 00:42:04: > cross-env NODE_ENV=development nodemon --watch 'src/**/*.ts' --exec 'ts-node' src/index.ts
2025-04-04 00:42:04: 
2025-04-04 00:42:04: [33m[nodemon] 3.1.9[39m
2025-04-04 00:42:04: [33m[nodemon] to restart at any time, enter `rs`[39m
2025-04-04 00:42:04: [33m[nodemon] watching path(s): src/**/*.ts[39m
2025-04-04 00:42:04: [33m[nodemon] watching extensions: ts[39m
2025-04-04 00:42:04: [32m[nodemon] starting `ts-node src/index.ts`[39m
2025-04-04 00:42:08: [31m[nodemon] app crashed - waiting for file changes before starting...[39m
2025-04-04 00:42:08: 
2025-04-04 00:42:08: > service_provider@1.0.0 dev
2025-04-04 00:42:08: > cross-env NODE_ENV=development nodemon --watch 'src/**/*.ts' --exec 'ts-node' src/index.ts
2025-04-04 00:42:08: 
2025-04-04 00:42:09: [33m[nodemon] 3.1.9[39m
2025-04-04 00:42:09: [33m[nodemon] to restart at any time, enter `rs`[39m
2025-04-04 00:42:09: [33m[nodemon] watching path(s): src/**/*.ts[39m
2025-04-04 00:42:09: [33m[nodemon] watching extensions: ts[39m
2025-04-04 00:42:09: [32m[nodemon] starting `ts-node src/index.ts`[39m
2025-04-04 00:42:13: [31m[nodemon] app crashed - waiting for file changes before starting...[39m
2025-04-04 00:42:13: 
2025-04-04 00:42:13: > service_provider@1.0.0 dev
2025-04-04 00:42:13: > cross-env NODE_ENV=development nodemon --watch 'src/**/*.ts' --exec 'ts-node' src/index.ts
2025-04-04 00:42:13: 
2025-04-04 00:42:13: [33m[nodemon] 3.1.9[39m
2025-04-04 00:42:13: [33m[nodemon] to restart at any time, enter `rs`[39m
2025-04-04 00:42:13: [33m[nodemon] watching path(s): src/**/*.ts[39m
2025-04-04 00:42:13: [33m[nodemon] watching extensions: ts[39m
2025-04-04 00:42:13: [32m[nodemon] starting `ts-node src/index.ts`[39m
2025-04-04 00:42:17: [31m[nodemon] app crashed - waiting for file changes before starting...[39m
2025-04-04 00:42:17: 
2025-04-04 00:42:17: > service_provider@1.0.0 dev
2025-04-04 00:42:17: > cross-env NODE_ENV=development nodemon --watch 'src/**/*.ts' --exec 'ts-node' src/index.ts
2025-04-04 00:42:17: 
2025-04-04 00:42:17: [33m[nodemon] 3.1.9[39m
2025-04-04 00:42:17: [33m[nodemon] to restart at any time, enter `rs`[39m
2025-04-04 00:42:17: [33m[nodemon] watching path(s): src/**/*.ts[39m
2025-04-04 00:42:17: [33m[nodemon] watching extensions: ts[39m
2025-04-04 00:42:17: [32m[nodemon] starting `ts-node src/index.ts`[39m
2025-04-04 00:42:21: [31m[nodemon] app crashed - waiting for file changes before starting...[39m
2025-04-04 00:42:22: 
2025-04-04 00:42:22: > service_provider@1.0.0 dev
2025-04-04 00:42:22: > cross-env NODE_ENV=development nodemon --watch 'src/**/*.ts' --exec 'ts-node' src/index.ts
2025-04-04 00:42:22: 
2025-04-04 00:42:22: [33m[nodemon] 3.1.9[39m
2025-04-04 00:42:22: [33m[nodemon] to restart at any time, enter `rs`[39m
2025-04-04 00:42:22: [33m[nodemon] watching path(s): src/**/*.ts[39m
2025-04-04 00:42:22: [33m[nodemon] watching extensions: ts[39m
2025-04-04 00:42:22: [32m[nodemon] starting `ts-node src/index.ts`[39m
2025-04-04 00:42:24: [32m[nodemon] restarting due to changes...[39m
2025-04-04 00:42:24: [32m[nodemon] starting `ts-node src/index.ts`[39m
2025-04-04 00:42:24: 
2025-04-04 00:42:24: > service_provider@1.0.0 dev
2025-04-04 00:42:24: > cross-env NODE_ENV=development nodemon --watch 'src/**/*.ts' --exec 'ts-node' src/index.ts
2025-04-04 00:42:24: 
2025-04-04 00:42:24: [33m[nodemon] 3.1.9[39m
2025-04-04 00:42:24: [33m[nodemon] to restart at any time, enter `rs`[39m
2025-04-04 00:42:24: [33m[nodemon] watching path(s): src/**/*.ts[39m
2025-04-04 00:42:24: [33m[nodemon] watching extensions: ts[39m
2025-04-04 00:42:24: [32m[nodemon] starting `ts-node src/index.ts`[39m
2025-04-04 00:42:28: [31m[nodemon] app crashed - waiting for file changes before starting...[39m
2025-04-04 00:42:29: 
2025-04-04 00:42:29: > service_provider@1.0.0 dev
2025-04-04 00:42:29: > cross-env NODE_ENV=development nodemon --watch 'src/**/*.ts' --exec 'ts-node' src/index.ts
2025-04-04 00:42:29: 
2025-04-04 00:42:29: [33m[nodemon] 3.1.9[39m
2025-04-04 00:42:29: [33m[nodemon] to restart at any time, enter `rs`[39m
2025-04-04 00:42:29: [33m[nodemon] watching path(s): src/**/*.ts[39m
2025-04-04 00:42:29: [33m[nodemon] watching extensions: ts[39m
2025-04-04 00:42:29: [32m[nodemon] starting `ts-node src/index.ts`[39m
2025-04-04 00:42:33: [31m[nodemon] app crashed - waiting for file changes before starting...[39m
2025-04-04 00:42:33: 
2025-04-04 00:42:33: > service_provider@1.0.0 dev
2025-04-04 00:42:33: > cross-env NODE_ENV=development nodemon --watch 'src/**/*.ts' --exec 'ts-node' src/index.ts
2025-04-04 00:42:33: 
2025-04-04 00:42:33: [33m[nodemon] 3.1.9[39m
2025-04-04 00:42:33: [33m[nodemon] to restart at any time, enter `rs`[39m
2025-04-04 00:42:33: [33m[nodemon] watching path(s): src/**/*.ts[39m
2025-04-04 00:42:33: [33m[nodemon] watching extensions: ts[39m
2025-04-04 00:42:33: [32m[nodemon] starting `ts-node src/index.ts`[39m
2025-04-04 00:42:37: [31m[nodemon] app crashed - waiting for file changes before starting...[39m
2025-04-04 00:42:37: 
2025-04-04 00:42:37: > service_provider@1.0.0 dev
2025-04-04 00:42:37: > cross-env NODE_ENV=development nodemon --watch 'src/**/*.ts' --exec 'ts-node' src/index.ts
2025-04-04 00:42:37: 
2025-04-04 00:42:38: [33m[nodemon] 3.1.9[39m
2025-04-04 00:42:38: [33m[nodemon] to restart at any time, enter `rs`[39m
2025-04-04 00:42:38: [33m[nodemon] watching path(s): src/**/*.ts[39m
2025-04-04 00:42:38: [33m[nodemon] watching extensions: ts[39m
2025-04-04 00:42:38: [32m[nodemon] starting `ts-node src/index.ts`[39m
2025-04-04 00:42:42: [31m[nodemon] app crashed - waiting for file changes before starting...[39m
2025-04-04 00:42:42: 
2025-04-04 00:42:42: > service_provider@1.0.0 dev
2025-04-04 00:42:42: > cross-env NODE_ENV=development nodemon --watch 'src/**/*.ts' --exec 'ts-node' src/index.ts
2025-04-04 00:42:42: 
2025-04-04 00:42:42: [33m[nodemon] 3.1.9[39m
2025-04-04 00:42:42: [33m[nodemon] to restart at any time, enter `rs`[39m
2025-04-04 00:42:42: [33m[nodemon] watching path(s): src/**/*.ts[39m
2025-04-04 00:42:42: [33m[nodemon] watching extensions: ts[39m
2025-04-04 00:42:42: [32m[nodemon] starting `ts-node src/index.ts`[39m
2025-04-04 00:42:46: [31m[nodemon] app crashed - waiting for file changes before starting...[39m
2025-04-04 00:42:46: 
2025-04-04 00:42:46: > service_provider@1.0.0 dev
2025-04-04 00:42:46: > cross-env NODE_ENV=development nodemon --watch 'src/**/*.ts' --exec 'ts-node' src/index.ts
2025-04-04 00:42:46: 
2025-04-04 00:42:46: [33m[nodemon] 3.1.9[39m
2025-04-04 00:42:46: [33m[nodemon] to restart at any time, enter `rs`[39m
2025-04-04 00:42:46: [33m[nodemon] watching path(s): src/**/*.ts[39m
2025-04-04 00:42:46: [33m[nodemon] watching extensions: ts[39m
2025-04-04 00:42:46: [32m[nodemon] starting `ts-node src/index.ts`[39m
2025-04-04 00:42:50: [31m[nodemon] app crashed - waiting for file changes before starting...[39m
2025-04-04 00:42:51: 
2025-04-04 00:42:51: > service_provider@1.0.0 dev
2025-04-04 00:42:51: > cross-env NODE_ENV=development nodemon --watch 'src/**/*.ts' --exec 'ts-node' src/index.ts
2025-04-04 00:42:51: 
2025-04-04 00:42:51: [33m[nodemon] 3.1.9[39m
2025-04-04 00:42:51: [33m[nodemon] to restart at any time, enter `rs`[39m
2025-04-04 00:42:51: [33m[nodemon] watching path(s): src/**/*.ts[39m
2025-04-04 00:42:51: [33m[nodemon] watching extensions: ts[39m
2025-04-04 00:42:51: [32m[nodemon] starting `ts-node src/index.ts`[39m
2025-04-04 00:42:55: [31m[nodemon] app crashed - waiting for file changes before starting...[39m
2025-04-04 00:42:55: 
2025-04-04 00:42:55: > service_provider@1.0.0 dev
2025-04-04 00:42:55: > cross-env NODE_ENV=development nodemon --watch 'src/**/*.ts' --exec 'ts-node' src/index.ts
2025-04-04 00:42:55: 
2025-04-04 00:42:55: [33m[nodemon] 3.1.9[39m
2025-04-04 00:42:55: [33m[nodemon] to restart at any time, enter `rs`[39m
2025-04-04 00:42:55: [33m[nodemon] watching path(s): src/**/*.ts[39m
2025-04-04 00:42:55: [33m[nodemon] watching extensions: ts[39m
2025-04-04 00:42:55: [32m[nodemon] starting `ts-node src/index.ts`[39m
2025-04-04 00:42:59: [31m[nodemon] app crashed - waiting for file changes before starting...[39m
2025-04-04 00:43:00: 
2025-04-04 00:43:00: > service_provider@1.0.0 dev
2025-04-04 00:43:00: > cross-env NODE_ENV=development nodemon --watch 'src/**/*.ts' --exec 'ts-node' src/index.ts
2025-04-04 00:43:00: 
2025-04-04 00:43:00: [33m[nodemon] 3.1.9[39m
2025-04-04 00:43:00: [33m[nodemon] to restart at any time, enter `rs`[39m
2025-04-04 00:43:00: [33m[nodemon] watching path(s): src/**/*.ts[39m
2025-04-04 00:43:00: [33m[nodemon] watching extensions: ts[39m
2025-04-04 00:43:00: [32m[nodemon] starting `ts-node src/index.ts`[39m
2025-04-04 00:43:04: [31m[nodemon] app crashed - waiting for file changes before starting...[39m
2025-04-04 00:43:04: 
2025-04-04 00:43:04: > service_provider@1.0.0 dev
2025-04-04 00:43:04: > cross-env NODE_ENV=development nodemon --watch 'src/**/*.ts' --exec 'ts-node' src/index.ts
2025-04-04 00:43:04: 
2025-04-04 00:43:04: [33m[nodemon] 3.1.9[39m
2025-04-04 00:43:04: [33m[nodemon] to restart at any time, enter `rs`[39m
2025-04-04 00:43:04: [33m[nodemon] watching path(s): src/**/*.ts[39m
2025-04-04 00:43:04: [33m[nodemon] watching extensions: ts[39m
2025-04-04 00:43:04: [32m[nodemon] starting `ts-node src/index.ts`[39m
2025-04-04 00:43:08: [31m[nodemon] app crashed - waiting for file changes before starting...[39m
2025-04-04 00:43:08: 
2025-04-04 00:43:08: > service_provider@1.0.0 dev
2025-04-04 00:43:08: > cross-env NODE_ENV=development nodemon --watch 'src/**/*.ts' --exec 'ts-node' src/index.ts
2025-04-04 00:43:08: 
2025-04-04 00:43:08: [33m[nodemon] 3.1.9[39m
2025-04-04 00:43:08: [33m[nodemon] to restart at any time, enter `rs`[39m
2025-04-04 00:43:08: [33m[nodemon] watching path(s): src/**/*.ts[39m
2025-04-04 00:43:08: [33m[nodemon] watching extensions: ts[39m
2025-04-04 00:43:08: [32m[nodemon] starting `ts-node src/index.ts`[39m
2025-04-04 00:43:12: [31m[nodemon] app crashed - waiting for file changes before starting...[39m
2025-04-04 00:43:13: 
2025-04-04 00:43:13: > service_provider@1.0.0 dev
2025-04-04 00:43:13: > cross-env NODE_ENV=development nodemon --watch 'src/**/*.ts' --exec 'ts-node' src/index.ts
2025-04-04 00:43:13: 
2025-04-04 00:43:13: [33m[nodemon] 3.1.9[39m
2025-04-04 00:43:13: [33m[nodemon] to restart at any time, enter `rs`[39m
2025-04-04 00:43:13: [33m[nodemon] watching path(s): src/**/*.ts[39m
2025-04-04 00:43:13: [33m[nodemon] watching extensions: ts[39m
2025-04-04 00:43:13: [32m[nodemon] starting `ts-node src/index.ts`[39m
2025-04-04 00:43:17: [31m[nodemon] app crashed - waiting for file changes before starting...[39m
2025-04-04 00:43:17: 
2025-04-04 00:43:17: > service_provider@1.0.0 dev
2025-04-04 00:43:17: > cross-env NODE_ENV=development nodemon --watch 'src/**/*.ts' --exec 'ts-node' src/index.ts
2025-04-04 00:43:17: 
2025-04-04 00:43:17: [33m[nodemon] 3.1.9[39m
2025-04-04 00:43:17: [33m[nodemon] to restart at any time, enter `rs`[39m
2025-04-04 00:43:17: [33m[nodemon] watching path(s): src/**/*.ts[39m
2025-04-04 00:43:17: [33m[nodemon] watching extensions: ts[39m
2025-04-04 00:43:17: [32m[nodemon] starting `ts-node src/index.ts`[39m
2025-04-04 00:43:21: [31m[nodemon] app crashed - waiting for file changes before starting...[39m
2025-04-04 00:43:21: 
2025-04-04 00:43:21: > service_provider@1.0.0 dev
2025-04-04 00:43:21: > cross-env NODE_ENV=development nodemon --watch 'src/**/*.ts' --exec 'ts-node' src/index.ts
2025-04-04 00:43:21: 
2025-04-04 00:43:22: [33m[nodemon] 3.1.9[39m
2025-04-04 00:43:22: [33m[nodemon] to restart at any time, enter `rs`[39m
2025-04-04 00:43:22: [33m[nodemon] watching path(s): src/**/*.ts[39m
2025-04-04 00:43:22: [33m[nodemon] watching extensions: ts[39m
2025-04-04 00:43:22: [32m[nodemon] starting `ts-node src/index.ts`[39m
2025-04-04 00:43:25: [31m[nodemon] app crashed - waiting for file changes before starting...[39m
2025-04-04 00:43:26: 
2025-04-04 00:43:26: > service_provider@1.0.0 dev
2025-04-04 00:43:26: > cross-env NODE_ENV=development nodemon --watch 'src/**/*.ts' --exec 'ts-node' src/index.ts
2025-04-04 00:43:26: 
2025-04-04 00:43:26: [33m[nodemon] 3.1.9[39m
2025-04-04 00:43:26: [33m[nodemon] to restart at any time, enter `rs`[39m
2025-04-04 00:43:26: [33m[nodemon] watching path(s): src/**/*.ts[39m
2025-04-04 00:43:26: [33m[nodemon] watching extensions: ts[39m
2025-04-04 00:43:26: [32m[nodemon] starting `ts-node src/index.ts`[39m
2025-04-04 00:43:27: [32m[nodemon] restarting due to changes...[39m
2025-04-04 00:43:27: 
2025-04-04 00:43:27: > service_provider@1.0.0 dev
2025-04-04 00:43:27: > cross-env NODE_ENV=development nodemon --watch 'src/**/*.ts' --exec 'ts-node' src/index.ts
2025-04-04 00:43:27: 
2025-04-04 00:43:28: [33m[nodemon] 3.1.9[39m
2025-04-04 00:43:28: [33m[nodemon] to restart at any time, enter `rs`[39m
2025-04-04 00:43:28: [33m[nodemon] watching path(s): src/**/*.ts[39m
2025-04-04 00:43:28: [33m[nodemon] watching extensions: ts[39m
2025-04-04 00:43:28: [32m[nodemon] starting `ts-node src/index.ts`[39m
2025-04-04 00:43:32: [31m[nodemon] app crashed - waiting for file changes before starting...[39m
2025-04-04 00:43:32: 
2025-04-04 00:43:32: > service_provider@1.0.0 dev
2025-04-04 00:43:32: > cross-env NODE_ENV=development nodemon --watch 'src/**/*.ts' --exec 'ts-node' src/index.ts
2025-04-04 00:43:32: 
2025-04-04 00:43:32: [33m[nodemon] 3.1.9[39m
2025-04-04 00:43:32: [33m[nodemon] to restart at any time, enter `rs`[39m
2025-04-04 00:43:32: [33m[nodemon] watching path(s): src/**/*.ts[39m
2025-04-04 00:43:32: [33m[nodemon] watching extensions: ts[39m
2025-04-04 00:43:32: [32m[nodemon] starting `ts-node src/index.ts`[39m
2025-04-04 00:43:36: [31m[nodemon] app crashed - waiting for file changes before starting...[39m
2025-04-04 00:43:36: 
2025-04-04 00:43:36: > service_provider@1.0.0 dev
2025-04-04 00:43:36: > cross-env NODE_ENV=development nodemon --watch 'src/**/*.ts' --exec 'ts-node' src/index.ts
2025-04-04 00:43:36: 
2025-04-04 00:43:36: [33m[nodemon] 3.1.9[39m
2025-04-04 00:43:36: [33m[nodemon] to restart at any time, enter `rs`[39m
2025-04-04 00:43:36: [33m[nodemon] watching path(s): src/**/*.ts[39m
2025-04-04 00:43:36: [33m[nodemon] watching extensions: ts[39m
2025-04-04 00:43:36: [32m[nodemon] starting `ts-node src/index.ts`[39m
2025-04-04 00:43:40: [31m[nodemon] app crashed - waiting for file changes before starting...[39m
2025-04-04 00:43:41: 
2025-04-04 00:43:41: > service_provider@1.0.0 dev
2025-04-04 00:43:41: > cross-env NODE_ENV=development nodemon --watch 'src/**/*.ts' --exec 'ts-node' src/index.ts
2025-04-04 00:43:41: 
2025-04-04 00:43:41: [33m[nodemon] 3.1.9[39m
2025-04-04 00:43:41: [33m[nodemon] to restart at any time, enter `rs`[39m
2025-04-04 00:43:41: [33m[nodemon] watching path(s): src/**/*.ts[39m
2025-04-04 00:43:41: [33m[nodemon] watching extensions: ts[39m
2025-04-04 00:43:41: [32m[nodemon] starting `ts-node src/index.ts`[39m
2025-04-04 00:43:45: [31m[nodemon] app crashed - waiting for file changes before starting...[39m
2025-04-04 00:43:45: 
2025-04-04 00:43:45: > service_provider@1.0.0 dev
2025-04-04 00:43:45: > cross-env NODE_ENV=development nodemon --watch 'src/**/*.ts' --exec 'ts-node' src/index.ts
2025-04-04 00:43:45: 
2025-04-04 00:43:45: [33m[nodemon] 3.1.9[39m
2025-04-04 00:43:45: [33m[nodemon] to restart at any time, enter `rs`[39m
2025-04-04 00:43:45: [33m[nodemon] watching path(s): src/**/*.ts[39m
2025-04-04 00:43:45: [33m[nodemon] watching extensions: ts[39m
2025-04-04 00:43:45: [32m[nodemon] starting `ts-node src/index.ts`[39m
2025-04-04 00:43:49: [31m[nodemon] app crashed - waiting for file changes before starting...[39m
2025-04-04 00:43:49: 
2025-04-04 00:43:49: > service_provider@1.0.0 dev
2025-04-04 00:43:49: > cross-env NODE_ENV=development nodemon --watch 'src/**/*.ts' --exec 'ts-node' src/index.ts
2025-04-04 00:43:49: 
2025-04-04 00:43:50: [33m[nodemon] 3.1.9[39m
2025-04-04 00:43:50: [33m[nodemon] to restart at any time, enter `rs`[39m
2025-04-04 00:43:50: [33m[nodemon] watching path(s): src/**/*.ts[39m
2025-04-04 00:43:50: [33m[nodemon] watching extensions: ts[39m
2025-04-04 00:43:50: [32m[nodemon] starting `ts-node src/index.ts`[39m
2025-04-04 00:43:54: [31m[nodemon] app crashed - waiting for file changes before starting...[39m
2025-04-04 00:43:54: 
2025-04-04 00:43:54: > service_provider@1.0.0 dev
2025-04-04 00:43:54: > cross-env NODE_ENV=development nodemon --watch 'src/**/*.ts' --exec 'ts-node' src/index.ts
2025-04-04 00:43:54: 
2025-04-04 00:43:54: [33m[nodemon] 3.1.9[39m
2025-04-04 00:43:54: [33m[nodemon] to restart at any time, enter `rs`[39m
2025-04-04 00:43:54: [33m[nodemon] watching path(s): src/**/*.ts[39m
2025-04-04 00:43:54: [33m[nodemon] watching extensions: ts[39m
2025-04-04 00:43:54: [32m[nodemon] starting `ts-node src/index.ts`[39m
2025-04-04 00:43:58: [31m[nodemon] app crashed - waiting for file changes before starting...[39m
2025-04-04 00:43:58: 
2025-04-04 00:43:58: > service_provider@1.0.0 dev
2025-04-04 00:43:58: > cross-env NODE_ENV=development nodemon --watch 'src/**/*.ts' --exec 'ts-node' src/index.ts
2025-04-04 00:43:58: 
2025-04-04 00:43:58: [33m[nodemon] 3.1.9[39m
2025-04-04 00:43:58: [33m[nodemon] to restart at any time, enter `rs`[39m
2025-04-04 00:43:58: [33m[nodemon] watching path(s): src/**/*.ts[39m
2025-04-04 00:43:58: [33m[nodemon] watching extensions: ts[39m
2025-04-04 00:43:58: [32m[nodemon] starting `ts-node src/index.ts`[39m
2025-04-04 00:44:02: [31m[nodemon] app crashed - waiting for file changes before starting...[39m
2025-04-04 00:44:02: 
2025-04-04 00:44:02: > service_provider@1.0.0 dev
2025-04-04 00:44:02: > cross-env NODE_ENV=development nodemon --watch 'src/**/*.ts' --exec 'ts-node' src/index.ts
2025-04-04 00:44:02: 
2025-04-04 00:44:03: [33m[nodemon] 3.1.9[39m
2025-04-04 00:44:03: [33m[nodemon] to restart at any time, enter `rs`[39m
2025-04-04 00:44:03: [33m[nodemon] watching path(s): src/**/*.ts[39m
2025-04-04 00:44:03: [33m[nodemon] watching extensions: ts[39m
2025-04-04 00:44:03: [32m[nodemon] starting `ts-node src/index.ts`[39m
2025-04-04 00:44:06: [31m[nodemon] app crashed - waiting for file changes before starting...[39m
2025-04-04 00:44:07: 
2025-04-04 00:44:07: > service_provider@1.0.0 dev
2025-04-04 00:44:07: > cross-env NODE_ENV=development nodemon --watch 'src/**/*.ts' --exec 'ts-node' src/index.ts
2025-04-04 00:44:07: 
2025-04-04 00:44:07: [33m[nodemon] 3.1.9[39m
2025-04-04 00:44:07: [33m[nodemon] to restart at any time, enter `rs`[39m
2025-04-04 00:44:07: [33m[nodemon] watching path(s): src/**/*.ts[39m
2025-04-04 00:44:07: [33m[nodemon] watching extensions: ts[39m
2025-04-04 00:44:07: [32m[nodemon] starting `ts-node src/index.ts`[39m
2025-04-04 00:44:11: [31m[nodemon] app crashed - waiting for file changes before starting...[39m
2025-04-04 00:44:11: 
2025-04-04 00:44:11: > service_provider@1.0.0 dev
2025-04-04 00:44:11: > cross-env NODE_ENV=development nodemon --watch 'src/**/*.ts' --exec 'ts-node' src/index.ts
2025-04-04 00:44:11: 
2025-04-04 00:44:11: [33m[nodemon] 3.1.9[39m
2025-04-04 00:44:11: [33m[nodemon] to restart at any time, enter `rs`[39m
2025-04-04 00:44:11: [33m[nodemon] watching path(s): src/**/*.ts[39m
2025-04-04 00:44:11: [33m[nodemon] watching extensions: ts[39m
2025-04-04 00:44:11: [32m[nodemon] starting `ts-node src/index.ts`[39m
2025-04-04 00:44:15: [31m[nodemon] app crashed - waiting for file changes before starting...[39m
2025-04-04 00:44:16: 
2025-04-04 00:44:16: > service_provider@1.0.0 dev
2025-04-04 00:44:16: > cross-env NODE_ENV=development nodemon --watch 'src/**/*.ts' --exec 'ts-node' src/index.ts
2025-04-04 00:44:16: 
2025-04-04 00:44:16: [33m[nodemon] 3.1.9[39m
2025-04-04 00:44:16: [33m[nodemon] to restart at any time, enter `rs`[39m
2025-04-04 00:44:16: [33m[nodemon] watching path(s): src/**/*.ts[39m
2025-04-04 00:44:16: [33m[nodemon] watching extensions: ts[39m
2025-04-04 00:44:16: [32m[nodemon] starting `ts-node src/index.ts`[39m
2025-04-04 00:44:20: [31m[nodemon] app crashed - waiting for file changes before starting...[39m
2025-04-04 00:44:20: 
2025-04-04 00:44:20: > service_provider@1.0.0 dev
2025-04-04 00:44:20: > cross-env NODE_ENV=development nodemon --watch 'src/**/*.ts' --exec 'ts-node' src/index.ts
2025-04-04 00:44:20: 
2025-04-04 00:44:20: [33m[nodemon] 3.1.9[39m
2025-04-04 00:44:20: [33m[nodemon] to restart at any time, enter `rs`[39m
2025-04-04 00:44:20: [33m[nodemon] watching path(s): src/**/*.ts[39m
2025-04-04 00:44:20: [33m[nodemon] watching extensions: ts[39m
2025-04-04 00:44:20: [32m[nodemon] starting `ts-node src/index.ts`[39m
2025-04-04 00:44:21: [32m[nodemon] restarting due to changes...[39m
2025-04-04 00:44:21: [32m[nodemon] starting `ts-node src/index.ts`[39m
2025-04-04 00:44:21: 
2025-04-04 00:44:21: > service_provider@1.0.0 dev
2025-04-04 00:44:21: > cross-env NODE_ENV=development nodemon --watch 'src/**/*.ts' --exec 'ts-node' src/index.ts
2025-04-04 00:44:21: 
2025-04-04 00:44:21: [33m[nodemon] 3.1.9[39m
2025-04-04 00:44:21: [33m[nodemon] to restart at any time, enter `rs`[39m
2025-04-04 00:44:21: [33m[nodemon] watching path(s): src/**/*.ts[39m
2025-04-04 00:44:21: [33m[nodemon] watching extensions: ts[39m
2025-04-04 00:44:21: [32m[nodemon] starting `ts-node src/index.ts`[39m
2025-04-04 00:44:25: [31m[nodemon] app crashed - waiting for file changes before starting...[39m
2025-04-04 00:44:26: 
2025-04-04 00:44:26: > service_provider@1.0.0 dev
2025-04-04 00:44:26: > cross-env NODE_ENV=development nodemon --watch 'src/**/*.ts' --exec 'ts-node' src/index.ts
2025-04-04 00:44:26: 
2025-04-04 00:44:26: [33m[nodemon] 3.1.9[39m
2025-04-04 00:44:26: [33m[nodemon] to restart at any time, enter `rs`[39m
2025-04-04 00:44:26: [33m[nodemon] watching path(s): src/**/*.ts[39m
2025-04-04 00:44:26: [33m[nodemon] watching extensions: ts[39m
2025-04-04 00:44:26: [32m[nodemon] starting `ts-node src/index.ts`[39m
2025-04-04 00:44:30: [31m[nodemon] app crashed - waiting for file changes before starting...[39m
2025-04-04 00:44:30: 
2025-04-04 00:44:30: > service_provider@1.0.0 dev
2025-04-04 00:44:30: > cross-env NODE_ENV=development nodemon --watch 'src/**/*.ts' --exec 'ts-node' src/index.ts
2025-04-04 00:44:30: 
2025-04-04 00:44:30: [33m[nodemon] 3.1.9[39m
2025-04-04 00:44:30: [33m[nodemon] to restart at any time, enter `rs`[39m
2025-04-04 00:44:30: [33m[nodemon] watching path(s): src/**/*.ts[39m
2025-04-04 00:44:30: [33m[nodemon] watching extensions: ts[39m
2025-04-04 00:44:30: [32m[nodemon] starting `ts-node src/index.ts`[39m
2025-04-04 00:44:34: [31m[nodemon] app crashed - waiting for file changes before starting...[39m
2025-04-04 00:44:34: 
2025-04-04 00:44:34: > service_provider@1.0.0 dev
2025-04-04 00:44:34: > cross-env NODE_ENV=development nodemon --watch 'src/**/*.ts' --exec 'ts-node' src/index.ts
2025-04-04 00:44:34: 
2025-04-04 00:44:34: [33m[nodemon] 3.1.9[39m
2025-04-04 00:44:34: [33m[nodemon] to restart at any time, enter `rs`[39m
2025-04-04 00:44:34: [33m[nodemon] watching path(s): src/**/*.ts[39m
2025-04-04 00:44:34: [33m[nodemon] watching extensions: ts[39m
2025-04-04 00:44:34: [32m[nodemon] starting `ts-node src/index.ts`[39m
2025-04-04 00:44:38: [31m[nodemon] app crashed - waiting for file changes before starting...[39m
2025-04-04 00:44:39: 
2025-04-04 00:44:39: > service_provider@1.0.0 dev
2025-04-04 00:44:39: > cross-env NODE_ENV=development nodemon --watch 'src/**/*.ts' --exec 'ts-node' src/index.ts
2025-04-04 00:44:39: 
2025-04-04 00:44:39: [33m[nodemon] 3.1.9[39m
2025-04-04 00:44:39: [33m[nodemon] to restart at any time, enter `rs`[39m
2025-04-04 00:44:39: [33m[nodemon] watching path(s): src/**/*.ts[39m
2025-04-04 00:44:39: [33m[nodemon] watching extensions: ts[39m
2025-04-04 00:44:39: [32m[nodemon] starting `ts-node src/index.ts`[39m
2025-04-04 00:44:43: [31m[nodemon] app crashed - waiting for file changes before starting...[39m
2025-04-04 00:44:43: 
2025-04-04 00:44:43: > service_provider@1.0.0 dev
2025-04-04 00:44:43: > cross-env NODE_ENV=development nodemon --watch 'src/**/*.ts' --exec 'ts-node' src/index.ts
2025-04-04 00:44:43: 
2025-04-04 00:44:43: [33m[nodemon] 3.1.9[39m
2025-04-04 00:44:43: [33m[nodemon] to restart at any time, enter `rs`[39m
2025-04-04 00:44:43: [33m[nodemon] watching path(s): src/**/*.ts[39m
2025-04-04 00:44:43: [33m[nodemon] watching extensions: ts[39m
2025-04-04 00:44:43: [32m[nodemon] starting `ts-node src/index.ts`[39m
2025-04-04 00:44:47: [31m[nodemon] app crashed - waiting for file changes before starting...[39m
2025-04-04 00:44:47: 
2025-04-04 00:44:47: > service_provider@1.0.0 dev
2025-04-04 00:44:47: > cross-env NODE_ENV=development nodemon --watch 'src/**/*.ts' --exec 'ts-node' src/index.ts
2025-04-04 00:44:47: 
2025-04-04 00:44:47: [33m[nodemon] 3.1.9[39m
2025-04-04 00:44:47: [33m[nodemon] to restart at any time, enter `rs`[39m
2025-04-04 00:44:47: [33m[nodemon] watching path(s): src/**/*.ts[39m
2025-04-04 00:44:47: [33m[nodemon] watching extensions: ts[39m
2025-04-04 00:44:47: [32m[nodemon] starting `ts-node src/index.ts`[39m
2025-04-04 00:44:51: [31m[nodemon] app crashed - waiting for file changes before starting...[39m
2025-04-04 00:44:52: 
2025-04-04 00:44:52: > service_provider@1.0.0 dev
2025-04-04 00:44:52: > cross-env NODE_ENV=development nodemon --watch 'src/**/*.ts' --exec 'ts-node' src/index.ts
2025-04-04 00:44:52: 
2025-04-04 00:44:52: [33m[nodemon] 3.1.9[39m
2025-04-04 00:44:52: [33m[nodemon] to restart at any time, enter `rs`[39m
2025-04-04 00:44:52: [33m[nodemon] watching path(s): src/**/*.ts[39m
2025-04-04 00:44:52: [33m[nodemon] watching extensions: ts[39m
2025-04-04 00:44:52: [32m[nodemon] starting `ts-node src/index.ts`[39m
2025-04-04 00:44:56: [31m[nodemon] app crashed - waiting for file changes before starting...[39m
2025-04-04 00:44:56: 
2025-04-04 00:44:56: > service_provider@1.0.0 dev
2025-04-04 00:44:56: > cross-env NODE_ENV=development nodemon --watch 'src/**/*.ts' --exec 'ts-node' src/index.ts
2025-04-04 00:44:56: 
2025-04-04 00:44:56: [33m[nodemon] 3.1.9[39m
2025-04-04 00:44:56: [33m[nodemon] to restart at any time, enter `rs`[39m
2025-04-04 00:44:56: [33m[nodemon] watching path(s): src/**/*.ts[39m
2025-04-04 00:44:56: [33m[nodemon] watching extensions: ts[39m
2025-04-04 00:44:56: [32m[nodemon] starting `ts-node src/index.ts`[39m
2025-04-04 00:45:00: [31m[nodemon] app crashed - waiting for file changes before starting...[39m
2025-04-04 00:45:01: 
2025-04-04 00:45:01: > service_provider@1.0.0 dev
2025-04-04 00:45:01: > cross-env NODE_ENV=development nodemon --watch 'src/**/*.ts' --exec 'ts-node' src/index.ts
2025-04-04 00:45:01: 
2025-04-04 00:45:01: [33m[nodemon] 3.1.9[39m
2025-04-04 00:45:01: [33m[nodemon] to restart at any time, enter `rs`[39m
2025-04-04 00:45:01: [33m[nodemon] watching path(s): src/**/*.ts[39m
2025-04-04 00:45:01: [33m[nodemon] watching extensions: ts[39m
2025-04-04 00:45:01: [32m[nodemon] starting `ts-node src/index.ts`[39m
2025-04-04 00:45:05: [31m[nodemon] app crashed - waiting for file changes before starting...[39m
2025-04-04 00:45:05: 
2025-04-04 00:45:05: > service_provider@1.0.0 dev
2025-04-04 00:45:05: > cross-env NODE_ENV=development nodemon --watch 'src/**/*.ts' --exec 'ts-node' src/index.ts
2025-04-04 00:45:05: 
2025-04-04 00:45:05: [33m[nodemon] 3.1.9[39m
2025-04-04 00:45:05: [33m[nodemon] to restart at any time, enter `rs`[39m
2025-04-04 00:45:05: [33m[nodemon] watching path(s): src/**/*.ts[39m
2025-04-04 00:45:05: [33m[nodemon] watching extensions: ts[39m
2025-04-04 00:45:05: [32m[nodemon] starting `ts-node src/index.ts`[39m
2025-04-04 00:45:09: [31m[nodemon] app crashed - waiting for file changes before starting...[39m
2025-04-04 00:45:10: 
2025-04-04 00:45:10: > service_provider@1.0.0 dev
2025-04-04 00:45:10: > cross-env NODE_ENV=development nodemon --watch 'src/**/*.ts' --exec 'ts-node' src/index.ts
2025-04-04 00:45:10: 
2025-04-04 00:45:10: [33m[nodemon] 3.1.9[39m
2025-04-04 00:45:10: [33m[nodemon] to restart at any time, enter `rs`[39m
2025-04-04 00:45:10: [33m[nodemon] watching path(s): src/**/*.ts[39m
2025-04-04 00:45:10: [33m[nodemon] watching extensions: ts[39m
2025-04-04 00:45:10: [32m[nodemon] starting `ts-node src/index.ts`[39m
2025-04-04 00:45:14: [31m[nodemon] app crashed - waiting for file changes before starting...[39m
2025-04-04 00:45:14: 
2025-04-04 00:45:14: > service_provider@1.0.0 dev
2025-04-04 00:45:14: > cross-env NODE_ENV=development nodemon --watch 'src/**/*.ts' --exec 'ts-node' src/index.ts
2025-04-04 00:45:14: 
2025-04-04 00:45:14: [33m[nodemon] 3.1.9[39m
2025-04-04 00:45:14: [33m[nodemon] to restart at any time, enter `rs`[39m
2025-04-04 00:45:14: [33m[nodemon] watching path(s): src/**/*.ts[39m
2025-04-04 00:45:14: [33m[nodemon] watching extensions: ts[39m
2025-04-04 00:45:14: [32m[nodemon] starting `ts-node src/index.ts`[39m
2025-04-04 00:45:18: [31m[nodemon] app crashed - waiting for file changes before starting...[39m
2025-04-04 00:45:18: 
2025-04-04 00:45:18: > service_provider@1.0.0 dev
2025-04-04 00:45:18: > cross-env NODE_ENV=development nodemon --watch 'src/**/*.ts' --exec 'ts-node' src/index.ts
2025-04-04 00:45:18: 
2025-04-04 00:45:18: [33m[nodemon] 3.1.9[39m
2025-04-04 00:45:18: [33m[nodemon] to restart at any time, enter `rs`[39m
2025-04-04 00:45:18: [33m[nodemon] watching path(s): src/**/*.ts[39m
2025-04-04 00:45:18: [33m[nodemon] watching extensions: ts[39m
2025-04-04 00:45:18: [32m[nodemon] starting `ts-node src/index.ts`[39m
2025-04-04 00:45:22: [31m[nodemon] app crashed - waiting for file changes before starting...[39m
2025-04-04 00:45:23: 
2025-04-04 00:45:23: > service_provider@1.0.0 dev
2025-04-04 00:45:23: > cross-env NODE_ENV=development nodemon --watch 'src/**/*.ts' --exec 'ts-node' src/index.ts
2025-04-04 00:45:23: 
2025-04-04 00:45:23: [33m[nodemon] 3.1.9[39m
2025-04-04 00:45:23: [33m[nodemon] to restart at any time, enter `rs`[39m
2025-04-04 00:45:23: [33m[nodemon] watching path(s): src/**/*.ts[39m
2025-04-04 00:45:23: [33m[nodemon] watching extensions: ts[39m
2025-04-04 00:45:23: [32m[nodemon] starting `ts-node src/index.ts`[39m
2025-04-04 00:45:27: [31m[nodemon] app crashed - waiting for file changes before starting...[39m
2025-04-04 00:45:27: 
2025-04-04 00:45:27: > service_provider@1.0.0 dev
2025-04-04 00:45:27: > cross-env NODE_ENV=development nodemon --watch 'src/**/*.ts' --exec 'ts-node' src/index.ts
2025-04-04 00:45:27: 
2025-04-04 00:45:27: [33m[nodemon] 3.1.9[39m
2025-04-04 00:45:27: [33m[nodemon] to restart at any time, enter `rs`[39m
2025-04-04 00:45:27: [33m[nodemon] watching path(s): src/**/*.ts[39m
2025-04-04 00:45:27: [33m[nodemon] watching extensions: ts[39m
2025-04-04 00:45:27: [32m[nodemon] starting `ts-node src/index.ts`[39m
2025-04-04 00:45:31: [31m[nodemon] app crashed - waiting for file changes before starting...[39m
2025-04-04 00:45:32: 
2025-04-04 00:45:32: > service_provider@1.0.0 dev
2025-04-04 00:45:32: > cross-env NODE_ENV=development nodemon --watch 'src/**/*.ts' --exec 'ts-node' src/index.ts
2025-04-04 00:45:32: 
2025-04-04 00:45:32: 
2025-04-04 00:45:32: > service_provider@1.0.0 dev
2025-04-04 00:45:32: > cross-env NODE_ENV=development nodemon --watch 'src/**/*.ts' --exec 'ts-node' src/index.ts
2025-04-04 00:45:32: 
2025-04-04 00:45:32: [33m[nodemon] 3.1.9[39m
2025-04-04 00:45:32: [33m[nodemon] to restart at any time, enter `rs`[39m
2025-04-04 00:45:32: [33m[nodemon] watching path(s): src/**/*.ts[39m
2025-04-04 00:45:32: [33m[nodemon] watching extensions: ts[39m
2025-04-04 00:45:32: [32m[nodemon] starting `ts-node src/index.ts`[39m
2025-04-04 00:45:36: [31m[nodemon] app crashed - waiting for file changes before starting...[39m
2025-04-04 00:45:37: 
2025-04-04 00:45:37: > service_provider@1.0.0 dev
2025-04-04 00:45:37: > cross-env NODE_ENV=development nodemon --watch 'src/**/*.ts' --exec 'ts-node' src/index.ts
2025-04-04 00:45:37: 
2025-04-04 00:45:37: [33m[nodemon] 3.1.9[39m
2025-04-04 00:45:37: [33m[nodemon] to restart at any time, enter `rs`[39m
2025-04-04 00:45:37: [33m[nodemon] watching path(s): src/**/*.ts[39m
2025-04-04 00:45:37: [33m[nodemon] watching extensions: ts[39m
2025-04-04 00:45:37: [32m[nodemon] starting `ts-node src/index.ts`[39m
2025-04-04 00:45:41: [31m[nodemon] app crashed - waiting for file changes before starting...[39m
2025-04-04 00:45:41: 
2025-04-04 00:45:41: > service_provider@1.0.0 dev
2025-04-04 00:45:41: > cross-env NODE_ENV=development nodemon --watch 'src/**/*.ts' --exec 'ts-node' src/index.ts
2025-04-04 00:45:41: 
2025-04-04 00:45:41: [33m[nodemon] 3.1.9[39m
2025-04-04 00:45:41: [33m[nodemon] to restart at any time, enter `rs`[39m
2025-04-04 00:45:41: [33m[nodemon] watching path(s): src/**/*.ts[39m
2025-04-04 00:45:41: [33m[nodemon] watching extensions: ts[39m
2025-04-04 00:45:41: [32m[nodemon] starting `ts-node src/index.ts`[39m
2025-04-04 00:45:45: [31m[nodemon] app crashed - waiting for file changes before starting...[39m
2025-04-04 00:45:45: 
2025-04-04 00:45:45: > service_provider@1.0.0 dev
2025-04-04 00:45:45: > cross-env NODE_ENV=development nodemon --watch 'src/**/*.ts' --exec 'ts-node' src/index.ts
2025-04-04 00:45:45: 
2025-04-04 00:45:46: [33m[nodemon] 3.1.9[39m
2025-04-04 00:45:46: [33m[nodemon] to restart at any time, enter `rs`[39m
2025-04-04 00:45:46: [33m[nodemon] watching path(s): src/**/*.ts[39m
2025-04-04 00:45:46: [33m[nodemon] watching extensions: ts[39m
2025-04-04 00:45:46: [32m[nodemon] starting `ts-node src/index.ts`[39m
2025-04-04 00:45:50: [31m[nodemon] app crashed - waiting for file changes before starting...[39m
2025-04-04 00:45:50: 
2025-04-04 00:45:50: > service_provider@1.0.0 dev
2025-04-04 00:45:50: > cross-env NODE_ENV=development nodemon --watch 'src/**/*.ts' --exec 'ts-node' src/index.ts
2025-04-04 00:45:50: 
2025-04-04 00:45:50: [33m[nodemon] 3.1.9[39m
2025-04-04 00:45:50: [33m[nodemon] to restart at any time, enter `rs`[39m
2025-04-04 00:45:50: [33m[nodemon] watching path(s): src/**/*.ts[39m
2025-04-04 00:45:50: [33m[nodemon] watching extensions: ts[39m
2025-04-04 00:45:50: [32m[nodemon] starting `ts-node src/index.ts`[39m
2025-04-04 00:45:54: [31m[nodemon] app crashed - waiting for file changes before starting...[39m
2025-04-04 00:45:54: 
2025-04-04 00:45:54: > service_provider@1.0.0 dev
2025-04-04 00:45:54: > cross-env NODE_ENV=development nodemon --watch 'src/**/*.ts' --exec 'ts-node' src/index.ts
2025-04-04 00:45:54: 
2025-04-04 00:45:54: [33m[nodemon] 3.1.9[39m
2025-04-04 00:45:54: [33m[nodemon] to restart at any time, enter `rs`[39m
2025-04-04 00:45:54: [33m[nodemon] watching path(s): src/**/*.ts[39m
2025-04-04 00:45:54: [33m[nodemon] watching extensions: ts[39m
2025-04-04 00:45:54: [32m[nodemon] starting `ts-node src/index.ts`[39m
2025-04-04 00:45:58: [31m[nodemon] app crashed - waiting for file changes before starting...[39m
2025-04-04 00:45:59: 
2025-04-04 00:45:59: > service_provider@1.0.0 dev
2025-04-04 00:45:59: > cross-env NODE_ENV=development nodemon --watch 'src/**/*.ts' --exec 'ts-node' src/index.ts
2025-04-04 00:45:59: 
2025-04-04 00:45:59: [33m[nodemon] 3.1.9[39m
2025-04-04 00:45:59: [33m[nodemon] to restart at any time, enter `rs`[39m
2025-04-04 00:45:59: [33m[nodemon] watching path(s): src/**/*.ts[39m
2025-04-04 00:45:59: [33m[nodemon] watching extensions: ts[39m
2025-04-04 00:45:59: [32m[nodemon] starting `ts-node src/index.ts`[39m
2025-04-04 00:46:03: [31m[nodemon] app crashed - waiting for file changes before starting...[39m
2025-04-04 00:46:03: 
2025-04-04 00:46:03: > service_provider@1.0.0 dev
2025-04-04 00:46:03: > cross-env NODE_ENV=development nodemon --watch 'src/**/*.ts' --exec 'ts-node' src/index.ts
2025-04-04 00:46:03: 
2025-04-04 00:46:03: [33m[nodemon] 3.1.9[39m
2025-04-04 00:46:03: [33m[nodemon] to restart at any time, enter `rs`[39m
2025-04-04 00:46:03: [33m[nodemon] watching path(s): src/**/*.ts[39m
2025-04-04 00:46:03: [33m[nodemon] watching extensions: ts[39m
2025-04-04 00:46:03: [32m[nodemon] starting `ts-node src/index.ts`[39m
2025-04-04 00:46:07: [31m[nodemon] app crashed - waiting for file changes before starting...[39m
2025-04-04 00:46:07: 
2025-04-04 00:46:07: > service_provider@1.0.0 dev
2025-04-04 00:46:07: > cross-env NODE_ENV=development nodemon --watch 'src/**/*.ts' --exec 'ts-node' src/index.ts
2025-04-04 00:46:07: 
2025-04-04 00:46:07: [33m[nodemon] 3.1.9[39m
2025-04-04 00:46:07: [33m[nodemon] to restart at any time, enter `rs`[39m
2025-04-04 00:46:07: [33m[nodemon] watching path(s): src/**/*.ts[39m
2025-04-04 00:46:07: [33m[nodemon] watching extensions: ts[39m
2025-04-04 00:46:07: [32m[nodemon] starting `ts-node src/index.ts`[39m
2025-04-04 00:46:11: [31m[nodemon] app crashed - waiting for file changes before starting...[39m
2025-04-04 00:46:12: 
2025-04-04 00:46:12: > service_provider@1.0.0 dev
2025-04-04 00:46:12: > cross-env NODE_ENV=development nodemon --watch 'src/**/*.ts' --exec 'ts-node' src/index.ts
2025-04-04 00:46:12: 
2025-04-04 00:46:12: [33m[nodemon] 3.1.9[39m
2025-04-04 00:46:12: [33m[nodemon] to restart at any time, enter `rs`[39m
2025-04-04 00:46:12: [33m[nodemon] watching path(s): src/**/*.ts[39m
2025-04-04 00:46:12: [33m[nodemon] watching extensions: ts[39m
2025-04-04 00:46:12: [32m[nodemon] starting `ts-node src/index.ts`[39m
2025-04-04 00:46:16: [31m[nodemon] app crashed - waiting for file changes before starting...[39m
2025-04-04 00:46:16: 
2025-04-04 00:46:16: > service_provider@1.0.0 dev
2025-04-04 00:46:16: > cross-env NODE_ENV=development nodemon --watch 'src/**/*.ts' --exec 'ts-node' src/index.ts
2025-04-04 00:46:16: 
2025-04-04 00:46:16: [33m[nodemon] 3.1.9[39m
2025-04-04 00:46:16: [33m[nodemon] to restart at any time, enter `rs`[39m
2025-04-04 00:46:16: [33m[nodemon] watching path(s): src/**/*.ts[39m
2025-04-04 00:46:16: [33m[nodemon] watching extensions: ts[39m
2025-04-04 00:46:16: [32m[nodemon] starting `ts-node src/index.ts`[39m
2025-04-04 00:46:20: [31m[nodemon] app crashed - waiting for file changes before starting...[39m
2025-04-04 00:46:20: 
2025-04-04 00:46:20: > service_provider@1.0.0 dev
2025-04-04 00:46:20: > cross-env NODE_ENV=development nodemon --watch 'src/**/*.ts' --exec 'ts-node' src/index.ts
2025-04-04 00:46:20: 
2025-04-04 00:46:20: [33m[nodemon] 3.1.9[39m
2025-04-04 00:46:20: [33m[nodemon] to restart at any time, enter `rs`[39m
2025-04-04 00:46:20: [33m[nodemon] watching path(s): src/**/*.ts[39m
2025-04-04 00:46:20: [33m[nodemon] watching extensions: ts[39m
2025-04-04 00:46:20: [32m[nodemon] starting `ts-node src/index.ts`[39m
2025-04-04 00:46:24: [31m[nodemon] app crashed - waiting for file changes before starting...[39m
2025-04-04 00:46:25: 
2025-04-04 00:46:25: > service_provider@1.0.0 dev
2025-04-04 00:46:25: > cross-env NODE_ENV=development nodemon --watch 'src/**/*.ts' --exec 'ts-node' src/index.ts
2025-04-04 00:46:25: 
2025-04-04 00:46:25: [33m[nodemon] 3.1.9[39m
2025-04-04 00:46:25: [33m[nodemon] to restart at any time, enter `rs`[39m
2025-04-04 00:46:25: [33m[nodemon] watching path(s): src/**/*.ts[39m
2025-04-04 00:46:25: [33m[nodemon] watching extensions: ts[39m
2025-04-04 00:46:25: [32m[nodemon] starting `ts-node src/index.ts`[39m
2025-04-04 00:46:29: [31m[nodemon] app crashed - waiting for file changes before starting...[39m
2025-04-04 00:46:29: 
2025-04-04 00:46:29: > service_provider@1.0.0 dev
2025-04-04 00:46:29: > cross-env NODE_ENV=development nodemon --watch 'src/**/*.ts' --exec 'ts-node' src/index.ts
2025-04-04 00:46:29: 
2025-04-04 00:46:29: [33m[nodemon] 3.1.9[39m
2025-04-04 00:46:29: [33m[nodemon] to restart at any time, enter `rs`[39m
2025-04-04 00:46:29: [33m[nodemon] watching path(s): src/**/*.ts[39m
2025-04-04 00:46:29: [33m[nodemon] watching extensions: ts[39m
2025-04-04 00:46:29: [32m[nodemon] starting `ts-node src/index.ts`[39m
2025-04-04 00:46:33: [31m[nodemon] app crashed - waiting for file changes before starting...[39m
2025-04-04 00:46:33: 
2025-04-04 00:46:33: > service_provider@1.0.0 dev
2025-04-04 00:46:33: > cross-env NODE_ENV=development nodemon --watch 'src/**/*.ts' --exec 'ts-node' src/index.ts
2025-04-04 00:46:33: 
2025-04-04 00:46:34: [33m[nodemon] 3.1.9[39m
2025-04-04 00:46:34: [33m[nodemon] to restart at any time, enter `rs`[39m
2025-04-04 00:46:34: [33m[nodemon] watching path(s): src/**/*.ts[39m
2025-04-04 00:46:34: [33m[nodemon] watching extensions: ts[39m
2025-04-04 00:46:34: [32m[nodemon] starting `ts-node src/index.ts`[39m
2025-04-04 00:46:38: [31m[nodemon] app crashed - waiting for file changes before starting...[39m
2025-04-04 00:46:38: 
2025-04-04 00:46:38: > service_provider@1.0.0 dev
2025-04-04 00:46:38: > cross-env NODE_ENV=development nodemon --watch 'src/**/*.ts' --exec 'ts-node' src/index.ts
2025-04-04 00:46:38: 
2025-04-04 00:46:38: [33m[nodemon] 3.1.9[39m
2025-04-04 00:46:38: [33m[nodemon] to restart at any time, enter `rs`[39m
2025-04-04 00:46:38: [33m[nodemon] watching path(s): src/**/*.ts[39m
2025-04-04 00:46:38: [33m[nodemon] watching extensions: ts[39m
2025-04-04 00:46:38: [32m[nodemon] starting `ts-node src/index.ts`[39m
2025-04-04 00:46:42: [31m[nodemon] app crashed - waiting for file changes before starting...[39m
2025-04-04 00:46:42: 
2025-04-04 00:46:42: > service_provider@1.0.0 dev
2025-04-04 00:46:42: > cross-env NODE_ENV=development nodemon --watch 'src/**/*.ts' --exec 'ts-node' src/index.ts
2025-04-04 00:46:42: 
2025-04-04 00:46:43: [33m[nodemon] 3.1.9[39m
2025-04-04 00:46:43: [33m[nodemon] to restart at any time, enter `rs`[39m
2025-04-04 00:46:43: [33m[nodemon] watching path(s): src/**/*.ts[39m
2025-04-04 00:46:43: [33m[nodemon] watching extensions: ts[39m
2025-04-04 00:46:43: [32m[nodemon] starting `ts-node src/index.ts`[39m
2025-04-04 00:46:47: [31m[nodemon] app crashed - waiting for file changes before starting...[39m
2025-04-04 00:46:47: 
2025-04-04 00:46:47: > service_provider@1.0.0 dev
2025-04-04 00:46:47: > cross-env NODE_ENV=development nodemon --watch 'src/**/*.ts' --exec 'ts-node' src/index.ts
2025-04-04 00:46:47: 
2025-04-04 00:46:47: [33m[nodemon] 3.1.9[39m
2025-04-04 00:46:47: [33m[nodemon] to restart at any time, enter `rs`[39m
2025-04-04 00:46:47: [33m[nodemon] watching path(s): src/**/*.ts[39m
2025-04-04 00:46:47: [33m[nodemon] watching extensions: ts[39m
2025-04-04 00:46:47: [32m[nodemon] starting `ts-node src/index.ts`[39m
2025-04-04 00:46:51: [31m[nodemon] app crashed - waiting for file changes before starting...[39m
2025-04-04 00:46:51: 
2025-04-04 00:46:51: > service_provider@1.0.0 dev
2025-04-04 00:46:51: > cross-env NODE_ENV=development nodemon --watch 'src/**/*.ts' --exec 'ts-node' src/index.ts
2025-04-04 00:46:51: 
2025-04-04 00:46:51: [33m[nodemon] 3.1.9[39m
2025-04-04 00:46:51: [33m[nodemon] to restart at any time, enter `rs`[39m
2025-04-04 00:46:51: [33m[nodemon] watching path(s): src/**/*.ts[39m
2025-04-04 00:46:51: [33m[nodemon] watching extensions: ts[39m
2025-04-04 00:46:51: [32m[nodemon] starting `ts-node src/index.ts`[39m
2025-04-04 00:46:55: [31m[nodemon] app crashed - waiting for file changes before starting...[39m
2025-04-04 00:46:56: 
2025-04-04 00:46:56: > service_provider@1.0.0 dev
2025-04-04 00:46:56: > cross-env NODE_ENV=development nodemon --watch 'src/**/*.ts' --exec 'ts-node' src/index.ts
2025-04-04 00:46:56: 
2025-04-04 00:46:56: [33m[nodemon] 3.1.9[39m
2025-04-04 00:46:56: [33m[nodemon] to restart at any time, enter `rs`[39m
2025-04-04 00:46:56: [33m[nodemon] watching path(s): src/**/*.ts[39m
2025-04-04 00:46:56: [33m[nodemon] watching extensions: ts[39m
2025-04-04 00:46:56: [32m[nodemon] starting `ts-node src/index.ts`[39m
2025-04-04 00:46:58: [32m[nodemon] restarting due to changes...[39m
2025-04-04 00:46:58: [32m[nodemon] starting `ts-node src/index.ts`[39m
2025-04-04 00:46:58: 
2025-04-04 00:46:58: > service_provider@1.0.0 dev
2025-04-04 00:46:58: > cross-env NODE_ENV=development nodemon --watch 'src/**/*.ts' --exec 'ts-node' src/index.ts
2025-04-04 00:46:58: 
2025-04-04 00:46:58: [33m[nodemon] 3.1.9[39m
2025-04-04 00:46:58: [33m[nodemon] to restart at any time, enter `rs`[39m
2025-04-04 00:46:58: [33m[nodemon] watching path(s): src/**/*.ts[39m
2025-04-04 00:46:58: [33m[nodemon] watching extensions: ts[39m
2025-04-04 00:46:58: [32m[nodemon] starting `ts-node src/index.ts`[39m
2025-04-04 00:47:02: [31m[nodemon] app crashed - waiting for file changes before starting...[39m
2025-04-04 00:47:03: 
2025-04-04 00:47:03: > service_provider@1.0.0 dev
2025-04-04 00:47:03: > cross-env NODE_ENV=development nodemon --watch 'src/**/*.ts' --exec 'ts-node' src/index.ts
2025-04-04 00:47:03: 
2025-04-04 00:47:03: [33m[nodemon] 3.1.9[39m
2025-04-04 00:47:03: [33m[nodemon] to restart at any time, enter `rs`[39m
2025-04-04 00:47:03: [33m[nodemon] watching path(s): src/**/*.ts[39m
2025-04-04 00:47:03: [33m[nodemon] watching extensions: ts[39m
2025-04-04 00:47:03: [32m[nodemon] starting `ts-node src/index.ts`[39m
2025-04-04 00:47:07: [31m[nodemon] app crashed - waiting for file changes before starting...[39m
2025-04-04 00:47:07: 
2025-04-04 00:47:07: > service_provider@1.0.0 dev
2025-04-04 00:47:07: > cross-env NODE_ENV=development nodemon --watch 'src/**/*.ts' --exec 'ts-node' src/index.ts
2025-04-04 00:47:07: 
2025-04-04 00:47:07: [33m[nodemon] 3.1.9[39m
2025-04-04 00:47:07: [33m[nodemon] to restart at any time, enter `rs`[39m
2025-04-04 00:47:07: [33m[nodemon] watching path(s): src/**/*.ts[39m
2025-04-04 00:47:07: [33m[nodemon] watching extensions: ts[39m
2025-04-04 00:47:07: [32m[nodemon] starting `ts-node src/index.ts`[39m
2025-04-04 00:47:11: [31m[nodemon] app crashed - waiting for file changes before starting...[39m
2025-04-04 00:47:12: 
2025-04-04 00:47:12: > service_provider@1.0.0 dev
2025-04-04 00:47:12: > cross-env NODE_ENV=development nodemon --watch 'src/**/*.ts' --exec 'ts-node' src/index.ts
2025-04-04 00:47:12: 
2025-04-04 00:47:12: [33m[nodemon] 3.1.9[39m
2025-04-04 00:47:12: [33m[nodemon] to restart at any time, enter `rs`[39m
2025-04-04 00:47:12: [33m[nodemon] watching path(s): src/**/*.ts[39m
2025-04-04 00:47:12: [33m[nodemon] watching extensions: ts[39m
2025-04-04 00:47:12: [32m[nodemon] starting `ts-node src/index.ts`[39m
2025-04-04 00:47:16: [31m[nodemon] app crashed - waiting for file changes before starting...[39m
2025-04-04 00:47:16: 
2025-04-04 00:47:16: > service_provider@1.0.0 dev
2025-04-04 00:47:16: > cross-env NODE_ENV=development nodemon --watch 'src/**/*.ts' --exec 'ts-node' src/index.ts
2025-04-04 00:47:16: 
2025-04-04 00:47:16: [33m[nodemon] 3.1.9[39m
2025-04-04 00:47:16: [33m[nodemon] to restart at any time, enter `rs`[39m
2025-04-04 00:47:16: [33m[nodemon] watching path(s): src/**/*.ts[39m
2025-04-04 00:47:16: [33m[nodemon] watching extensions: ts[39m
2025-04-04 00:47:16: [32m[nodemon] starting `ts-node src/index.ts`[39m
2025-04-04 00:47:20: [31m[nodemon] app crashed - waiting for file changes before starting...[39m
2025-04-04 00:47:21: 
2025-04-04 00:47:21: > service_provider@1.0.0 dev
2025-04-04 00:47:21: > cross-env NODE_ENV=development nodemon --watch 'src/**/*.ts' --exec 'ts-node' src/index.ts
2025-04-04 00:47:21: 
2025-04-04 00:47:21: [33m[nodemon] 3.1.9[39m
2025-04-04 00:47:21: [33m[nodemon] to restart at any time, enter `rs`[39m
2025-04-04 00:47:21: [33m[nodemon] watching path(s): src/**/*.ts[39m
2025-04-04 00:47:21: [33m[nodemon] watching extensions: ts[39m
2025-04-04 00:47:21: [32m[nodemon] starting `ts-node src/index.ts`[39m
2025-04-04 00:47:25: [31m[nodemon] app crashed - waiting for file changes before starting...[39m
2025-04-04 00:47:25: 
2025-04-04 00:47:25: > service_provider@1.0.0 dev
2025-04-04 00:47:25: > cross-env NODE_ENV=development nodemon --watch 'src/**/*.ts' --exec 'ts-node' src/index.ts
2025-04-04 00:47:25: 
2025-04-04 00:47:25: [33m[nodemon] 3.1.9[39m
2025-04-04 00:47:25: [33m[nodemon] to restart at any time, enter `rs`[39m
2025-04-04 00:47:25: [33m[nodemon] watching path(s): src/**/*.ts[39m
2025-04-04 00:47:25: [33m[nodemon] watching extensions: ts[39m
2025-04-04 00:47:25: [32m[nodemon] starting `ts-node src/index.ts`[39m
2025-04-04 00:47:29: [31m[nodemon] app crashed - waiting for file changes before starting...[39m
2025-04-04 00:47:30: 
2025-04-04 00:47:30: > service_provider@1.0.0 dev
2025-04-04 00:47:30: > cross-env NODE_ENV=development nodemon --watch 'src/**/*.ts' --exec 'ts-node' src/index.ts
2025-04-04 00:47:30: 
2025-04-04 00:47:30: [33m[nodemon] 3.1.9[39m
2025-04-04 00:47:30: [33m[nodemon] to restart at any time, enter `rs`[39m
2025-04-04 00:47:30: [33m[nodemon] watching path(s): src/**/*.ts[39m
2025-04-04 00:47:30: [33m[nodemon] watching extensions: ts[39m
2025-04-04 00:47:30: [32m[nodemon] starting `ts-node src/index.ts`[39m
2025-04-04 00:47:34: [31m[nodemon] app crashed - waiting for file changes before starting...[39m
2025-04-04 00:47:34: 
2025-04-04 00:47:34: > service_provider@1.0.0 dev
2025-04-04 00:47:34: > cross-env NODE_ENV=development nodemon --watch 'src/**/*.ts' --exec 'ts-node' src/index.ts
2025-04-04 00:47:34: 
2025-04-04 00:47:34: [33m[nodemon] 3.1.9[39m
2025-04-04 00:47:34: [33m[nodemon] to restart at any time, enter `rs`[39m
2025-04-04 00:47:34: [33m[nodemon] watching path(s): src/**/*.ts[39m
2025-04-04 00:47:34: [33m[nodemon] watching extensions: ts[39m
2025-04-04 00:47:34: [32m[nodemon] starting `ts-node src/index.ts`[39m
2025-04-04 00:47:38: [31m[nodemon] app crashed - waiting for file changes before starting...[39m
2025-04-04 00:47:39: 
2025-04-04 00:47:39: > service_provider@1.0.0 dev
2025-04-04 00:47:39: > cross-env NODE_ENV=development nodemon --watch 'src/**/*.ts' --exec 'ts-node' src/index.ts
2025-04-04 00:47:39: 
2025-04-04 00:47:39: [33m[nodemon] 3.1.9[39m
2025-04-04 00:47:39: [33m[nodemon] to restart at any time, enter `rs`[39m
2025-04-04 00:47:39: [33m[nodemon] watching path(s): src/**/*.ts[39m
2025-04-04 00:47:39: [33m[nodemon] watching extensions: ts[39m
2025-04-04 00:47:39: [32m[nodemon] starting `ts-node src/index.ts`[39m
2025-04-04 00:47:43: [31m[nodemon] app crashed - waiting for file changes before starting...[39m
2025-04-04 00:47:43: 
2025-04-04 00:47:43: > service_provider@1.0.0 dev
2025-04-04 00:47:43: > cross-env NODE_ENV=development nodemon --watch 'src/**/*.ts' --exec 'ts-node' src/index.ts
2025-04-04 00:47:43: 
2025-04-04 00:47:43: [33m[nodemon] 3.1.9[39m
2025-04-04 00:47:43: [33m[nodemon] to restart at any time, enter `rs`[39m
2025-04-04 00:47:43: [33m[nodemon] watching path(s): src/**/*.ts[39m
2025-04-04 00:47:43: [33m[nodemon] watching extensions: ts[39m
2025-04-04 00:47:43: [32m[nodemon] starting `ts-node src/index.ts`[39m
2025-04-04 00:47:47: [32m[nodemon] restarting due to changes...[39m
2025-04-04 00:47:47: [32m[nodemon] starting `ts-node src/index.ts`[39m
2025-04-04 00:47:48: 
2025-04-04 00:47:48: > service_provider@1.0.0 dev
2025-04-04 00:47:48: > cross-env NODE_ENV=development nodemon --watch 'src/**/*.ts' --exec 'ts-node' src/index.ts
2025-04-04 00:47:48: 
2025-04-04 00:47:48: [33m[nodemon] 3.1.9[39m
2025-04-04 00:47:48: [33m[nodemon] to restart at any time, enter `rs`[39m
2025-04-04 00:47:48: [33m[nodemon] watching path(s): src/**/*.ts[39m
2025-04-04 00:47:48: [33m[nodemon] watching extensions: ts[39m
2025-04-04 00:47:48: [32m[nodemon] starting `ts-node src/index.ts`[39m
2025-04-04 00:47:51: [32m[nodemon] restarting due to changes...[39m
2025-04-04 00:47:51: [32m[nodemon] starting `ts-node src/index.ts`[39m
2025-04-04 00:47:51: 
2025-04-04 00:47:51: > service_provider@1.0.0 dev
2025-04-04 00:47:51: > cross-env NODE_ENV=development nodemon --watch 'src/**/*.ts' --exec 'ts-node' src/index.ts
2025-04-04 00:47:51: 
2025-04-04 00:47:52: [33m[nodemon] 3.1.9[39m
2025-04-04 00:47:52: [33m[nodemon] to restart at any time, enter `rs`[39m
2025-04-04 00:47:52: [33m[nodemon] watching path(s): src/**/*.ts[39m
2025-04-04 00:47:52: [33m[nodemon] watching extensions: ts[39m
2025-04-04 00:47:52: [32m[nodemon] starting `ts-node src/index.ts`[39m
2025-04-04 00:47:56: [31m[nodemon] app crashed - waiting for file changes before starting...[39m
2025-04-04 00:47:56: 
2025-04-04 00:47:56: > service_provider@1.0.0 dev
2025-04-04 00:47:56: > cross-env NODE_ENV=development nodemon --watch 'src/**/*.ts' --exec 'ts-node' src/index.ts
2025-04-04 00:47:56: 
2025-04-04 00:47:56: [33m[nodemon] 3.1.9[39m
2025-04-04 00:47:56: [33m[nodemon] to restart at any time, enter `rs`[39m
2025-04-04 00:47:56: [33m[nodemon] watching path(s): src/**/*.ts[39m
2025-04-04 00:47:56: [33m[nodemon] watching extensions: ts[39m
2025-04-04 00:47:56: [32m[nodemon] starting `ts-node src/index.ts`[39m
2025-04-04 00:48:00: [31m[nodemon] app crashed - waiting for file changes before starting...[39m
2025-04-04 00:48:00: 
2025-04-04 00:48:00: > service_provider@1.0.0 dev
2025-04-04 00:48:00: > cross-env NODE_ENV=development nodemon --watch 'src/**/*.ts' --exec 'ts-node' src/index.ts
2025-04-04 00:48:00: 
2025-04-04 00:48:01: [33m[nodemon] 3.1.9[39m
2025-04-04 00:48:01: [33m[nodemon] to restart at any time, enter `rs`[39m
2025-04-04 00:48:01: [33m[nodemon] watching path(s): src/**/*.ts[39m
2025-04-04 00:48:01: [33m[nodemon] watching extensions: ts[39m
2025-04-04 00:48:01: [32m[nodemon] starting `ts-node src/index.ts`[39m
2025-04-04 00:48:05: [31m[nodemon] app crashed - waiting for file changes before starting...[39m
2025-04-04 00:48:05: 
2025-04-04 00:48:05: > service_provider@1.0.0 dev
2025-04-04 00:48:05: > cross-env NODE_ENV=development nodemon --watch 'src/**/*.ts' --exec 'ts-node' src/index.ts
2025-04-04 00:48:05: 
2025-04-04 00:48:05: [33m[nodemon] 3.1.9[39m
2025-04-04 00:48:05: [33m[nodemon] to restart at any time, enter `rs`[39m
2025-04-04 00:48:05: [33m[nodemon] watching path(s): src/**/*.ts[39m
2025-04-04 00:48:05: [33m[nodemon] watching extensions: ts[39m
2025-04-04 00:48:05: [32m[nodemon] starting `ts-node src/index.ts`[39m
2025-04-04 00:48:09: [31m[nodemon] app crashed - waiting for file changes before starting...[39m
2025-04-04 00:48:09: 
2025-04-04 00:48:09: > service_provider@1.0.0 dev
2025-04-04 00:48:09: > cross-env NODE_ENV=development nodemon --watch 'src/**/*.ts' --exec 'ts-node' src/index.ts
2025-04-04 00:48:09: 
2025-04-04 00:48:09: [33m[nodemon] 3.1.9[39m
2025-04-04 00:48:09: [33m[nodemon] to restart at any time, enter `rs`[39m
2025-04-04 00:48:09: [33m[nodemon] watching path(s): src/**/*.ts[39m
2025-04-04 00:48:09: [33m[nodemon] watching extensions: ts[39m
2025-04-04 00:48:09: [32m[nodemon] starting `ts-node src/index.ts`[39m
2025-04-04 00:48:12: 
2025-04-04 00:48:12: > service_provider@1.0.0 dev
2025-04-04 00:48:12: > cross-env NODE_ENV=development nodemon --watch 'src/**/*.ts' --exec 'ts-node' src/index.ts
2025-04-04 00:48:12: 
2025-04-04 00:48:12: [33m[nodemon] 3.1.9[39m
2025-04-04 00:48:12: [33m[nodemon] to restart at any time, enter `rs`[39m
2025-04-04 00:48:12: [33m[nodemon] watching path(s): src/**/*.ts[39m
2025-04-04 00:48:12: [33m[nodemon] watching extensions: ts[39m
2025-04-04 00:48:12: [32m[nodemon] starting `ts-node src/index.ts`[39m
2025-04-04 00:48:16: [31m[nodemon] app crashed - waiting for file changes before starting...[39m
2025-04-04 00:48:17: 
2025-04-04 00:48:17: > service_provider@1.0.0 dev
2025-04-04 00:48:17: > cross-env NODE_ENV=development nodemon --watch 'src/**/*.ts' --exec 'ts-node' src/index.ts
2025-04-04 00:48:17: 
2025-04-04 00:48:17: [33m[nodemon] 3.1.9[39m
2025-04-04 00:48:17: [33m[nodemon] to restart at any time, enter `rs`[39m
2025-04-04 00:48:17: [33m[nodemon] watching path(s): src/**/*.ts[39m
2025-04-04 00:48:17: [33m[nodemon] watching extensions: ts[39m
2025-04-04 00:48:17: [32m[nodemon] starting `ts-node src/index.ts`[39m
2025-04-04 00:48:21: [31m[nodemon] app crashed - waiting for file changes before starting...[39m
2025-04-04 00:48:21: 
2025-04-04 00:48:21: > service_provider@1.0.0 dev
2025-04-04 00:48:21: > cross-env NODE_ENV=development nodemon --watch 'src/**/*.ts' --exec 'ts-node' src/index.ts
2025-04-04 00:48:21: 
2025-04-04 00:48:21: [33m[nodemon] 3.1.9[39m
2025-04-04 00:48:21: [33m[nodemon] to restart at any time, enter `rs`[39m
2025-04-04 00:48:21: [33m[nodemon] watching path(s): src/**/*.ts[39m
2025-04-04 00:48:21: [33m[nodemon] watching extensions: ts[39m
2025-04-04 00:48:21: [32m[nodemon] starting `ts-node src/index.ts`[39m
2025-04-04 00:48:25: [31m[nodemon] app crashed - waiting for file changes before starting...[39m
2025-04-04 00:48:25: 
2025-04-04 00:48:25: > service_provider@1.0.0 dev
2025-04-04 00:48:25: > cross-env NODE_ENV=development nodemon --watch 'src/**/*.ts' --exec 'ts-node' src/index.ts
2025-04-04 00:48:25: 
2025-04-04 00:48:26: [33m[nodemon] 3.1.9[39m
2025-04-04 00:48:26: [33m[nodemon] to restart at any time, enter `rs`[39m
2025-04-04 00:48:26: [33m[nodemon] watching path(s): src/**/*.ts[39m
2025-04-04 00:48:26: [33m[nodemon] watching extensions: ts[39m
2025-04-04 00:48:26: [32m[nodemon] starting `ts-node src/index.ts`[39m
2025-04-04 00:48:29: [31m[nodemon] app crashed - waiting for file changes before starting...[39m
2025-04-04 00:48:30: 
2025-04-04 00:48:30: > service_provider@1.0.0 dev
2025-04-04 00:48:30: > cross-env NODE_ENV=development nodemon --watch 'src/**/*.ts' --exec 'ts-node' src/index.ts
2025-04-04 00:48:30: 
2025-04-04 00:48:30: [33m[nodemon] 3.1.9[39m
2025-04-04 00:48:30: [33m[nodemon] to restart at any time, enter `rs`[39m
2025-04-04 00:48:30: [33m[nodemon] watching path(s): src/**/*.ts[39m
2025-04-04 00:48:30: [33m[nodemon] watching extensions: ts[39m
2025-04-04 00:48:30: [32m[nodemon] starting `ts-node src/index.ts`[39m
2025-04-04 00:48:34: [31m[nodemon] app crashed - waiting for file changes before starting...[39m
2025-04-04 00:48:34: 
2025-04-04 00:48:34: > service_provider@1.0.0 dev
2025-04-04 00:48:34: > cross-env NODE_ENV=development nodemon --watch 'src/**/*.ts' --exec 'ts-node' src/index.ts
2025-04-04 00:48:34: 
2025-04-04 00:48:34: [33m[nodemon] 3.1.9[39m
2025-04-04 00:48:34: [33m[nodemon] to restart at any time, enter `rs`[39m
2025-04-04 00:48:34: [33m[nodemon] watching path(s): src/**/*.ts[39m
2025-04-04 00:48:34: [33m[nodemon] watching extensions: ts[39m
2025-04-04 00:48:34: [32m[nodemon] starting `ts-node src/index.ts`[39m
2025-04-04 00:48:38: [31m[nodemon] app crashed - waiting for file changes before starting...[39m
2025-04-04 00:48:39: 
2025-04-04 00:48:39: > service_provider@1.0.0 dev
2025-04-04 00:48:39: > cross-env NODE_ENV=development nodemon --watch 'src/**/*.ts' --exec 'ts-node' src/index.ts
2025-04-04 00:48:39: 
2025-04-04 00:48:39: [33m[nodemon] 3.1.9[39m
2025-04-04 00:48:39: [33m[nodemon] to restart at any time, enter `rs`[39m
2025-04-04 00:48:39: [33m[nodemon] watching path(s): src/**/*.ts[39m
2025-04-04 00:48:39: [33m[nodemon] watching extensions: ts[39m
2025-04-04 00:48:39: [32m[nodemon] starting `ts-node src/index.ts`[39m
2025-04-04 00:48:43: [31m[nodemon] app crashed - waiting for file changes before starting...[39m
2025-04-04 00:48:43: 
2025-04-04 00:48:43: > service_provider@1.0.0 dev
2025-04-04 00:48:43: > cross-env NODE_ENV=development nodemon --watch 'src/**/*.ts' --exec 'ts-node' src/index.ts
2025-04-04 00:48:43: 
2025-04-04 00:48:43: [33m[nodemon] 3.1.9[39m
2025-04-04 00:48:43: [33m[nodemon] to restart at any time, enter `rs`[39m
2025-04-04 00:48:43: [33m[nodemon] watching path(s): src/**/*.ts[39m
2025-04-04 00:48:43: [33m[nodemon] watching extensions: ts[39m
2025-04-04 00:48:43: [32m[nodemon] starting `ts-node src/index.ts`[39m
2025-04-04 00:48:47: [31m[nodemon] app crashed - waiting for file changes before starting...[39m
2025-04-04 00:48:47: [32m[nodemon] restarting due to changes...[39m
2025-04-04 00:48:47: [32m[nodemon] starting `ts-node src/index.ts`[39m
2025-04-04 00:48:47: 
2025-04-04 00:48:47: > service_provider@1.0.0 dev
2025-04-04 00:48:47: > cross-env NODE_ENV=development nodemon --watch 'src/**/*.ts' --exec 'ts-node' src/index.ts
2025-04-04 00:48:47: 
2025-04-04 00:48:47: [33m[nodemon] 3.1.9[39m
2025-04-04 00:48:47: [33m[nodemon] to restart at any time, enter `rs`[39m
2025-04-04 00:48:47: [33m[nodemon] watching path(s): src/**/*.ts[39m
2025-04-04 00:48:47: [33m[nodemon] watching extensions: ts[39m
2025-04-04 00:48:47: [32m[nodemon] starting `ts-node src/index.ts`[39m
2025-04-04 00:48:51: [31m[nodemon] app crashed - waiting for file changes before starting...[39m
2025-04-04 00:48:52: 
2025-04-04 00:48:52: > service_provider@1.0.0 dev
2025-04-04 00:48:52: > cross-env NODE_ENV=development nodemon --watch 'src/**/*.ts' --exec 'ts-node' src/index.ts
2025-04-04 00:48:52: 
2025-04-04 00:48:52: [33m[nodemon] 3.1.9[39m
2025-04-04 00:48:52: [33m[nodemon] to restart at any time, enter `rs`[39m
2025-04-04 00:48:52: [33m[nodemon] watching path(s): src/**/*.ts[39m
2025-04-04 00:48:52: [33m[nodemon] watching extensions: ts[39m
2025-04-04 00:48:52: [32m[nodemon] starting `ts-node src/index.ts`[39m
2025-04-04 00:48:56: [31m[nodemon] app crashed - waiting for file changes before starting...[39m
2025-04-04 00:48:56: 
2025-04-04 00:48:56: > service_provider@1.0.0 dev
2025-04-04 00:48:56: > cross-env NODE_ENV=development nodemon --watch 'src/**/*.ts' --exec 'ts-node' src/index.ts
2025-04-04 00:48:56: 
2025-04-04 00:48:56: [33m[nodemon] 3.1.9[39m
2025-04-04 00:48:56: [33m[nodemon] to restart at any time, enter `rs`[39m
2025-04-04 00:48:56: [33m[nodemon] watching path(s): src/**/*.ts[39m
2025-04-04 00:48:56: [33m[nodemon] watching extensions: ts[39m
2025-04-04 00:48:56: [32m[nodemon] starting `ts-node src/index.ts`[39m
2025-04-04 00:49:00: [31m[nodemon] app crashed - waiting for file changes before starting...[39m
2025-04-04 00:49:00: 
2025-04-04 00:49:00: > service_provider@1.0.0 dev
2025-04-04 00:49:00: > cross-env NODE_ENV=development nodemon --watch 'src/**/*.ts' --exec 'ts-node' src/index.ts
2025-04-04 00:49:00: 
2025-04-04 00:49:01: [33m[nodemon] 3.1.9[39m
2025-04-04 00:49:01: [33m[nodemon] to restart at any time, enter `rs`[39m
2025-04-04 00:49:01: [33m[nodemon] watching path(s): src/**/*.ts[39m
2025-04-04 00:49:01: [33m[nodemon] watching extensions: ts[39m
2025-04-04 00:49:01: [32m[nodemon] starting `ts-node src/index.ts`[39m
2025-04-04 00:49:04: [31m[nodemon] app crashed - waiting for file changes before starting...[39m
2025-04-04 00:49:05: 
2025-04-04 00:49:05: > service_provider@1.0.0 dev
2025-04-04 00:49:05: > cross-env NODE_ENV=development nodemon --watch 'src/**/*.ts' --exec 'ts-node' src/index.ts
2025-04-04 00:49:05: 
2025-04-04 00:49:05: [33m[nodemon] 3.1.9[39m
2025-04-04 00:49:05: [33m[nodemon] to restart at any time, enter `rs`[39m
2025-04-04 00:49:05: [33m[nodemon] watching path(s): src/**/*.ts[39m
2025-04-04 00:49:05: [33m[nodemon] watching extensions: ts[39m
2025-04-04 00:49:05: [32m[nodemon] starting `ts-node src/index.ts`[39m
2025-04-04 00:49:09: [31m[nodemon] app crashed - waiting for file changes before starting...[39m
2025-04-04 00:49:09: 
2025-04-04 00:49:09: > service_provider@1.0.0 dev
2025-04-04 00:49:09: > cross-env NODE_ENV=development nodemon --watch 'src/**/*.ts' --exec 'ts-node' src/index.ts
2025-04-04 00:49:09: 
2025-04-04 00:49:09: [33m[nodemon] 3.1.9[39m
2025-04-04 00:49:09: [33m[nodemon] to restart at any time, enter `rs`[39m
2025-04-04 00:49:09: [33m[nodemon] watching path(s): src/**/*.ts[39m
2025-04-04 00:49:09: [33m[nodemon] watching extensions: ts[39m
2025-04-04 00:49:09: [32m[nodemon] starting `ts-node src/index.ts`[39m
2025-04-04 00:49:13: [31m[nodemon] app crashed - waiting for file changes before starting...[39m
2025-04-04 00:49:14: 
2025-04-04 00:49:14: > service_provider@1.0.0 dev
2025-04-04 00:49:14: > cross-env NODE_ENV=development nodemon --watch 'src/**/*.ts' --exec 'ts-node' src/index.ts
2025-04-04 00:49:14: 
2025-04-04 00:49:14: [33m[nodemon] 3.1.9[39m
2025-04-04 00:49:14: [33m[nodemon] to restart at any time, enter `rs`[39m
2025-04-04 00:49:14: [33m[nodemon] watching path(s): src/**/*.ts[39m
2025-04-04 00:49:14: [33m[nodemon] watching extensions: ts[39m
2025-04-04 00:49:14: [32m[nodemon] starting `ts-node src/index.ts`[39m
2025-04-04 00:49:18: [31m[nodemon] app crashed - waiting for file changes before starting...[39m
2025-04-04 00:49:18: 
2025-04-04 00:49:18: > service_provider@1.0.0 dev
2025-04-04 00:49:18: > cross-env NODE_ENV=development nodemon --watch 'src/**/*.ts' --exec 'ts-node' src/index.ts
2025-04-04 00:49:18: 
2025-04-04 00:49:18: [33m[nodemon] 3.1.9[39m
2025-04-04 00:49:18: [33m[nodemon] to restart at any time, enter `rs`[39m
2025-04-04 00:49:18: [33m[nodemon] watching path(s): src/**/*.ts[39m
2025-04-04 00:49:18: [33m[nodemon] watching extensions: ts[39m
2025-04-04 00:49:18: [32m[nodemon] starting `ts-node src/index.ts`[39m
2025-04-04 00:49:22: [31m[nodemon] app crashed - waiting for file changes before starting...[39m
2025-04-04 00:49:22: 
2025-04-04 00:49:22: > service_provider@1.0.0 dev
2025-04-04 00:49:22: > cross-env NODE_ENV=development nodemon --watch 'src/**/*.ts' --exec 'ts-node' src/index.ts
2025-04-04 00:49:22: 
2025-04-04 00:49:22: [33m[nodemon] 3.1.9[39m
2025-04-04 00:49:22: [33m[nodemon] to restart at any time, enter `rs`[39m
2025-04-04 00:49:22: [33m[nodemon] watching path(s): src/**/*.ts[39m
2025-04-04 00:49:22: [33m[nodemon] watching extensions: ts[39m
2025-04-04 00:49:22: [32m[nodemon] starting `ts-node src/index.ts`[39m
2025-04-04 00:49:26: [31m[nodemon] app crashed - waiting for file changes before starting...[39m
2025-04-04 00:49:27: 
2025-04-04 00:49:27: > service_provider@1.0.0 dev
2025-04-04 00:49:27: > cross-env NODE_ENV=development nodemon --watch 'src/**/*.ts' --exec 'ts-node' src/index.ts
2025-04-04 00:49:27: 
2025-04-04 00:49:27: [33m[nodemon] 3.1.9[39m
2025-04-04 00:49:27: [33m[nodemon] to restart at any time, enter `rs`[39m
2025-04-04 00:49:27: [33m[nodemon] watching path(s): src/**/*.ts[39m
2025-04-04 00:49:27: [33m[nodemon] watching extensions: ts[39m
2025-04-04 00:49:27: [32m[nodemon] starting `ts-node src/index.ts`[39m
2025-04-04 00:49:31: [31m[nodemon] app crashed - waiting for file changes before starting...[39m
2025-04-04 00:49:31: 
2025-04-04 00:49:31: > service_provider@1.0.0 dev
2025-04-04 00:49:31: > cross-env NODE_ENV=development nodemon --watch 'src/**/*.ts' --exec 'ts-node' src/index.ts
2025-04-04 00:49:31: 
2025-04-04 00:49:31: [33m[nodemon] 3.1.9[39m
2025-04-04 00:49:31: [33m[nodemon] to restart at any time, enter `rs`[39m
2025-04-04 00:49:31: [33m[nodemon] watching path(s): src/**/*.ts[39m
2025-04-04 00:49:31: [33m[nodemon] watching extensions: ts[39m
2025-04-04 00:49:31: [32m[nodemon] starting `ts-node src/index.ts`[39m
2025-04-04 00:49:35: [31m[nodemon] app crashed - waiting for file changes before starting...[39m
2025-04-04 00:49:35: 
2025-04-04 00:49:35: > service_provider@1.0.0 dev
2025-04-04 00:49:35: > cross-env NODE_ENV=development nodemon --watch 'src/**/*.ts' --exec 'ts-node' src/index.ts
2025-04-04 00:49:35: 
2025-04-04 00:49:36: [33m[nodemon] 3.1.9[39m
2025-04-04 00:49:36: [33m[nodemon] to restart at any time, enter `rs`[39m
2025-04-04 00:49:36: [33m[nodemon] watching path(s): src/**/*.ts[39m
2025-04-04 00:49:36: [33m[nodemon] watching extensions: ts[39m
2025-04-04 00:49:36: [32m[nodemon] starting `ts-node src/index.ts`[39m
2025-04-04 00:49:39: [31m[nodemon] app crashed - waiting for file changes before starting...[39m
2025-04-04 00:49:40: 
2025-04-04 00:49:40: > service_provider@1.0.0 dev
2025-04-04 00:49:40: > cross-env NODE_ENV=development nodemon --watch 'src/**/*.ts' --exec 'ts-node' src/index.ts
2025-04-04 00:49:40: 
2025-04-04 00:49:40: [33m[nodemon] 3.1.9[39m
2025-04-04 00:49:40: [33m[nodemon] to restart at any time, enter `rs`[39m
2025-04-04 00:49:40: [33m[nodemon] watching path(s): src/**/*.ts[39m
2025-04-04 00:49:40: [33m[nodemon] watching extensions: ts[39m
2025-04-04 00:49:40: [32m[nodemon] starting `ts-node src/index.ts`[39m
2025-04-04 00:49:44: [31m[nodemon] app crashed - waiting for file changes before starting...[39m
2025-04-04 00:49:44: 
2025-04-04 00:49:44: > service_provider@1.0.0 dev
2025-04-04 00:49:44: > cross-env NODE_ENV=development nodemon --watch 'src/**/*.ts' --exec 'ts-node' src/index.ts
2025-04-04 00:49:44: 
2025-04-04 00:49:44: [33m[nodemon] 3.1.9[39m
2025-04-04 00:49:44: [33m[nodemon] to restart at any time, enter `rs`[39m
2025-04-04 00:49:44: [33m[nodemon] watching path(s): src/**/*.ts[39m
2025-04-04 00:49:44: [33m[nodemon] watching extensions: ts[39m
2025-04-04 00:49:44: [32m[nodemon] starting `ts-node src/index.ts`[39m
2025-04-04 00:49:48: [31m[nodemon] app crashed - waiting for file changes before starting...[39m
2025-04-04 00:49:48: 
2025-04-04 00:49:48: > service_provider@1.0.0 dev
2025-04-04 00:49:48: > cross-env NODE_ENV=development nodemon --watch 'src/**/*.ts' --exec 'ts-node' src/index.ts
2025-04-04 00:49:48: 
2025-04-04 00:49:48: [33m[nodemon] 3.1.9[39m
2025-04-04 00:49:48: [33m[nodemon] to restart at any time, enter `rs`[39m
2025-04-04 00:49:48: [33m[nodemon] watching path(s): src/**/*.ts[39m
2025-04-04 00:49:48: [33m[nodemon] watching extensions: ts[39m
2025-04-04 00:49:48: [32m[nodemon] starting `ts-node src/index.ts`[39m
2025-04-04 00:49:52: [31m[nodemon] app crashed - waiting for file changes before starting...[39m
2025-04-04 00:49:53: 
2025-04-04 00:49:53: > service_provider@1.0.0 dev
2025-04-04 00:49:53: > cross-env NODE_ENV=development nodemon --watch 'src/**/*.ts' --exec 'ts-node' src/index.ts
2025-04-04 00:49:53: 
2025-04-04 00:49:53: [33m[nodemon] 3.1.9[39m
2025-04-04 00:49:53: [33m[nodemon] to restart at any time, enter `rs`[39m
2025-04-04 00:49:53: [33m[nodemon] watching path(s): src/**/*.ts[39m
2025-04-04 00:49:53: [33m[nodemon] watching extensions: ts[39m
2025-04-04 00:49:53: [32m[nodemon] starting `ts-node src/index.ts`[39m
2025-04-04 00:49:57: [31m[nodemon] app crashed - waiting for file changes before starting...[39m
2025-04-04 00:49:57: 
2025-04-04 00:49:57: > service_provider@1.0.0 dev
2025-04-04 00:49:57: > cross-env NODE_ENV=development nodemon --watch 'src/**/*.ts' --exec 'ts-node' src/index.ts
2025-04-04 00:49:57: 
2025-04-04 00:49:57: [33m[nodemon] 3.1.9[39m
2025-04-04 00:49:57: [33m[nodemon] to restart at any time, enter `rs`[39m
2025-04-04 00:49:57: [33m[nodemon] watching path(s): src/**/*.ts[39m
2025-04-04 00:49:57: [33m[nodemon] watching extensions: ts[39m
2025-04-04 00:49:57: [32m[nodemon] starting `ts-node src/index.ts`[39m
2025-04-04 00:50:01: [31m[nodemon] app crashed - waiting for file changes before starting...[39m
2025-04-04 00:50:01: 
2025-04-04 00:50:01: > service_provider@1.0.0 dev
2025-04-04 00:50:01: > cross-env NODE_ENV=development nodemon --watch 'src/**/*.ts' --exec 'ts-node' src/index.ts
2025-04-04 00:50:01: 
2025-04-04 00:50:02: [33m[nodemon] 3.1.9[39m
2025-04-04 00:50:02: [33m[nodemon] to restart at any time, enter `rs`[39m
2025-04-04 00:50:02: [33m[nodemon] watching path(s): src/**/*.ts[39m
2025-04-04 00:50:02: [33m[nodemon] watching extensions: ts[39m
2025-04-04 00:50:02: [32m[nodemon] starting `ts-node src/index.ts`[39m
2025-04-04 00:50:05: [31m[nodemon] app crashed - waiting for file changes before starting...[39m
2025-04-04 00:50:06: 
2025-04-04 00:50:06: > service_provider@1.0.0 dev
2025-04-04 00:50:06: > cross-env NODE_ENV=development nodemon --watch 'src/**/*.ts' --exec 'ts-node' src/index.ts
2025-04-04 00:50:06: 
2025-04-04 00:50:06: [33m[nodemon] 3.1.9[39m
2025-04-04 00:50:06: [33m[nodemon] to restart at any time, enter `rs`[39m
2025-04-04 00:50:06: [33m[nodemon] watching path(s): src/**/*.ts[39m
2025-04-04 00:50:06: [33m[nodemon] watching extensions: ts[39m
2025-04-04 00:50:06: [32m[nodemon] starting `ts-node src/index.ts`[39m
2025-04-04 00:50:10: [31m[nodemon] app crashed - waiting for file changes before starting...[39m
2025-04-04 00:50:10: 
2025-04-04 00:50:10: > service_provider@1.0.0 dev
2025-04-04 00:50:10: > cross-env NODE_ENV=development nodemon --watch 'src/**/*.ts' --exec 'ts-node' src/index.ts
2025-04-04 00:50:10: 
2025-04-04 00:50:11: [33m[nodemon] 3.1.9[39m
2025-04-04 00:50:11: [33m[nodemon] to restart at any time, enter `rs`[39m
2025-04-04 00:50:11: [33m[nodemon] watching path(s): src/**/*.ts[39m
2025-04-04 00:50:11: [33m[nodemon] watching extensions: ts[39m
2025-04-04 00:50:11: [32m[nodemon] starting `ts-node src/index.ts`[39m
2025-04-04 00:50:15: [31m[nodemon] app crashed - waiting for file changes before starting...[39m
2025-04-04 00:50:15: 
2025-04-04 00:50:15: > service_provider@1.0.0 dev
2025-04-04 00:50:15: > cross-env NODE_ENV=development nodemon --watch 'src/**/*.ts' --exec 'ts-node' src/index.ts
2025-04-04 00:50:15: 
2025-04-04 00:50:15: [33m[nodemon] 3.1.9[39m
2025-04-04 00:50:15: [33m[nodemon] to restart at any time, enter `rs`[39m
2025-04-04 00:50:15: [33m[nodemon] watching path(s): src/**/*.ts[39m
2025-04-04 00:50:15: [33m[nodemon] watching extensions: ts[39m
2025-04-04 00:50:15: [32m[nodemon] starting `ts-node src/index.ts`[39m
2025-04-04 00:50:19: [31m[nodemon] app crashed - waiting for file changes before starting...[39m
2025-04-04 00:50:20: 
2025-04-04 00:50:20: > service_provider@1.0.0 dev
2025-04-04 00:50:20: > cross-env NODE_ENV=development nodemon --watch 'src/**/*.ts' --exec 'ts-node' src/index.ts
2025-04-04 00:50:20: 
2025-04-04 00:50:20: [33m[nodemon] 3.1.9[39m
2025-04-04 00:50:20: [33m[nodemon] to restart at any time, enter `rs`[39m
2025-04-04 00:50:20: [33m[nodemon] watching path(s): src/**/*.ts[39m
2025-04-04 00:50:20: [33m[nodemon] watching extensions: ts[39m
2025-04-04 00:50:20: [32m[nodemon] starting `ts-node src/index.ts`[39m
2025-04-04 00:50:24: [31m[nodemon] app crashed - waiting for file changes before starting...[39m
2025-04-04 00:50:24: 
2025-04-04 00:50:24: > service_provider@1.0.0 dev
2025-04-04 00:50:24: > cross-env NODE_ENV=development nodemon --watch 'src/**/*.ts' --exec 'ts-node' src/index.ts
2025-04-04 00:50:24: 
2025-04-04 00:50:24: [33m[nodemon] 3.1.9[39m
2025-04-04 00:50:24: [33m[nodemon] to restart at any time, enter `rs`[39m
2025-04-04 00:50:24: [33m[nodemon] watching path(s): src/**/*.ts[39m
2025-04-04 00:50:24: [33m[nodemon] watching extensions: ts[39m
2025-04-04 00:50:24: [32m[nodemon] starting `ts-node src/index.ts`[39m
2025-04-04 00:50:28: [31m[nodemon] app crashed - waiting for file changes before starting...[39m
2025-04-04 00:50:29: 
2025-04-04 00:50:29: > service_provider@1.0.0 dev
2025-04-04 00:50:29: > cross-env NODE_ENV=development nodemon --watch 'src/**/*.ts' --exec 'ts-node' src/index.ts
2025-04-04 00:50:29: 
2025-04-04 00:50:29: [33m[nodemon] 3.1.9[39m
2025-04-04 00:50:29: [33m[nodemon] to restart at any time, enter `rs`[39m
2025-04-04 00:50:29: [33m[nodemon] watching path(s): src/**/*.ts[39m
2025-04-04 00:50:29: [33m[nodemon] watching extensions: ts[39m
2025-04-04 00:50:29: [32m[nodemon] starting `ts-node src/index.ts`[39m
2025-04-04 00:50:33: [31m[nodemon] app crashed - waiting for file changes before starting...[39m
2025-04-04 00:50:33: 
2025-04-04 00:50:33: > service_provider@1.0.0 dev
2025-04-04 00:50:33: > cross-env NODE_ENV=development nodemon --watch 'src/**/*.ts' --exec 'ts-node' src/index.ts
2025-04-04 00:50:33: 
2025-04-04 00:50:33: [33m[nodemon] 3.1.9[39m
2025-04-04 00:50:33: [33m[nodemon] to restart at any time, enter `rs`[39m
2025-04-04 00:50:33: [33m[nodemon] watching path(s): src/**/*.ts[39m
2025-04-04 00:50:33: [33m[nodemon] watching extensions: ts[39m
2025-04-04 00:50:33: [32m[nodemon] starting `ts-node src/index.ts`[39m
2025-04-04 00:50:34: 
2025-04-04 00:50:34: > service_provider@1.0.0 dev
2025-04-04 00:50:34: > cross-env NODE_ENV=development nodemon --watch 'src/**/*.ts' --exec 'ts-node' src/index.ts
2025-04-04 00:50:34: 
2025-04-04 00:50:34: [33m[nodemon] 3.1.9[39m
2025-04-04 00:50:34: [33m[nodemon] to restart at any time, enter `rs`[39m
2025-04-04 00:50:34: [33m[nodemon] watching path(s): src/**/*.ts[39m
2025-04-04 00:50:34: [33m[nodemon] watching extensions: ts[39m
2025-04-04 00:50:34: [32m[nodemon] starting `ts-node src/index.ts`[39m
2025-04-04 00:50:38: [31m[nodemon] app crashed - waiting for file changes before starting...[39m
2025-04-04 00:50:38: 
2025-04-04 00:50:38: > service_provider@1.0.0 dev
2025-04-04 00:50:38: > cross-env NODE_ENV=development nodemon --watch 'src/**/*.ts' --exec 'ts-node' src/index.ts
2025-04-04 00:50:38: 
2025-04-04 00:50:38: [33m[nodemon] 3.1.9[39m
2025-04-04 00:50:38: [33m[nodemon] to restart at any time, enter `rs`[39m
2025-04-04 00:50:38: [33m[nodemon] watching path(s): src/**/*.ts[39m
2025-04-04 00:50:38: [33m[nodemon] watching extensions: ts[39m
2025-04-04 00:50:38: [32m[nodemon] starting `ts-node src/index.ts`[39m
2025-04-04 00:50:43: [31m[nodemon] app crashed - waiting for file changes before starting...[39m
2025-04-04 00:50:43: 
2025-04-04 00:50:43: > service_provider@1.0.0 dev
2025-04-04 00:50:43: > cross-env NODE_ENV=development nodemon --watch 'src/**/*.ts' --exec 'ts-node' src/index.ts
2025-04-04 00:50:43: 
2025-04-04 00:50:44: [33m[nodemon] 3.1.9[39m
2025-04-04 00:50:44: [33m[nodemon] to restart at any time, enter `rs`[39m
2025-04-04 00:50:44: [33m[nodemon] watching path(s): src/**/*.ts[39m
2025-04-04 00:50:44: [33m[nodemon] watching extensions: ts[39m
2025-04-04 00:50:44: [32m[nodemon] starting `ts-node src/index.ts`[39m
2025-04-04 00:50:48: 
2025-04-04 00:50:48: > service_provider@1.0.0 dev
2025-04-04 00:50:48: > cross-env NODE_ENV=development nodemon --watch 'src/**/*.ts' --exec 'ts-node' src/index.ts
2025-04-04 00:50:48: 
2025-04-04 00:50:48: [33m[nodemon] 3.1.9[39m
2025-04-04 00:50:48: [33m[nodemon] to restart at any time, enter `rs`[39m
2025-04-04 00:50:48: [33m[nodemon] watching path(s): src/**/*.ts[39m
2025-04-04 00:50:48: [33m[nodemon] watching extensions: ts[39m
2025-04-04 00:50:48: [32m[nodemon] starting `ts-node src/index.ts`[39m
2025-04-04 00:50:52: [31m[nodemon] app crashed - waiting for file changes before starting...[39m
2025-04-04 00:50:52: 
2025-04-04 00:50:52: > service_provider@1.0.0 dev
2025-04-04 00:50:52: > cross-env NODE_ENV=development nodemon --watch 'src/**/*.ts' --exec 'ts-node' src/index.ts
2025-04-04 00:50:52: 
2025-04-04 00:50:52: [33m[nodemon] 3.1.9[39m
2025-04-04 00:50:52: [33m[nodemon] to restart at any time, enter `rs`[39m
2025-04-04 00:50:52: [33m[nodemon] watching path(s): src/**/*.ts[39m
2025-04-04 00:50:52: [33m[nodemon] watching extensions: ts[39m
2025-04-04 00:50:52: [32m[nodemon] starting `ts-node src/index.ts`[39m
2025-04-04 00:50:56: [31m[nodemon] app crashed - waiting for file changes before starting...[39m
2025-04-04 00:50:57: 
2025-04-04 00:50:57: > service_provider@1.0.0 dev
2025-04-04 00:50:57: > cross-env NODE_ENV=development nodemon --watch 'src/**/*.ts' --exec 'ts-node' src/index.ts
2025-04-04 00:50:57: 
2025-04-04 00:50:57: [33m[nodemon] 3.1.9[39m
2025-04-04 00:50:57: [33m[nodemon] to restart at any time, enter `rs`[39m
2025-04-04 00:50:57: [33m[nodemon] watching path(s): src/**/*.ts[39m
2025-04-04 00:50:57: [33m[nodemon] watching extensions: ts[39m
2025-04-04 00:50:57: [32m[nodemon] starting `ts-node src/index.ts`[39m
2025-04-04 00:51:01: [31m[nodemon] app crashed - waiting for file changes before starting...[39m
2025-04-04 00:51:01: 
2025-04-04 00:51:01: > service_provider@1.0.0 dev
2025-04-04 00:51:01: > cross-env NODE_ENV=development nodemon --watch 'src/**/*.ts' --exec 'ts-node' src/index.ts
2025-04-04 00:51:01: 
2025-04-04 00:51:01: [33m[nodemon] 3.1.9[39m
2025-04-04 00:51:01: [33m[nodemon] to restart at any time, enter `rs`[39m
2025-04-04 00:51:01: [33m[nodemon] watching path(s): src/**/*.ts[39m
2025-04-04 00:51:01: [33m[nodemon] watching extensions: ts[39m
2025-04-04 00:51:01: [32m[nodemon] starting `ts-node src/index.ts`[39m
2025-04-04 00:51:05: [31m[nodemon] app crashed - waiting for file changes before starting...[39m
2025-04-04 00:51:06: 
2025-04-04 00:51:06: > service_provider@1.0.0 dev
2025-04-04 00:51:06: > cross-env NODE_ENV=development nodemon --watch 'src/**/*.ts' --exec 'ts-node' src/index.ts
2025-04-04 00:51:06: 
2025-04-04 00:51:06: [33m[nodemon] 3.1.9[39m
2025-04-04 00:51:06: [33m[nodemon] to restart at any time, enter `rs`[39m
2025-04-04 00:51:06: [33m[nodemon] watching path(s): src/**/*.ts[39m
2025-04-04 00:51:06: [33m[nodemon] watching extensions: ts[39m
2025-04-04 00:51:06: [32m[nodemon] starting `ts-node src/index.ts`[39m
2025-04-04 00:51:10: [31m[nodemon] app crashed - waiting for file changes before starting...[39m
2025-04-04 00:51:10: 
2025-04-04 00:51:10: > service_provider@1.0.0 dev
2025-04-04 00:51:10: > cross-env NODE_ENV=development nodemon --watch 'src/**/*.ts' --exec 'ts-node' src/index.ts
2025-04-04 00:51:10: 
2025-04-04 00:51:10: [33m[nodemon] 3.1.9[39m
2025-04-04 00:51:10: [33m[nodemon] to restart at any time, enter `rs`[39m
2025-04-04 00:51:10: [33m[nodemon] watching path(s): src/**/*.ts[39m
2025-04-04 00:51:10: [33m[nodemon] watching extensions: ts[39m
2025-04-04 00:51:10: [32m[nodemon] starting `ts-node src/index.ts`[39m
2025-04-04 00:51:14: [31m[nodemon] app crashed - waiting for file changes before starting...[39m
2025-04-04 00:51:14: 
2025-04-04 00:51:14: > service_provider@1.0.0 dev
2025-04-04 00:51:14: > cross-env NODE_ENV=development nodemon --watch 'src/**/*.ts' --exec 'ts-node' src/index.ts
2025-04-04 00:51:14: 
2025-04-04 00:51:14: [33m[nodemon] 3.1.9[39m
2025-04-04 00:51:14: [33m[nodemon] to restart at any time, enter `rs`[39m
2025-04-04 00:51:14: [33m[nodemon] watching path(s): src/**/*.ts[39m
2025-04-04 00:51:14: [33m[nodemon] watching extensions: ts[39m
2025-04-04 00:51:14: [32m[nodemon] starting `ts-node src/index.ts`[39m
2025-04-04 00:51:18: [31m[nodemon] app crashed - waiting for file changes before starting...[39m
2025-04-04 00:51:19: 
2025-04-04 00:51:19: > service_provider@1.0.0 dev
2025-04-04 00:51:19: > cross-env NODE_ENV=development nodemon --watch 'src/**/*.ts' --exec 'ts-node' src/index.ts
2025-04-04 00:51:19: 
2025-04-04 00:51:19: [33m[nodemon] 3.1.9[39m
2025-04-04 00:51:19: [33m[nodemon] to restart at any time, enter `rs`[39m
2025-04-04 00:51:19: [33m[nodemon] watching path(s): src/**/*.ts[39m
2025-04-04 00:51:19: [33m[nodemon] watching extensions: ts[39m
2025-04-04 00:51:19: [32m[nodemon] starting `ts-node src/index.ts`[39m
2025-04-04 00:51:21: [32m[nodemon] restarting due to changes...[39m
2025-04-04 00:51:21: [32m[nodemon] starting `ts-node src/index.ts`[39m
2025-04-04 00:51:21: 
2025-04-04 00:51:21: > service_provider@1.0.0 dev
2025-04-04 00:51:21: > cross-env NODE_ENV=development nodemon --watch 'src/**/*.ts' --exec 'ts-node' src/index.ts
2025-04-04 00:51:21: 
2025-04-04 00:51:21: [33m[nodemon] 3.1.9[39m
2025-04-04 00:51:21: [33m[nodemon] to restart at any time, enter `rs`[39m
2025-04-04 00:51:21: [33m[nodemon] watching path(s): src/**/*.ts[39m
2025-04-04 00:51:21: [33m[nodemon] watching extensions: ts[39m
2025-04-04 00:51:21: [32m[nodemon] starting `ts-node src/index.ts`[39m
2025-04-04 00:51:25: [31m[nodemon] app crashed - waiting for file changes before starting...[39m
2025-04-04 00:51:26: 
2025-04-04 00:51:26: > service_provider@1.0.0 dev
2025-04-04 00:51:26: > cross-env NODE_ENV=development nodemon --watch 'src/**/*.ts' --exec 'ts-node' src/index.ts
2025-04-04 00:51:26: 
2025-04-04 00:51:26: [33m[nodemon] 3.1.9[39m
2025-04-04 00:51:26: [33m[nodemon] to restart at any time, enter `rs`[39m
2025-04-04 00:51:26: [33m[nodemon] watching path(s): src/**/*.ts[39m
2025-04-04 00:51:26: [33m[nodemon] watching extensions: ts[39m
2025-04-04 00:51:26: [32m[nodemon] starting `ts-node src/index.ts`[39m
2025-04-04 00:51:30: [31m[nodemon] app crashed - waiting for file changes before starting...[39m
2025-04-04 00:51:30: 
2025-04-04 00:51:30: > service_provider@1.0.0 dev
2025-04-04 00:51:30: > cross-env NODE_ENV=development nodemon --watch 'src/**/*.ts' --exec 'ts-node' src/index.ts
2025-04-04 00:51:30: 
2025-04-04 00:51:30: [33m[nodemon] 3.1.9[39m
2025-04-04 00:51:30: [33m[nodemon] to restart at any time, enter `rs`[39m
2025-04-04 00:51:30: [33m[nodemon] watching path(s): src/**/*.ts[39m
2025-04-04 00:51:30: [33m[nodemon] watching extensions: ts[39m
2025-04-04 00:51:30: [32m[nodemon] starting `ts-node src/index.ts`[39m
2025-04-04 00:51:33: 
2025-04-04 00:51:33: > service_provider@1.0.0 dev
2025-04-04 00:51:33: > cross-env NODE_ENV=development nodemon --watch 'src/**/*.ts' --exec 'ts-node' src/index.ts
2025-04-04 00:51:33: 
2025-04-04 00:51:33: [33m[nodemon] 3.1.9[39m
2025-04-04 00:51:33: [33m[nodemon] to restart at any time, enter `rs`[39m
2025-04-04 00:51:33: [33m[nodemon] watching path(s): src/**/*.ts[39m
2025-04-04 00:51:33: [33m[nodemon] watching extensions: ts[39m
2025-04-04 00:51:33: [32m[nodemon] starting `ts-node src/index.ts`[39m
2025-04-04 00:51:37: [31m[nodemon] app crashed - waiting for file changes before starting...[39m
2025-04-04 00:51:37: 
2025-04-04 00:51:37: > service_provider@1.0.0 dev
2025-04-04 00:51:37: > cross-env NODE_ENV=development nodemon --watch 'src/**/*.ts' --exec 'ts-node' src/index.ts
2025-04-04 00:51:37: 
2025-04-04 00:51:37: [33m[nodemon] 3.1.9[39m
2025-04-04 00:51:37: [33m[nodemon] to restart at any time, enter `rs`[39m
2025-04-04 00:51:37: [33m[nodemon] watching path(s): src/**/*.ts[39m
2025-04-04 00:51:37: [33m[nodemon] watching extensions: ts[39m
2025-04-04 00:51:37: [32m[nodemon] starting `ts-node src/index.ts`[39m
2025-04-04 00:51:41: [31m[nodemon] app crashed - waiting for file changes before starting...[39m
2025-04-04 00:51:41: 
2025-04-04 00:51:41: > service_provider@1.0.0 dev
2025-04-04 00:51:41: > cross-env NODE_ENV=development nodemon --watch 'src/**/*.ts' --exec 'ts-node' src/index.ts
2025-04-04 00:51:41: 
2025-04-04 00:51:42: [33m[nodemon] 3.1.9[39m
2025-04-04 00:51:42: [33m[nodemon] to restart at any time, enter `rs`[39m
2025-04-04 00:51:42: [33m[nodemon] watching path(s): src/**/*.ts[39m
2025-04-04 00:51:42: [33m[nodemon] watching extensions: ts[39m
2025-04-04 00:51:42: [32m[nodemon] starting `ts-node src/index.ts`[39m
2025-04-04 00:51:46: [31m[nodemon] app crashed - waiting for file changes before starting...[39m
2025-04-04 00:51:46: 
2025-04-04 00:51:46: > service_provider@1.0.0 dev
2025-04-04 00:51:46: > cross-env NODE_ENV=development nodemon --watch 'src/**/*.ts' --exec 'ts-node' src/index.ts
2025-04-04 00:51:46: 
2025-04-04 00:51:46: [33m[nodemon] 3.1.9[39m
2025-04-04 00:51:46: [33m[nodemon] to restart at any time, enter `rs`[39m
2025-04-04 00:51:46: [33m[nodemon] watching path(s): src/**/*.ts[39m
2025-04-04 00:51:46: [33m[nodemon] watching extensions: ts[39m
2025-04-04 00:51:46: [32m[nodemon] starting `ts-node src/index.ts`[39m
2025-04-04 00:51:50: [31m[nodemon] app crashed - waiting for file changes before starting...[39m
2025-04-04 00:51:50: 
2025-04-04 00:51:50: > service_provider@1.0.0 dev
2025-04-04 00:51:50: > cross-env NODE_ENV=development nodemon --watch 'src/**/*.ts' --exec 'ts-node' src/index.ts
2025-04-04 00:51:50: 
2025-04-04 00:51:51: [33m[nodemon] 3.1.9[39m
2025-04-04 00:51:51: [33m[nodemon] to restart at any time, enter `rs`[39m
2025-04-04 00:51:51: [33m[nodemon] watching path(s): src/**/*.ts[39m
2025-04-04 00:51:51: [33m[nodemon] watching extensions: ts[39m
2025-04-04 00:51:51: [32m[nodemon] starting `ts-node src/index.ts`[39m
2025-04-04 00:51:55: [31m[nodemon] app crashed - waiting for file changes before starting...[39m
2025-04-04 00:51:55: 
2025-04-04 00:51:55: > service_provider@1.0.0 dev
2025-04-04 00:51:55: > cross-env NODE_ENV=development nodemon --watch 'src/**/*.ts' --exec 'ts-node' src/index.ts
2025-04-04 00:51:55: 
2025-04-04 00:51:55: [33m[nodemon] 3.1.9[39m
2025-04-04 00:51:55: [33m[nodemon] to restart at any time, enter `rs`[39m
2025-04-04 00:51:55: [33m[nodemon] watching path(s): src/**/*.ts[39m
2025-04-04 00:51:55: [33m[nodemon] watching extensions: ts[39m
2025-04-04 00:51:55: [32m[nodemon] starting `ts-node src/index.ts`[39m
2025-04-04 00:51:59: [31m[nodemon] app crashed - waiting for file changes before starting...[39m
2025-04-04 00:51:59: 
2025-04-04 00:51:59: > service_provider@1.0.0 dev
2025-04-04 00:51:59: > cross-env NODE_ENV=development nodemon --watch 'src/**/*.ts' --exec 'ts-node' src/index.ts
2025-04-04 00:51:59: 
2025-04-04 00:52:00: [33m[nodemon] 3.1.9[39m
2025-04-04 00:52:00: [33m[nodemon] to restart at any time, enter `rs`[39m
2025-04-04 00:52:00: [33m[nodemon] watching path(s): src/**/*.ts[39m
2025-04-04 00:52:00: [33m[nodemon] watching extensions: ts[39m
2025-04-04 00:52:00: [32m[nodemon] starting `ts-node src/index.ts`[39m
2025-04-04 00:52:04: [31m[nodemon] app crashed - waiting for file changes before starting...[39m
2025-04-04 00:52:04: 
2025-04-04 00:52:04: > service_provider@1.0.0 dev
2025-04-04 00:52:04: > cross-env NODE_ENV=development nodemon --watch 'src/**/*.ts' --exec 'ts-node' src/index.ts
2025-04-04 00:52:04: 
2025-04-04 00:52:04: [33m[nodemon] 3.1.9[39m
2025-04-04 00:52:04: [33m[nodemon] to restart at any time, enter `rs`[39m
2025-04-04 00:52:04: [33m[nodemon] watching path(s): src/**/*.ts[39m
2025-04-04 00:52:04: [33m[nodemon] watching extensions: ts[39m
2025-04-04 00:52:04: [32m[nodemon] starting `ts-node src/index.ts`[39m
2025-04-04 00:52:08: [31m[nodemon] app crashed - waiting for file changes before starting...[39m
2025-04-04 00:52:08: 
2025-04-04 00:52:08: > service_provider@1.0.0 dev
2025-04-04 00:52:08: > cross-env NODE_ENV=development nodemon --watch 'src/**/*.ts' --exec 'ts-node' src/index.ts
2025-04-04 00:52:08: 
2025-04-04 00:52:08: [33m[nodemon] 3.1.9[39m
2025-04-04 00:52:08: [33m[nodemon] to restart at any time, enter `rs`[39m
2025-04-04 00:52:08: [33m[nodemon] watching path(s): src/**/*.ts[39m
2025-04-04 00:52:08: [33m[nodemon] watching extensions: ts[39m
2025-04-04 00:52:08: [32m[nodemon] starting `ts-node src/index.ts`[39m
2025-04-04 00:52:12: [31m[nodemon] app crashed - waiting for file changes before starting...[39m
2025-04-04 00:52:13: 
2025-04-04 00:52:13: > service_provider@1.0.0 dev
2025-04-04 00:52:13: > cross-env NODE_ENV=development nodemon --watch 'src/**/*.ts' --exec 'ts-node' src/index.ts
2025-04-04 00:52:13: 
2025-04-04 00:52:13: [33m[nodemon] 3.1.9[39m
2025-04-04 00:52:13: [33m[nodemon] to restart at any time, enter `rs`[39m
2025-04-04 00:52:13: [33m[nodemon] watching path(s): src/**/*.ts[39m
2025-04-04 00:52:13: [33m[nodemon] watching extensions: ts[39m
2025-04-04 00:52:13: [32m[nodemon] starting `ts-node src/index.ts`[39m
2025-04-04 00:52:17: [31m[nodemon] app crashed - waiting for file changes before starting...[39m
2025-04-04 00:52:17: 
2025-04-04 00:52:17: > service_provider@1.0.0 dev
2025-04-04 00:52:17: > cross-env NODE_ENV=development nodemon --watch 'src/**/*.ts' --exec 'ts-node' src/index.ts
2025-04-04 00:52:17: 
2025-04-04 00:52:17: [33m[nodemon] 3.1.9[39m
2025-04-04 00:52:17: [33m[nodemon] to restart at any time, enter `rs`[39m
2025-04-04 00:52:17: [33m[nodemon] watching path(s): src/**/*.ts[39m
2025-04-04 00:52:17: [33m[nodemon] watching extensions: ts[39m
2025-04-04 00:52:17: [32m[nodemon] starting `ts-node src/index.ts`[39m
2025-04-04 00:52:21: [31m[nodemon] app crashed - waiting for file changes before starting...[39m
2025-04-04 00:52:22: 
2025-04-04 00:52:22: > service_provider@1.0.0 dev
2025-04-04 00:52:22: > cross-env NODE_ENV=development nodemon --watch 'src/**/*.ts' --exec 'ts-node' src/index.ts
2025-04-04 00:52:22: 
2025-04-04 00:52:22: [33m[nodemon] 3.1.9[39m
2025-04-04 00:52:22: [33m[nodemon] to restart at any time, enter `rs`[39m
2025-04-04 00:52:22: [33m[nodemon] watching path(s): src/**/*.ts[39m
2025-04-04 00:52:22: [33m[nodemon] watching extensions: ts[39m
2025-04-04 00:52:22: [32m[nodemon] starting `ts-node src/index.ts`[39m
2025-04-04 00:52:26: [31m[nodemon] app crashed - waiting for file changes before starting...[39m
2025-04-04 00:52:26: 
2025-04-04 00:52:26: > service_provider@1.0.0 dev
2025-04-04 00:52:26: > cross-env NODE_ENV=development nodemon --watch 'src/**/*.ts' --exec 'ts-node' src/index.ts
2025-04-04 00:52:26: 
2025-04-04 00:52:26: [33m[nodemon] 3.1.9[39m
2025-04-04 00:52:26: [33m[nodemon] to restart at any time, enter `rs`[39m
2025-04-04 00:52:26: [33m[nodemon] watching path(s): src/**/*.ts[39m
2025-04-04 00:52:26: [33m[nodemon] watching extensions: ts[39m
2025-04-04 00:52:26: [32m[nodemon] starting `ts-node src/index.ts`[39m
2025-04-04 00:52:28: [32m[nodemon] restarting due to changes...[39m
2025-04-04 00:52:28: [32m[nodemon] starting `ts-node src/index.ts`[39m
2025-04-04 00:52:28: 
2025-04-04 00:52:28: > service_provider@1.0.0 dev
2025-04-04 00:52:28: > cross-env NODE_ENV=development nodemon --watch 'src/**/*.ts' --exec 'ts-node' src/index.ts
2025-04-04 00:52:28: 
2025-04-04 00:52:28: [33m[nodemon] 3.1.9[39m
2025-04-04 00:52:28: [33m[nodemon] to restart at any time, enter `rs`[39m
2025-04-04 00:52:28: [33m[nodemon] watching path(s): src/**/*.ts[39m
2025-04-04 00:52:28: [33m[nodemon] watching extensions: ts[39m
2025-04-04 00:52:28: [32m[nodemon] starting `ts-node src/index.ts`[39m
2025-04-04 00:52:32: [31m[nodemon] app crashed - waiting for file changes before starting...[39m
2025-04-04 00:52:32: 
2025-04-04 00:52:32: > service_provider@1.0.0 dev
2025-04-04 00:52:32: > cross-env NODE_ENV=development nodemon --watch 'src/**/*.ts' --exec 'ts-node' src/index.ts
2025-04-04 00:52:32: 
2025-04-04 00:52:33: [33m[nodemon] 3.1.9[39m
2025-04-04 00:52:33: [33m[nodemon] to restart at any time, enter `rs`[39m
2025-04-04 00:52:33: [33m[nodemon] watching path(s): src/**/*.ts[39m
2025-04-04 00:52:33: [33m[nodemon] watching extensions: ts[39m
2025-04-04 00:52:33: [32m[nodemon] starting `ts-node src/index.ts`[39m
2025-04-04 00:52:37: [31m[nodemon] app crashed - waiting for file changes before starting...[39m
2025-04-04 00:52:37: 
2025-04-04 00:52:37: > service_provider@1.0.0 dev
2025-04-04 00:52:37: > cross-env NODE_ENV=development nodemon --watch 'src/**/*.ts' --exec 'ts-node' src/index.ts
2025-04-04 00:52:37: 
2025-04-04 00:52:37: [33m[nodemon] 3.1.9[39m
2025-04-04 00:52:37: [33m[nodemon] to restart at any time, enter `rs`[39m
2025-04-04 00:52:37: [33m[nodemon] watching path(s): src/**/*.ts[39m
2025-04-04 00:52:37: [33m[nodemon] watching extensions: ts[39m
2025-04-04 00:52:37: [32m[nodemon] starting `ts-node src/index.ts`[39m
2025-04-04 00:52:39: [32m[nodemon] restarting due to changes...[39m
2025-04-04 00:52:39: [32m[nodemon] starting `ts-node src/index.ts`[39m
2025-04-04 00:52:39: 
2025-04-04 00:52:39: > service_provider@1.0.0 dev
2025-04-04 00:52:39: > cross-env NODE_ENV=development nodemon --watch 'src/**/*.ts' --exec 'ts-node' src/index.ts
2025-04-04 00:52:39: 
2025-04-04 00:52:39: [33m[nodemon] 3.1.9[39m
2025-04-04 00:52:39: [33m[nodemon] to restart at any time, enter `rs`[39m
2025-04-04 00:52:39: [33m[nodemon] watching path(s): src/**/*.ts[39m
2025-04-04 00:52:39: [33m[nodemon] watching extensions: ts[39m
2025-04-04 00:52:39: [32m[nodemon] starting `ts-node src/index.ts`[39m
2025-04-04 00:52:43: [31m[nodemon] app crashed - waiting for file changes before starting...[39m
2025-04-04 00:52:44: 
2025-04-04 00:52:44: > service_provider@1.0.0 dev
2025-04-04 00:52:44: > cross-env NODE_ENV=development nodemon --watch 'src/**/*.ts' --exec 'ts-node' src/index.ts
2025-04-04 00:52:44: 
2025-04-04 00:52:44: [33m[nodemon] 3.1.9[39m
2025-04-04 00:52:44: [33m[nodemon] to restart at any time, enter `rs`[39m
2025-04-04 00:52:44: [33m[nodemon] watching path(s): src/**/*.ts[39m
2025-04-04 00:52:44: [33m[nodemon] watching extensions: ts[39m
2025-04-04 00:52:44: [32m[nodemon] starting `ts-node src/index.ts`[39m
2025-04-04 00:52:48: [31m[nodemon] app crashed - waiting for file changes before starting...[39m
2025-04-04 00:52:48: 
2025-04-04 00:52:48: > service_provider@1.0.0 dev
2025-04-04 00:52:48: > cross-env NODE_ENV=development nodemon --watch 'src/**/*.ts' --exec 'ts-node' src/index.ts
2025-04-04 00:52:48: 
2025-04-04 00:52:48: [33m[nodemon] 3.1.9[39m
2025-04-04 00:52:48: [33m[nodemon] to restart at any time, enter `rs`[39m
2025-04-04 00:52:48: [33m[nodemon] watching path(s): src/**/*.ts[39m
2025-04-04 00:52:48: [33m[nodemon] watching extensions: ts[39m
2025-04-04 00:52:48: [32m[nodemon] starting `ts-node src/index.ts`[39m
2025-04-04 00:52:52: [31m[nodemon] app crashed - waiting for file changes before starting...[39m
2025-04-04 00:52:53: 
2025-04-04 00:52:53: > service_provider@1.0.0 dev
2025-04-04 00:52:53: > cross-env NODE_ENV=development nodemon --watch 'src/**/*.ts' --exec 'ts-node' src/index.ts
2025-04-04 00:52:53: 
2025-04-04 00:52:53: [33m[nodemon] 3.1.9[39m
2025-04-04 00:52:53: [33m[nodemon] to restart at any time, enter `rs`[39m
2025-04-04 00:52:53: [33m[nodemon] watching path(s): src/**/*.ts[39m
2025-04-04 00:52:53: [33m[nodemon] watching extensions: ts[39m
2025-04-04 00:52:53: [32m[nodemon] starting `ts-node src/index.ts`[39m
2025-04-04 00:52:56: [31m[nodemon] app crashed - waiting for file changes before starting...[39m
2025-04-04 00:52:57: 
2025-04-04 00:52:57: > service_provider@1.0.0 dev
2025-04-04 00:52:57: > cross-env NODE_ENV=development nodemon --watch 'src/**/*.ts' --exec 'ts-node' src/index.ts
2025-04-04 00:52:57: 
2025-04-04 00:52:57: [33m[nodemon] 3.1.9[39m
2025-04-04 00:52:57: [33m[nodemon] to restart at any time, enter `rs`[39m
2025-04-04 00:52:57: [33m[nodemon] watching path(s): src/**/*.ts[39m
2025-04-04 00:52:57: [33m[nodemon] watching extensions: ts[39m
2025-04-04 00:52:57: [32m[nodemon] starting `ts-node src/index.ts`[39m
2025-04-04 00:53:01: [31m[nodemon] app crashed - waiting for file changes before starting...[39m
2025-04-04 00:53:01: 
2025-04-04 00:53:01: > service_provider@1.0.0 dev
2025-04-04 00:53:01: > cross-env NODE_ENV=development nodemon --watch 'src/**/*.ts' --exec 'ts-node' src/index.ts
2025-04-04 00:53:01: 
2025-04-04 00:53:01: [33m[nodemon] 3.1.9[39m
2025-04-04 00:53:01: [33m[nodemon] to restart at any time, enter `rs`[39m
2025-04-04 00:53:01: [33m[nodemon] watching path(s): src/**/*.ts[39m
2025-04-04 00:53:01: [33m[nodemon] watching extensions: ts[39m
2025-04-04 00:53:01: [32m[nodemon] starting `ts-node src/index.ts`[39m
2025-04-04 00:53:06: [31m[nodemon] app crashed - waiting for file changes before starting...[39m
2025-04-04 00:53:06: 
2025-04-04 00:53:06: > service_provider@1.0.0 dev
2025-04-04 00:53:06: > cross-env NODE_ENV=development nodemon --watch 'src/**/*.ts' --exec 'ts-node' src/index.ts
2025-04-04 00:53:06: 
2025-04-04 00:53:06: [33m[nodemon] 3.1.9[39m
2025-04-04 00:53:06: [33m[nodemon] to restart at any time, enter `rs`[39m
2025-04-04 00:53:06: [33m[nodemon] watching path(s): src/**/*.ts[39m
2025-04-04 00:53:06: [33m[nodemon] watching extensions: ts[39m
2025-04-04 00:53:06: [32m[nodemon] starting `ts-node src/index.ts`[39m
2025-04-04 00:53:10: [31m[nodemon] app crashed - waiting for file changes before starting...[39m
2025-04-04 00:53:10: 
2025-04-04 00:53:10: > service_provider@1.0.0 dev
2025-04-04 00:53:10: > cross-env NODE_ENV=development nodemon --watch 'src/**/*.ts' --exec 'ts-node' src/index.ts
2025-04-04 00:53:10: 
2025-04-04 00:53:11: [33m[nodemon] 3.1.9[39m
2025-04-04 00:53:11: [33m[nodemon] to restart at any time, enter `rs`[39m
2025-04-04 00:53:11: [33m[nodemon] watching path(s): src/**/*.ts[39m
2025-04-04 00:53:11: [33m[nodemon] watching extensions: ts[39m
2025-04-04 00:53:11: [32m[nodemon] starting `ts-node src/index.ts`[39m
2025-04-04 00:53:15: [31m[nodemon] app crashed - waiting for file changes before starting...[39m
2025-04-04 00:53:15: 
2025-04-04 00:53:15: > service_provider@1.0.0 dev
2025-04-04 00:53:15: > cross-env NODE_ENV=development nodemon --watch 'src/**/*.ts' --exec 'ts-node' src/index.ts
2025-04-04 00:53:15: 
2025-04-04 00:53:15: [33m[nodemon] 3.1.9[39m
2025-04-04 00:53:15: [33m[nodemon] to restart at any time, enter `rs`[39m
2025-04-04 00:53:15: [33m[nodemon] watching path(s): src/**/*.ts[39m
2025-04-04 00:53:15: [33m[nodemon] watching extensions: ts[39m
2025-04-04 00:53:15: [32m[nodemon] starting `ts-node src/index.ts`[39m
2025-04-04 00:53:19: [31m[nodemon] app crashed - waiting for file changes before starting...[39m
2025-04-04 00:53:20: 
2025-04-04 00:53:20: > service_provider@1.0.0 dev
2025-04-04 00:53:20: > cross-env NODE_ENV=development nodemon --watch 'src/**/*.ts' --exec 'ts-node' src/index.ts
2025-04-04 00:53:20: 
2025-04-04 00:53:20: [33m[nodemon] 3.1.9[39m
2025-04-04 00:53:20: [33m[nodemon] to restart at any time, enter `rs`[39m
2025-04-04 00:53:20: [33m[nodemon] watching path(s): src/**/*.ts[39m
2025-04-04 00:53:20: [33m[nodemon] watching extensions: ts[39m
2025-04-04 00:53:20: [32m[nodemon] starting `ts-node src/index.ts`[39m
2025-04-04 00:53:24: [31m[nodemon] app crashed - waiting for file changes before starting...[39m
2025-04-04 00:53:24: 
2025-04-04 00:53:24: > service_provider@1.0.0 dev
2025-04-04 00:53:24: > cross-env NODE_ENV=development nodemon --watch 'src/**/*.ts' --exec 'ts-node' src/index.ts
2025-04-04 00:53:24: 
2025-04-04 00:53:24: [33m[nodemon] 3.1.9[39m
2025-04-04 00:53:24: [33m[nodemon] to restart at any time, enter `rs`[39m
2025-04-04 00:53:24: [33m[nodemon] watching path(s): src/**/*.ts[39m
2025-04-04 00:53:24: [33m[nodemon] watching extensions: ts[39m
2025-04-04 00:53:24: [32m[nodemon] starting `ts-node src/index.ts`[39m
2025-04-04 00:53:33: 
2025-04-04 00:53:33: > service_provider@1.0.0 dev
2025-04-04 00:53:33: > cross-env NODE_ENV=development nodemon --watch 'src/**/*.ts' --exec 'ts-node' src/index.ts
2025-04-04 00:53:33: 
2025-04-04 00:53:33: [33m[nodemon] 3.1.9[39m
2025-04-04 00:53:33: [33m[nodemon] to restart at any time, enter `rs`[39m
2025-04-04 00:53:33: [33m[nodemon] watching path(s): src/**/*.ts[39m
2025-04-04 00:53:33: [33m[nodemon] watching extensions: ts[39m
2025-04-04 00:53:33: [32m[nodemon] starting `ts-node src/index.ts`[39m
2025-04-04 00:53:37: [31m[nodemon] app crashed - waiting for file changes before starting...[39m
2025-04-04 00:54:39: [32m[nodemon] restarting due to changes...[39m
2025-04-04 00:54:39: [32m[nodemon] starting `ts-node src/index.ts`[39m
2025-04-04 00:54:43: [31m[nodemon] app crashed - waiting for file changes before starting...[39m
2025-04-04 00:54:59: [32m[nodemon] restarting due to changes...[39m
2025-04-04 00:54:59: [32m[nodemon] starting `ts-node src/index.ts`[39m
2025-04-04 00:55:04: [31m[nodemon] app crashed - waiting for file changes before starting...[39m
2025-04-04 00:56:17: 
2025-04-04 00:56:17: > service_provider@1.0.0 dev
2025-04-04 00:56:17: > cross-env NODE_ENV=development nodemon --watch 'src/**/*.ts' --exec 'ts-node' src/index.ts
2025-04-04 00:56:17: 
2025-04-04 00:56:17: [33m[nodemon] 3.1.9[39m
2025-04-04 00:56:17: [33m[nodemon] to restart at any time, enter `rs`[39m
2025-04-04 00:56:17: [33m[nodemon] watching path(s): src/**/*.ts[39m
2025-04-04 00:56:17: [33m[nodemon] watching extensions: ts[39m
2025-04-04 00:56:17: [32m[nodemon] starting `ts-node src/index.ts`[39m
2025-04-04 00:56:21: [31m[nodemon] app crashed - waiting for file changes before starting...[39m
2025-04-04 00:57:09: [32m[nodemon] restarting due to changes...[39m
2025-04-04 00:57:09: [32m[nodemon] starting `ts-node src/index.ts`[39m
2025-04-04 00:57:14: [31m[nodemon] app crashed - waiting for file changes before starting...[39m
2025-04-04 00:57:48: [32m[nodemon] restarting due to changes...[39m
2025-04-04 00:57:48: [32m[nodemon] starting `ts-node src/index.ts`[39m
2025-04-04 00:57:52: [31m[nodemon] app crashed - waiting for file changes before starting...[39m
2025-04-04 00:57:55: [32m[nodemon] restarting due to changes...[39m
2025-04-04 00:57:55: [32m[nodemon] starting `ts-node src/index.ts`[39m
2025-04-04 00:57:59: [31m[nodemon] app crashed - waiting for file changes before starting...[39m
2025-04-04 00:58:06: [32m[nodemon] restarting due to changes...[39m
2025-04-04 00:58:06: [32m[nodemon] starting `ts-node src/index.ts`[39m
2025-04-04 00:58:10: [31m[nodemon] app crashed - waiting for file changes before starting...[39m
2025-04-04 00:58:24: [32m[nodemon] restarting due to changes...[39m
2025-04-04 00:58:24: [32m[nodemon] starting `ts-node src/index.ts`[39m
2025-04-04 00:58:25: [31m[nodemon] app crashed - waiting for file changes before starting...[39m
2025-04-04 00:58:47: [32m[nodemon] restarting due to changes...[39m
2025-04-04 00:58:47: [32m[nodemon] starting `ts-node src/index.ts`[39m
2025-04-04 00:58:51: [31m[nodemon] app crashed - waiting for file changes before starting...[39m
2025-04-04 00:58:58: [32m[nodemon] restarting due to changes...[39m
2025-04-04 00:58:58: [32m[nodemon] starting `ts-node src/index.ts`[39m
2025-04-04 00:59:02: [31m[nodemon] app crashed - waiting for file changes before starting...[39m
2025-04-04 00:59:12: [32m[nodemon] restarting due to changes...[39m
2025-04-04 00:59:12: [32m[nodemon] starting `ts-node src/index.ts`[39m
2025-04-04 00:59:16: [31m[nodemon] app crashed - waiting for file changes before starting...[39m
2025-04-04 00:59:56: [32m[nodemon] restarting due to changes...[39m
2025-04-04 00:59:56: [32m[nodemon] starting `ts-node src/index.ts`[39m
2025-04-04 01:00:00: [31m[nodemon] app crashed - waiting for file changes before starting...[39m
2025-04-04 01:00:16: [32m[nodemon] restarting due to changes...[39m
2025-04-04 01:00:16: [32m[nodemon] starting `ts-node src/index.ts`[39m
2025-04-04 01:00:20: [31m[nodemon] app crashed - waiting for file changes before starting...[39m
2025-04-04 01:00:50: [32m[nodemon] restarting due to changes...[39m
2025-04-04 01:00:50: [32m[nodemon] starting `ts-node src/index.ts`[39m
2025-04-04 01:00:54: [31m[nodemon] app crashed - waiting for file changes before starting...[39m
2025-04-04 01:01:19: [32m[nodemon] restarting due to changes...[39m
2025-04-04 01:01:19: [32m[nodemon] starting `ts-node src/index.ts`[39m
2025-04-04 01:01:23: [31m[nodemon] app crashed - waiting for file changes before starting...[39m
2025-04-04 01:02:13: [32m[nodemon] restarting due to changes...[39m
2025-04-04 01:02:13: [32m[nodemon] starting `ts-node src/index.ts`[39m
2025-04-04 01:02:17: [31m[nodemon] app crashed - waiting for file changes before starting...[39m
2025-04-04 01:02:26: [32m[nodemon] restarting due to changes...[39m
2025-04-04 01:02:26: [32m[nodemon] starting `ts-node src/index.ts`[39m
2025-04-04 01:02:30: [32m[nodemon] restarting due to changes...[39m
2025-04-04 01:02:30: [32m[nodemon] starting `ts-node src/index.ts`[39m
2025-04-04 01:02:34: [31m[nodemon] app crashed - waiting for file changes before starting...[39m
2025-04-04 01:03:31: [32m[nodemon] restarting due to changes...[39m
2025-04-04 01:03:31: [32m[nodemon] starting `ts-node src/index.ts`[39m
2025-04-04 01:03:35: [31m[nodemon] app crashed - waiting for file changes before starting...[39m
2025-04-04 01:04:05: [32m[nodemon] restarting due to changes...[39m
2025-04-04 01:04:05: [32m[nodemon] starting `ts-node src/index.ts`[39m
2025-04-04 01:04:09: [31m[nodemon] app crashed - waiting for file changes before starting...[39m
2025-04-04 01:04:11: [32m[nodemon] restarting due to changes...[39m
2025-04-04 01:04:11: [32m[nodemon] starting `ts-node src/index.ts`[39m
2025-04-04 01:04:15: [31m[nodemon] app crashed - waiting for file changes before starting...[39m
2025-04-04 01:05:03: [32m[nodemon] restarting due to changes...[39m
2025-04-04 01:05:03: [32m[nodemon] starting `ts-node src/index.ts`[39m
2025-04-04 01:05:07: [31m[nodemon] app crashed - waiting for file changes before starting...[39m
2025-04-04 01:24:06: 
2025-04-04 01:24:06: > service_provider@1.0.0 dev
2025-04-04 01:24:06: > cross-env NODE_ENV=development nodemon --watch 'src/**/*.ts' --exec 'ts-node' src/index.ts
2025-04-04 01:24:06: 
2025-04-04 01:24:06: [33m[nodemon] 3.1.9[39m
2025-04-04 01:24:06: [33m[nodemon] to restart at any time, enter `rs`[39m
2025-04-04 01:24:06: [33m[nodemon] watching path(s): src/**/*.ts[39m
2025-04-04 01:24:06: [33m[nodemon] watching extensions: ts[39m
2025-04-04 01:24:06: [32m[nodemon] starting `ts-node src/index.ts`[39m
2025-04-04 01:24:07: Certificate lengths: { config: 1044, meta: 1044 }
2025-04-04 01:24:07: ✅ Certificates match perfectly
2025-04-04 01:24:07: Full IDP Certificate Length: 1115
2025-04-04 01:24:07: Full SP Certificate Length: 1115
2025-04-04 01:24:07: SP Private Key Length: 1700
2025-04-04 01:24:07: Service Provider is up and running on 8001
2025-04-04 01:25:09: [32m[nodemon] restarting due to changes...[39m
2025-04-04 01:25:09: [32m[nodemon] starting `ts-node src/index.ts`[39m
2025-04-04 01:25:10: Certificate lengths: { config: 1044, meta: 1044 }
2025-04-04 01:25:10: ✅ Certificates match perfectly
2025-04-04 01:25:10: Full IDP Certificate Length: 1115
2025-04-04 01:25:10: Full SP Certificate Length: 1115
2025-04-04 01:25:10: SP Private Key Length: 1700
2025-04-04 01:25:10: Service Provider is up and running on 8001
2025-04-04 01:25:53: [32m[nodemon] restarting due to changes...[39m
2025-04-04 01:25:53: [32m[nodemon] starting `ts-node src/index.ts`[39m
2025-04-04 01:25:54: Certificate lengths: { config: 1044, meta: 1044 }
2025-04-04 01:25:54: ✅ Certificates match perfectly
2025-04-04 01:25:54: Full IDP Certificate Length: 1115
2025-04-04 01:25:54: Full SP Certificate Length: 1115
2025-04-04 01:25:54: SP Private Key Length: 1700
2025-04-04 01:25:54: Service Provider is up and running on 8001
2025-04-04 01:26:02: [32m[nodemon] restarting due to changes...[39m
2025-04-04 01:26:02: [32m[nodemon] starting `ts-node src/index.ts`[39m
2025-04-04 01:26:03: Certificate lengths: { config: 1044, meta: 1044 }
2025-04-04 01:26:03: ✅ Certificates match perfectly
2025-04-04 01:26:03: Full IDP Certificate Length: 1115
2025-04-04 01:26:03: Full SP Certificate Length: 1115
2025-04-04 01:26:03: SP Private Key Length: 1700
2025-04-04 01:26:03: Service Provider is up and running on 8001
2025-04-04 01:26:21: [32m[nodemon] restarting due to changes...[39m
2025-04-04 01:26:21: [32m[nodemon] starting `ts-node src/index.ts`[39m
2025-04-04 01:26:23: Certificate lengths: { config: 1044, meta: 1044 }
2025-04-04 01:26:23: ✅ Certificates match perfectly
2025-04-04 01:26:23: Full IDP Certificate Length: 1115
2025-04-04 01:26:23: Full SP Certificate Length: 1115
2025-04-04 01:26:23: SP Private Key Length: 1700
2025-04-04 01:26:23: Service Provider is up and running on 8001
2025-04-04 01:27:19: [32m[nodemon] restarting due to changes...[39m
2025-04-04 01:27:19: [32m[nodemon] starting `ts-node src/index.ts`[39m
2025-04-04 01:27:20: Certificate lengths: { config: 1044, meta: 1044 }
2025-04-04 01:27:20: ✅ Certificates match perfectly
2025-04-04 01:27:20: Full IDP Certificate Length: 1115
2025-04-04 01:27:20: Full SP Certificate Length: 1115
2025-04-04 01:27:20: SP Private Key Length: 1700
2025-04-04 01:27:20: Service Provider is up and running on 8001
2025-04-04 01:27:27: [32m[nodemon] restarting due to changes...[39m
2025-04-04 01:27:27: [32m[nodemon] starting `ts-node src/index.ts`[39m
2025-04-04 01:27:28: Certificate lengths: { config: 1044, meta: 1044 }
2025-04-04 01:27:28: ✅ Certificates match perfectly
2025-04-04 01:27:28: Full IDP Certificate Length: 1115
2025-04-04 01:27:28: Full SP Certificate Length: 1115
2025-04-04 01:27:28: SP Private Key Length: 1700
2025-04-04 01:27:28: Service Provider is up and running on 8001
2025-04-04 01:28:45: [32m[nodemon] restarting due to changes...[39m
2025-04-04 01:28:45: [32m[nodemon] starting `ts-node src/index.ts`[39m
2025-04-04 01:28:46: Certificate lengths: { config: 1044, meta: 1044 }
2025-04-04 01:28:46: ✅ Certificates match perfectly
2025-04-04 01:28:46: Full IDP Certificate Length: 1115
2025-04-04 01:28:46: Full SP Certificate Length: 1115
2025-04-04 01:28:46: SP Private Key Length: 1700
2025-04-04 01:28:46: Service Provider is up and running on 8001
2025-04-04 02:15:31: 
2025-04-04 02:15:31: > service_provider@1.0.0 dev
2025-04-04 02:15:31: > cross-env NODE_ENV=development nodemon --watch 'src/**/*.ts' --exec 'ts-node' src/index.ts
2025-04-04 02:15:31: 
2025-04-04 02:15:31: [33m[nodemon] 3.1.9[39m
2025-04-04 02:15:31: [33m[nodemon] to restart at any time, enter `rs`[39m
2025-04-04 02:15:31: [33m[nodemon] watching path(s): src/**/*.ts[39m
2025-04-04 02:15:31: [33m[nodemon] watching extensions: ts[39m
2025-04-04 02:15:31: [32m[nodemon] starting `ts-node src/index.ts`[39m
2025-04-04 02:15:32: Certificate lengths: { config: 1044, meta: 1044 }
2025-04-04 02:15:32: ✅ Certificates match perfectly
2025-04-04 02:15:32: Full IDP Certificate Length: 1115
2025-04-04 02:15:32: Full SP Certificate Length: 1115
2025-04-04 02:15:32: SP Private Key Length: 1700
2025-04-04 02:15:35: [31m[nodemon] app crashed - waiting for file changes before starting...[39m
2025-04-05 07:48:02: [32m[nodemon] restarting due to changes...[39m
2025-04-05 07:48:02: [32m[nodemon] starting `ts-node src/index.ts`[39m
2025-04-05 07:48:04: Certificate lengths: { config: 1044, meta: 1044 }
2025-04-05 07:48:04: ✅ Certificates match perfectly
2025-04-05 07:48:04: Full IDP Certificate Length: 1115
2025-04-05 07:48:04: Full SP Certificate Length: 1115
2025-04-05 07:48:04: SP Private Key Length: 1700
2025-04-05 07:48:04: Service Provider is up and running on 8001
2025-04-05 07:48:19: [32m[nodemon] restarting due to changes...[39m
2025-04-05 07:48:19: [32m[nodemon] starting `ts-node src/index.ts`[39m
2025-04-05 07:48:20: Certificate lengths: { config: 1044, meta: 1044 }
2025-04-05 07:48:20: ✅ Certificates match perfectly
2025-04-05 07:48:20: Full IDP Certificate Length: 1115
2025-04-05 07:48:20: Full SP Certificate Length: 1115
2025-04-05 07:48:20: SP Private Key Length: 1700
2025-04-05 07:48:24: [31m[nodemon] app crashed - waiting for file changes before starting...[39m
2025-04-05 07:48:51: [32m[nodemon] restarting due to changes...[39m
2025-04-05 07:48:51: [32m[nodemon] starting `ts-node src/index.ts`[39m
2025-04-05 07:48:52: Certificate lengths: { config: 1044, meta: 1044 }
2025-04-05 07:48:52: ✅ Certificates match perfectly
2025-04-05 07:48:52: Full IDP Certificate Length: 1115
2025-04-05 07:48:52: Full SP Certificate Length: 1115
2025-04-05 07:48:52: SP Private Key Length: 1700
2025-04-05 07:48:56: [31m[nodemon] app crashed - waiting for file changes before starting...[39m
2025-04-05 07:51:28: [32m[nodemon] restarting due to changes...[39m
2025-04-05 07:51:28: [32m[nodemon] starting `ts-node src/index.ts`[39m
2025-04-05 07:51:29: Certificate lengths: { config: 1044, meta: 1044 }
2025-04-05 07:51:29: ✅ Certificates match perfectly
2025-04-05 07:51:29: Full IDP Certificate Length: 1115
2025-04-05 07:51:29: Full SP Certificate Length: 1115
2025-04-05 07:51:29: SP Private Key Length: 1700
2025-04-05 07:51:29: Service Provider is up and running on 8001
